text,target,preds,concept,sm_pos,sm_neg
Love Al Di La,"[{'aspect': 'Al Di La', 'opinion': 'Love', 'sentiment': 'positive'}]",[],[],[],[]
I recommend this place to everyone .,"[{'aspect': 'place', 'opinion': 'recommend', 'sentiment': 'positive'}]",[],['place'],[],[]
Great food .,"[{'aspect': 'food', 'opinion': 'Great', 'sentiment': 'positive'}]",[],[],[],[]
"The pastas are incredible , the risottos ( particularly the sepia ) are fantastic and the braised rabbit is amazing .","[{'aspect': 'pastas', 'opinion': 'incredible', 'sentiment': 'positive'}, {'aspect': 'risottos', 'opinion': 'fantastic', 'sentiment': 'positive'}, {'aspect': 'sepia', 'opinion': 'fantastic', 'sentiment': 'positive'}, {'aspect': 'braised rabbit', 'opinion': 'amazing', 'sentiment': 'positive'}]",[],"['pastas', 'ris']",['inc'],[]
The food here was mediocre at best .,"[{'aspect': 'food', 'opinion': 'mediocre', 'sentiment': 'negative'}]",[],['food'],['medi'],[]
It was totally overpriced - fish and chips was about $ 15 ... .,"[{'aspect': 'fish and chips', 'opinion': 'overpriced', 'sentiment': 'negative'}]","[{'aspect': 'fish', 'opinion': 'overpriced', 'sentiment': 'negative'}]",['fish'],[],['overprice']
Tasty Dog !,"[{'aspect': 'Dog', 'opinion': 'Tasty', 'sentiment': 'positive'}]",[],[],[],[]
"An awesome organic dog , and a conscious eco friendly establishment .","[{'aspect': 'dog', 'opinion': 'organic', 'sentiment': 'positive'}, {'aspect': 'establishment', 'opinion': 'eco friendly', 'sentiment': 'positive'}]",[],[],[],[]
But the best pork souvlaki I ever had is the main thing .,"[{'aspect': 'pork souvlaki', 'opinion': 'best', 'sentiment': 'positive'}]","[{'aspect': 'pork souvlaki', 'opinion': 'best', 'sentiment': 'positive'}]",['pork souvlaki'],['best'],[]
Super YUMMY Pizza !,"[{'aspect': 'Pizza', 'opinion': 'YUMMY', 'sentiment': 'positive'}]",[],['yu'],[],[]
I was visiting New York City with a friend and we discovered this really warm and inviting restaurant .,"[{'aspect': 'restaurant', 'opinion': 'inviting', 'sentiment': 'positive'}]",[],[],[],[]
"I LOOOVE their eggplant pizza , as well as their pastas !","[{'aspect': 'eggplant pizza', 'opinion': 'LOOOVE', 'sentiment': 'positive'}, {'aspect': 'pastas', 'opinion': 'LOOOVE', 'sentiment': 'positive'}]",[],"['eggplant pizza', 'pasta']",[],[]
"We had half/half pizza , mine was eggplant and my friend had the buffalo and it was sooo huge for a small size pizza !","[{'aspect': 'half/half pizza', 'opinion': 'huge', 'sentiment': 'positive'}]",[],['pizza'],[],['eg']
"Excellent food , although the interior could use some help .","[{'aspect': 'food', 'opinion': 'Excellent', 'sentiment': 'positive'}, {'aspect': 'interior', 'opinion': 'help', 'sentiment': 'negative'}]",[],['food'],[],[]
"I paid just about $ 60 for a good meal , though : )","[{'aspect': 'meal', 'opinion': 'good', 'sentiment': 'positive'}]",[],"['pai', 'me']",[],[]
Great sake !,"[{'aspect': 'sake', 'opinion': 'Great', 'sentiment': 'positive'}]",[],['sak'],[],[]
"Reliable , Fresh Sushi","[{'aspect': 'Sushi', 'opinion': 'Reliable', 'sentiment': 'positive'}, {'aspect': 'Sushi', 'opinion': 'Fresh', 'sentiment': 'positive'}]",[],"['##able , fresh sushi']",[],[]
The sashimi is always fresh and the rolls are innovative and delicious .,"[{'aspect': 'sashimi', 'opinion': 'fresh', 'sentiment': 'positive'}, {'aspect': 'rolls', 'opinion': 'innovative', 'sentiment': 'positive'}, {'aspect': 'rolls', 'opinion': 'delicious', 'sentiment': 'positive'}]",[],"['sas', '##himi', 'rolls']","['fresh', 'inn', '##ova', 'delicio']",[]
Have never had a problem with service save a missing rice once .,"[{'aspect': 'service', 'opinion': 'problem', 'sentiment': 'positive'}]",[],"['service', 'rice']",[],[]
Delivery can be spot on or lacking depending on the weather and the day of the week .,"[{'aspect': 'Delivery', 'opinion': 'lacking', 'sentiment': 'negative'}]",[],['##very'],[],[]
Delivery guy sometimes get upset if you do n't tip more than 10 % .,"[{'aspect': 'Delivery guy', 'opinion': 'upset', 'sentiment': 'negative'}]","[{'aspect': 'guy', 'opinion': 'get', 'sentiment': 'negative'}]",['guy'],[],['##ver']
Best . Sushi . Ever .,"[{'aspect': 'Sushi', 'opinion': 'Best', 'sentiment': 'positive'}]",[],['sus'],[],[]
This place has ruined me for neighborhood sushi .,"[{'aspect': 'sushi', 'opinion': 'ruined', 'sentiment': 'positive'}]","[{'aspect': 'place', 'opinion': 'This', 'sentiment': 'negative'}]",['place'],[],['rui']
"Excellent sashimi , and the millennium roll is beyond delicious .","[{'aspect': 'sashimi', 'opinion': 'Excellent', 'sentiment': 'positive'}, {'aspect': 'millennium roll', 'opinion': 'delicious', 'sentiment': 'positive'}]",[],['sas'],[],[]
"The place is a bit hidden away , but once you get there , it 's all worth it .","[{'aspect': 'place', 'opinion': 'hidden away', 'sentiment': 'positive'}, {'aspect': 'place', 'opinion': 'worth', 'sentiment': 'positive'}]",[],['place'],[],[]
"The waiter was attentive , the food was delicious and the views of the city were great .","[{'aspect': 'waiter', 'opinion': 'attentive', 'sentiment': 'positive'}, {'aspect': 'food', 'opinion': 'delicious', 'sentiment': 'positive'}, {'aspect': 'views of the city', 'opinion': 'great', 'sentiment': 'positive'}]",[],"['waiter', 'food', 'views']","['attentive', 'delicio']",[]
Great place to relax and enjoy your dinner,"[{'aspect': 'place', 'opinion': 'Great', 'sentiment': 'positive'}]","[{'aspect': 'place', 'opinion': 'enjoy', 'sentiment': 'positive'}]",['place'],['enjoy'],[]
Good food : my favorite is the seafood spaghetti .,"[{'aspect': 'food', 'opinion': 'Good', 'sentiment': 'positive'}, {'aspect': 'seafood spaghetti', 'opinion': 'favorite', 'sentiment': 'positive'}]",[],"['food', 'seafood spaghetti']",['favorit'],[]
Excellent food for great prices,"[{'aspect': 'food', 'opinion': 'Excellent', 'sentiment': 'positive'}]",[],['food'],[],[]
The wait staff is very courteous and accomodating .,"[{'aspect': 'wait staff', 'opinion': 'courteous', 'sentiment': 'positive'}, {'aspect': 'wait staff', 'opinion': 'accomodating', 'sentiment': 'positive'}]","[{'aspect': 'wait staff', 'opinion': 'courteous', 'sentiment': 'positive'}, {'aspect': 'wait staff', 'opinion': 'and', 'sentiment': 'positive'}]",['wait staff'],"['courteo', 'acco']",[]
"The space is limited so be prepared to wait up to 45 minutes - 1 hour , but be richly rewarded when you savor the delicious indo-chinese food .","[{'aspect': 'space', 'opinion': 'limited', 'sentiment': 'negative'}, {'aspect': 'indo-chinese food', 'opinion': 'delicious', 'sentiment': 'positive'}]","[{'aspect': 'space', 'opinion': 'limited', 'sentiment': 'negative'}]",['space'],[],['limited']
my favorite place lol,"[{'aspect': 'place', 'opinion': 'favorite', 'sentiment': 'positive'}]","[{'aspect': 'place', 'opinion': 'favorite', 'sentiment': 'positive'}]",['place'],['favorit'],[]
i love their chicken pasta cant remember the name but is sooo good,"[{'aspect': 'chicken pasta', 'opinion': 'love', 'sentiment': 'positive'}]","[{'aspect': 'chicken pasta', 'opinion': 'love', 'sentiment': 'positive'}, {'aspect': 'chicken pasta', 'opinion': 'good', 'sentiment': 'positive'}]",['chicken pasta'],"['love', 'good']",[]
"im not necessarily fanatical about this place , but it was a fun time for low pirces .","[{'aspect': 'place', 'opinion': 'fanatical', 'sentiment': 'positive'}]","[{'aspect': 'place', 'opinion': 'fun', 'sentiment': 'positive'}]",['place'],['fun'],['fana']
"lobster was good , nothing spectacular .","[{'aspect': 'lobster', 'opinion': 'good', 'sentiment': 'neutral'}, {'aspect': 'lobster', 'opinion': 'nothing spectacular', 'sentiment': 'neutral'}]","[{'aspect': 'lobster', 'opinion': 'good', 'sentiment': 'positive'}]",['##ster'],['good'],[]
"its just a fun place to go , not a five star restaraunt .","[{'aspect': 'restaraunt', 'opinion': 'five star', 'sentiment': 'neutral'}]","[{'aspect': 'star', 'opinion': 'fun', 'sentiment': 'positive'}]","['place', 'star']",['fun'],[]
I think the pizza is so overrated and was under cooked .,"[{'aspect': 'pizza', 'opinion': 'overrated', 'sentiment': 'negative'}, {'aspect': 'pizza', 'opinion': 'under cooked', 'sentiment': 'negative'}]",[],['pizza'],[],"['over', 'cook']"
Had no flavor and the staff is rude and not attentive .,"[{'aspect': 'staff', 'opinion': 'rude', 'sentiment': 'negative'}, {'aspect': 'staff', 'opinion': 'not attentive', 'sentiment': 'negative'}]",[],['staff'],[],"['rud', 'not attenti']"
I love this place,"[{'aspect': 'place', 'opinion': 'love', 'sentiment': 'positive'}]",[],[],[],[]
The service was quick and friendly .,"[{'aspect': 'service', 'opinion': 'quick', 'sentiment': 'positive'}, {'aspect': 'service', 'opinion': 'friendly', 'sentiment': 'positive'}]",[],['service'],"['quick', 'friendly']",[]
I thought the restaurant was nice and clean .,"[{'aspect': 'restaurant', 'opinion': 'nice', 'sentiment': 'positive'}, {'aspect': 'restaurant', 'opinion': 'clean', 'sentiment': 'positive'}]","[{'aspect': 'restaurant', 'opinion': 'nice', 'sentiment': 'positive'}, {'aspect': 'restaurant', 'opinion': 'clean', 'sentiment': 'positive'}]",['restaurant'],"['nice', 'clean']",[]
I ordered the vitello alla marsala and I was pretty impressed .,"[{'aspect': 'vitello alla marsala', 'opinion': 'impressed', 'sentiment': 'positive'}]","[{'aspect': 'vitello alla marsala', 'opinion': 'impressed', 'sentiment': 'positive'}]",['vitello alla marsala'],['impress'],[]
The veal and the mushrooms were cooked perfectly .,"[{'aspect': 'veal', 'opinion': 'perfectly', 'sentiment': 'positive'}, {'aspect': 'mushrooms', 'opinion': 'perfectly', 'sentiment': 'positive'}]","[{'aspect': 'mushrooms', 'opinion': 'perfectly', 'sentiment': 'positive'}]",['mushrooms'],['perfect'],[]
The potato balls were not dry at all ... in fact it was buttery .,"[{'aspect': 'potato balls', 'opinion': 'not dry', 'sentiment': 'positive'}, {'aspect': 'potato balls', 'opinion': 'buttery', 'sentiment': 'positive'}]","[{'aspect': 'potato balls', 'opinion': 'not', 'sentiment': 'negative'}, {'aspect': 'potato balls', 'opinion': 'dry', 'sentiment': 'negative'}]",['potato balls'],[],"['not', 'dr']"
WORST PLACE ON SMITH STREET IN BROOKLYN,"[{'aspect': 'PLACE', 'opinion': 'WORST', 'sentiment': 'negative'}]",[],['place'],[],[]
"Very immature bartender , didnt know how to make specific drinks , service was so slowwwww , the food was not fresh or warm , waitresses were busy flirting with men at the bar and werent very attentive to all the customers .","[{'aspect': 'bartender', 'opinion': 'immature', 'sentiment': 'negative'}, {'aspect': 'service', 'opinion': 'slowwwww', 'sentiment': 'negative'}, {'aspect': 'food', 'opinion': 'not fresh or warm', 'sentiment': 'negative'}, {'aspect': 'waitresses', 'opinion': 'werent very attentive', 'sentiment': 'negative'}]",[],['bartender'],[],[]
I would never recommend this place to anybody even for a casual dinner .,"[{'aspect': 'place', 'opinion': 'never recommend', 'sentiment': 'negative'}]","[{'aspect': 'place', 'opinion': 'I', 'sentiment': 'positive'}]",['place'],['rec'],[]
the food is always fresh ...,"[{'aspect': 'food', 'opinion': 'fresh', 'sentiment': 'positive'}]","[{'aspect': 'food', 'opinion': 'fresh', 'sentiment': 'positive'}]",['food'],['fresh'],[]
overpriced japanese food with mediocre service,"[{'aspect': 'japanese food', 'opinion': 'overpriced', 'sentiment': 'negative'}, {'aspect': 'service', 'opinion': 'mediocre', 'sentiment': 'neutral'}]",[],['japanese food'],[],[]
food was luke warm .,"[{'aspect': 'food', 'opinion': 'luke warm', 'sentiment': 'negative'}]",[],[],[],[]
The waitress was not attentive at all .,"[{'aspect': 'waitress', 'opinion': 'not attentive', 'sentiment': 'negative'}]","[{'aspect': 'waitress', 'opinion': 'not attentive', 'sentiment': 'negative'}]",['waitress'],[],['not attenti']
"The food was excellent as well as service , however , I left The Four Seasons very dissappointed .","[{'aspect': 'food', 'opinion': 'excellent', 'sentiment': 'positive'}, {'aspect': 'service', 'opinion': 'excellent', 'sentiment': 'positive'}, {'aspect': 'The Four Seasons', 'opinion': 'dissappointed', 'sentiment': 'negative'}]","[{'aspect': 'food', 'opinion': 'excellent', 'sentiment': 'positive'}, {'aspect': 'service', 'opinion': 'excellent', 'sentiment': 'positive'}]","['food', 'service']",['excell'],[]
"Red Dragon Roll - my favorite thing to eat , of any food group - hands down","[{'aspect': 'Red Dragon Roll', 'opinion': 'favorite', 'sentiment': 'positive'}]","[{'aspect': 'Dragon Roll', 'opinion': 'favorite', 'sentiment': 'positive'}]","['dragon roll', 'food']",['favorit'],[]
The Seafood Dynamite is also otherworldly .,"[{'aspect': 'Seafood Dynamite', 'opinion': 'otherworldly', 'sentiment': 'positive'}]",[],['seafood dynamite'],[],[]
Favorite Sushi in NYC,"[{'aspect': 'Sushi', 'opinion': 'Favorite', 'sentiment': 'positive'}]",[],['sushi'],[],[]
"An unpretentious spot in Park Slope , the sushi is consistently good , the service is pleasant , effective and unassuming .","[{'aspect': 'spot', 'opinion': 'unpretentious', 'sentiment': 'positive'}, {'aspect': 'sushi', 'opinion': 'good', 'sentiment': 'positive'}, {'aspect': 'service', 'opinion': 'pleasant', 'sentiment': 'positive'}, {'aspect': 'service', 'opinion': 'effective', 'sentiment': 'positive'}, {'aspect': 'service', 'opinion': 'unassuming', 'sentiment': 'positive'}]",[],"['spot', 'sushi']",['unpretentious'],[]
"In the summer months , the back garden area is really nice .","[{'aspect': 'back garden area', 'opinion': 'nice', 'sentiment': 'positive'}]","[{'aspect': 'back garden area', 'opinion': 'nice', 'sentiment': 'positive'}]",['back garden area'],['nice'],[]
The rolls are creative and I have yet to find another sushi place that serves up more inventive yet delicious japanese food .,"[{'aspect': 'rolls', 'opinion': 'creative', 'sentiment': 'positive'}, {'aspect': 'japanese food', 'opinion': 'inventive', 'sentiment': 'positive'}, {'aspect': 'japanese food', 'opinion': 'delicious', 'sentiment': 'positive'}]","[{'aspect': 'rolls', 'opinion': 'creative', 'sentiment': 'positive'}]",['rolls'],['creative'],[]
"The Dancing , White River and Millenium rolls are musts .","[{'aspect': 'Dancing , White River and Millenium rolls', 'opinion': 'musts', 'sentiment': 'positive'}]",[],"['dancing', 'white river', 'millenium rolls']",[],['must']
I CAN EAT HERE EVERY DAY OF THE WEEK REALLY LOL LOVE THIS PLACE ... ),"[{'aspect': 'PLACE', 'opinion': 'LOVE', 'sentiment': 'positive'}]","[{'aspect': 'I', 'opinion': 'I', 'sentiment': 'positive'}]",['place'],['love'],[]
Gross food – Wow-,"[{'aspect': 'food', 'opinion': 'Gross', 'sentiment': 'negative'}]",[],['food'],[],[]
And $ 11 for a plate of bland guacamole ?,"[{'aspect': 'guacamole', 'opinion': 'bland', 'sentiment': 'negative'}]",[],[],[],[]
"Oh , and I never write reviews -- I just was so moved by how bad this place was , I felt it was my duty to spread the word .","[{'aspect': 'place', 'opinion': 'bad', 'sentiment': 'negative'}]",[],[],[],[]
Great Indian Food !,"[{'aspect': 'Indian Food', 'opinion': 'Great', 'sentiment': 'positive'}]",[],[],[],[]
"The food was good , the place was clean and affordable .","[{'aspect': 'food', 'opinion': 'good', 'sentiment': 'positive'}, {'aspect': 'place', 'opinion': 'clean', 'sentiment': 'positive'}, {'aspect': 'place', 'opinion': 'affordable', 'sentiment': 'positive'}]",[],"['food', 'place']","['good', 'clean', 'afford']",[]
I noticed alot of indian people eatting there which is a great sign for an indian place !,"[{'aspect': 'indian place', 'opinion': 'great', 'sentiment': 'positive'}]",[],[],['great'],[]
"This is one of my favorite spot , very relaxing the food is great all the times , celebrated my engagement and my wedding here , it was very well organized .","[{'aspect': 'food', 'opinion': 'great', 'sentiment': 'positive'}]","[{'aspect': 'spot', 'opinion': 'favorite', 'sentiment': 'positive'}, {'aspect': 'spot', 'opinion': 'relaxing', 'sentiment': 'positive'}, {'aspect': 'spot', 'opinion': 'great', 'sentiment': 'positive'}, {'aspect': 'food', 'opinion': 'relaxing', 'sentiment': 'positive'}, {'aspect': 'food', 'opinion': 'great', 'sentiment': 'positive'}]","['spot', 'food']","['favorit', 'relaxi', 'great']",[]
The staff is very good .,"[{'aspect': 'staff', 'opinion': 'good', 'sentiment': 'positive'}]","[{'aspect': 'staff', 'opinion': 'good', 'sentiment': 'positive'}]",['staff'],['good'],[]
Love their drink menu .,"[{'aspect': 'drink menu', 'opinion': 'Love', 'sentiment': 'positive'}]",[],['drink menu'],[],[]
I highly recommend this beautiful place .,"[{'aspect': 'place', 'opinion': 'recommend', 'sentiment': 'positive'}, {'aspect': 'place', 'opinion': 'beautiful', 'sentiment': 'positive'}]","[{'aspect': 'place', 'opinion': 'beautiful', 'sentiment': 'positive'}]",['place'],['beautiful'],[]
Nice view of river and NYC .,"[{'aspect': 'view of river and NYC', 'opinion': 'Nice', 'sentiment': 'positive'}]",[],[],[],[]
Great survice,"[{'aspect': 'survice', 'opinion': 'Great', 'sentiment': 'positive'}]",[],[],[],[]
A beautifully designed dreamy Egyptian restaurant that gets sceney at night .,"[{'aspect': 'Egyptian restaurant', 'opinion': 'dreamy', 'sentiment': 'positive'}]",[],['eg'],[],[]
Watch the talented belly dancers as you enjoy delicious baba ganoush that 's more lemony than smoky .,"[{'aspect': 'baba ganoush', 'opinion': 'enjoy delicious', 'sentiment': 'positive'}, {'aspect': 'belly dancers', 'opinion': 'talented', 'sentiment': 'positive'}]",[],[],[],[]
Raymond the bartender rocks !,"[{'aspect': 'Raymond', 'opinion': 'rocks', 'sentiment': 'positive'}]",[],['bartender rock'],[],[]
Pacifico is a great place to casually hang out .,"[{'aspect': 'Pacifico', 'opinion': 'great', 'sentiment': 'positive'}]","[{'aspect': 'to', 'opinion': 'great', 'sentiment': 'positive'}]",['##o'],['great'],[]
"The drinks are great , especially when made by Raymond .","[{'aspect': 'drinks', 'opinion': 'great', 'sentiment': 'positive'}, {'aspect': 'Raymond', 'opinion': 'great', 'sentiment': 'positive'}]","[{'aspect': 'drinks', 'opinion': 'great', 'sentiment': 'positive'}]",['drinks'],['great'],[]
The omlette for brunch is great ...,"[{'aspect': 'omlette for brunch', 'opinion': 'great', 'sentiment': 'positive'}]","[{'aspect': 'for', 'opinion': 'great', 'sentiment': 'positive'}]",['om'],['great'],[]
"the spinach is fresh , definately not frozen ...","[{'aspect': 'spinach', 'opinion': 'fresh', 'sentiment': 'positive'}]","[{'aspect': 'spinach', 'opinion': 'fresh', 'sentiment': 'positive'}]",['spinach'],['fresh'],[]
"quacamole at pacifico is yummy , as are the wings with chimmichuri .","[{'aspect': 'quacamole', 'opinion': 'yummy', 'sentiment': 'positive'}, {'aspect': 'wings with chimmichuri', 'opinion': 'yummy', 'sentiment': 'positive'}]",[],"['##acam', '##ole']",['yumm'],[]
A weakness is the chicken in the salads .,"[{'aspect': 'chicken in the salads', 'opinion': 'weakness', 'sentiment': 'negative'}]",[],['wea'],[],[]
"Also , I personally was n't a fan of the portobello and asparagus mole .","[{'aspect': 'portobello and asparagus mole', 'opinion': 'fan', 'sentiment': 'negative'}]",[],['porto'],[],[]
"Overall , decent food at a good price , with friendly people .","[{'aspect': 'food', 'opinion': 'decent', 'sentiment': 'positive'}, {'aspect': 'people', 'opinion': 'friendly', 'sentiment': 'positive'}]","[{'aspect': 'food', 'opinion': ',', 'sentiment': 'positive'}, {'aspect': 'food', 'opinion': 'friendly', 'sentiment': 'positive'}]",['food'],"['dec', 'friendly']",[]
Best Indian Restaurant in the City,"[{'aspect': 'Indian Restaurant', 'opinion': 'Best', 'sentiment': 'positive'}]",[],['restaurant'],[],[]
Decor needs to be upgraded but the food is amazing !,"[{'aspect': 'Decor', 'opinion': 'upgraded', 'sentiment': 'negative'}, {'aspect': 'food', 'opinion': 'amazing', 'sentiment': 'positive'}]",[],"['##r', 'food']",['amaz'],[]
This small Astoria souvlaki spot makes what many consider the best gyros in New York .,"[{'aspect': 'gyros', 'opinion': 'best', 'sentiment': 'positive'}]","[{'aspect': 'Astoria souvlaki spot', 'opinion': 'small', 'sentiment': 'positive'}, {'aspect': 'Astoria souvlaki spot', 'opinion': 'best', 'sentiment': 'positive'}, {'aspect': 'in', 'opinion': 'small', 'sentiment': 'positive'}, {'aspect': 'in', 'opinion': 'best', 'sentiment': 'positive'}]","['astoria souvlaki spot', 'gy']","['small', 'best']",[]
"What really makes it shine is the food , which is aggressively seasoned with Cyrpriot spices , and all made in-house ( even the gyro meat and sausages ) , and made of much higher quality ingredients that might otherwise be expected .","[{'aspect': 'food', 'opinion': 'shine', 'sentiment': 'positive'}, {'aspect': 'gyro meat', 'opinion': 'in-house', 'sentiment': 'positive'}, {'aspect': 'sausages', 'opinion': 'in-house', 'sentiment': 'positive'}, {'aspect': 'ingredients', 'opinion': 'higher quality', 'sentiment': 'positive'}]",[],['food'],[],[]
"All the various Greek and Cypriot dishes are excellent , but the gyro is the reason to come -- if you do n't eat one your trip was wasted .","[{'aspect': 'Greek and Cypriot dishes', 'opinion': 'excellent', 'sentiment': 'positive'}]",[],"['greek', 'cypriot dishes']",['excell'],[]
Best restaurant in Brooklyn,"[{'aspect': 'restaurant', 'opinion': 'Best', 'sentiment': 'positive'}]",[],[],[],[]
"Great food , amazing service , this place is a class act .","[{'aspect': 'food', 'opinion': 'Great', 'sentiment': 'positive'}, {'aspect': 'service', 'opinion': 'amazing', 'sentiment': 'positive'}, {'aspect': 'place', 'opinion': 'class act', 'sentiment': 'positive'}]",[],"['food', 'service', 'place']","['amaz', 'class']",[]
The veal was incredible last night .,"[{'aspect': 'veal', 'opinion': 'incredible', 'sentiment': 'positive'}]",[],"['ve', '##al']",[],[]
This place is a must visit !,"[{'aspect': 'place', 'opinion': 'must visit', 'sentiment': 'positive'}]",[],['place'],[],[]
The food is all shared so we get to order together and eat together .,"[{'aspect': 'food', 'opinion': 'shared', 'sentiment': 'positive'}]","[{'aspect': 'food', 'opinion': 'shared', 'sentiment': 'negative'}]",['food'],[],['share']
I 've enjoyed 99 % of the dishes we 've ordered with the only exceptions being the occasional too-authentic-for-me dish ( I 'm a daring eater but not THAT daring ) .,"[{'aspect': 'dishes', 'opinion': 'enjoyed', 'sentiment': 'positive'}, {'aspect': 'dish', 'opinion': 'too-authentic-for-me', 'sentiment': 'negative'}]","[{'aspect': 'dish', 'opinion': 'enjoyed', 'sentiment': 'positive'}]",['dis'],['enjoy'],[]
My daughter 's wedding reception at Water 's Edge received the highest compliments from our guests .,"[{'aspect': ""Water 's Edge"", 'opinion': 'highest compliments', 'sentiment': 'positive'}]",[],[],[],[]
Everyone raved about the atmosphere ( elegant rooms and absolutely incomparable views ) and the fabulous food !,"[{'aspect': 'atmosphere', 'opinion': 'raved', 'sentiment': 'positive'}, {'aspect': 'rooms', 'opinion': 'elegant', 'sentiment': 'positive'}, {'aspect': 'views', 'opinion': 'incomparable', 'sentiment': 'positive'}, {'aspect': 'food', 'opinion': 'fabulous', 'sentiment': 'positive'}]","[{'aspect': 'atmosphere ( elegant rooms', 'opinion': 'elegant', 'sentiment': 'positive'}]",['atmosphere ( elegant room'],['elegan'],[]
Service was wonderful ;,"[{'aspect': 'Service', 'opinion': 'wonderful', 'sentiment': 'positive'}]",[],[],['wonder'],[]
"Paul , the maitre d ' , was totally professional and always on top of things .","[{'aspect': 'Paul', 'opinion': 'professional', 'sentiment': 'positive'}]","[{'aspect': ""maitre d '"", 'opinion': 'professional', 'sentiment': 'positive'}]","[""maitre d '""]",['professional'],[]
"Service ok but unfriendly , filthy bathroom .","[{'aspect': 'Service', 'opinion': 'ok', 'sentiment': 'negative'}, {'aspect': 'Service', 'opinion': 'unfriendly', 'sentiment': 'negative'}, {'aspect': 'bathroom', 'opinion': 'filthy', 'sentiment': 'negative'}]","[{'aspect': 'bathroom', 'opinion': 'ok', 'sentiment': 'positive'}]",['bathroom'],['unf'],[]
"The bar drinks were Eh , ok to say the least .","[{'aspect': 'bar drinks', 'opinion': 'ok', 'sentiment': 'negative'}]",[],['bar drinks'],[],[]
The stuff tilapia was horrid ... tasted like cardboard .,"[{'aspect': 'stuff tilapia', 'opinion': 'horrid', 'sentiment': 'negative'}]","[{'aspect': 'stuff tilapia', 'opinion': 'The', 'sentiment': 'negative'}]",['stuff tilapia'],[],['hor']
"oh speaking of bathroom , the mens bathroom was disgusting .","[{'aspect': 'mens bathroom', 'opinion': 'disgusting', 'sentiment': 'negative'}]",[],['mens bathroom'],[],"['dis', '##gus']"
The wine list was extensive - though the staff did not seem knowledgeable about wine pairings .,"[{'aspect': 'wine list', 'opinion': 'extensive', 'sentiment': 'positive'}, {'aspect': 'staff', 'opinion': 'not seem knowledgeable', 'sentiment': 'negative'}]","[{'aspect': 'wine list', 'opinion': 'extensive', 'sentiment': 'positive'}]",['wine list'],['extensive'],[]
The bread we received was horrible - rock hard and cold - and the `` free '' appetizer of olives was disappointing .,"[{'aspect': 'bread', 'opinion': 'horrible', 'sentiment': 'negative'}, {'aspect': 'bread', 'opinion': 'rock hard', 'sentiment': 'negative'}, {'aspect': 'bread', 'opinion': 'cold', 'sentiment': 'negative'}, {'aspect': 'appetizer of olives', 'opinion': 'disappointing', 'sentiment': 'neutral'}]","[{'aspect': 'The', 'opinion': 'hard', 'sentiment': 'negative'}, {'aspect': 'bread', 'opinion': 'hard', 'sentiment': 'negative'}]","['bre', '##ad']",[],"['hor', '##rib']"
"However , our main course was wonderful .","[{'aspect': 'main course', 'opinion': 'wonderful', 'sentiment': 'positive'}]","[{'aspect': 'main course', 'opinion': 'wonderful', 'sentiment': 'positive'}]",['main course'],['wonderful'],[]
I had fish and my husband had the filet - both of which exceeded our expectations .,"[{'aspect': 'fish', 'opinion': 'exceeded our expectations', 'sentiment': 'positive'}, {'aspect': 'filet', 'opinion': 'exceeded our expectations', 'sentiment': 'positive'}]",[],['fish'],[],[]
"The dessert ( we had a pear torte ) was good - but , once again , the staff was unable to provide appropriate drink suggestions .","[{'aspect': 'pear torte', 'opinion': 'good', 'sentiment': 'positive'}, {'aspect': 'staff', 'opinion': 'unable to provide', 'sentiment': 'negative'}]","[{'aspect': 'dessert', 'opinion': 'good', 'sentiment': 'positive'}, {'aspect': 'pear torte', 'opinion': 'good', 'sentiment': 'positive'}]","['dessert', 'pear torte']",['good'],[]
Not what I would expect for the price and prestige of this location .,"[{'aspect': 'location', 'opinion': 'expect', 'sentiment': 'neutral'}]",[],[],[],[]
"All in all , I would return - as it was a beautiful restaurant - but I hope the staff pays more attention to the little details in the future .","[{'aspect': 'restaurant', 'opinion': 'beautiful', 'sentiment': 'positive'}]","[{'aspect': 'as', 'opinion': 'beautiful', 'sentiment': 'positive'}]",['rest'],['beautiful'],[]
"short and sweet – seating is great : it 's romantic , cozy and private .","[{'aspect': 'seating', 'opinion': 'great', 'sentiment': 'positive'}]","[{'aspect': 'seating', 'opinion': 'sweet', 'sentiment': 'positive'}, {'aspect': 'seating', 'opinion': 'great', 'sentiment': 'positive'}, {'aspect': 'seating', 'opinion': 'romantic', 'sentiment': 'positive'}, {'aspect': 'seating', 'opinion': '–', 'sentiment': 'positive'}]",['seating'],"['sweet', 'great', 'roman', 'co']",[]
The boths are not as small as some of the reviews make them out to look they 're perfect for 2 people .,"[{'aspect': 'boths', 'opinion': 'not as small', 'sentiment': 'positive'}, {'aspect': 'boths', 'opinion': 'perfect', 'sentiment': 'positive'}]",[],[],[],[]
The service was extremely fast and attentive ( thanks to the service button on your table ) but I barely understood 1 word when the waiter took our order .,"[{'aspect': 'service', 'opinion': 'fast', 'sentiment': 'positive'}, {'aspect': 'service', 'opinion': 'attentive', 'sentiment': 'positive'}, {'aspect': 'service button', 'opinion': 'thanks to', 'sentiment': 'positive'}, {'aspect': 'waiter', 'opinion': 'barely understood', 'sentiment': 'negative'}]",[],"['service', 'service button']","['fast', 'attentive']",[]
The food was ok and fair nothing to go crazy .,"[{'aspect': 'food', 'opinion': 'ok', 'sentiment': 'neutral'}, {'aspect': 'food', 'opinion': 'fair', 'sentiment': 'neutral'}]","[{'aspect': 'food', 'opinion': 'ok', 'sentiment': 'positive'}]",['food'],['ok'],[]
Over all the looks of the place exceeds the actual meals .,"[{'aspect': 'looks', 'opinion': 'exceeds', 'sentiment': 'positive'}]",[],['me'],[],[]
Subtle food and service,"[{'aspect': 'food', 'opinion': 'Subtle', 'sentiment': 'positive'}, {'aspect': 'service', 'opinion': 'Subtle', 'sentiment': 'positive'}]",[],['##tle food'],[],[]
Noodle pudding is exactly the type of service and food I enjoy .,"[{'aspect': 'service', 'opinion': 'enjoy', 'sentiment': 'positive'}, {'aspect': 'food', 'opinion': 'enjoy', 'sentiment': 'positive'}]","[{'aspect': 'Noodle pudding', 'opinion': 'enjoy', 'sentiment': 'positive'}]",['##odle pudding'],['enjoy'],[]
"Servers are all different , Greg is my favorite .","[{'aspect': 'Greg', 'opinion': 'favorite', 'sentiment': 'positive'}]","[{'aspect': 'is', 'opinion': 'different', 'sentiment': 'positive'}, {'aspect': 'is', 'opinion': 'favorite', 'sentiment': 'positive'}, {'aspect': 'Greg', 'opinion': 'different', 'sentiment': 'positive'}, {'aspect': 'Greg', 'opinion': 'favorite', 'sentiment': 'positive'}]","['##s', 'greg']","['differ', 'favorit']",[]
"I go out to eat and like my courses , servers are patient and never rush courses or force another drink .","[{'aspect': 'servers', 'opinion': 'patient', 'sentiment': 'positive'}]","[{'aspect': 'servers', 'opinion': 'never', 'sentiment': 'positive'}, {'aspect': 'servers', 'opinion': 'eat', 'sentiment': 'negative'}]",['server'],['never'],['pati']
amazing fresh dogs but best of all endless toppings ! ! !,"[{'aspect': 'dogs', 'opinion': 'amazing fresh', 'sentiment': 'positive'}, {'aspect': 'toppings', 'opinion': 'best', 'sentiment': 'positive'}, {'aspect': 'toppings', 'opinion': 'endless', 'sentiment': 'positive'}]",[],"['dog', 'topping']",[],[]
amazing fun for hot dog lovers of all ages PLEASE do yourself a favor and check this place out ! ! ! !,"[{'aspect': 'hot dog', 'opinion': 'amazing fun', 'sentiment': 'positive'}]",[],[],['fun'],[]
Stepping into Casa La Femme last night was a true experience unlike any other in New York !,"[{'aspect': 'Casa La Femme', 'opinion': 'true', 'sentiment': 'positive'}]",[],[],['true'],[]
Highly impressed from the decor to the food to the hospitality to the great night I had !,"[{'aspect': 'decor', 'opinion': 'impressed', 'sentiment': 'positive'}, {'aspect': 'food', 'opinion': 'impressed', 'sentiment': 'positive'}]",[],[],['great'],['impress']
The have a great cocktail with Citrus Vodka and lemon and lime juice and mint leaves that is to die for !,"[{'aspect': 'cocktail with Citrus Vodka and lemon and lime juice and mint leaves', 'opinion': 'great', 'sentiment': 'positive'}]",[],[],['great'],[]
"Food took some time to prepare , all worth waiting for .","[{'aspect': 'Food', 'opinion': 'worth', 'sentiment': 'positive'}]","[{'aspect': 'to', 'opinion': 'worth', 'sentiment': 'positive'}]",['wai'],['wort'],[]
We were drawn into the belly dancing show that captivated the crowd .,"[{'aspect': 'belly dancing show', 'opinion': 'captivated', 'sentiment': 'positive'}]",[],['crow'],[],[]
I never write on these sites but this restaurant is def worth commending !,"[{'aspect': 'restaurant', 'opinion': 'worth', 'sentiment': 'positive'}]","[{'aspect': 'these', 'opinion': 'def worth', 'sentiment': 'negative'}, {'aspect': 'restaurant', 'opinion': 'def worth', 'sentiment': 'negative'}]","['rest', '##aurant']",[],['def wort']
"The menu looked great , and the waiter was very nice , but when the food came , it was average .","[{'aspect': 'waiter', 'opinion': 'nice', 'sentiment': 'positive'}, {'aspect': 'food', 'opinion': 'average', 'sentiment': 'neutral'}]",[],"['menu', 'wai', 'food']","['great', 'nice']",[]
"I have worked in restaurants and cook a lot , and there is no way a maggot should be able to get into well prepared food .","[{'aspect': 'food', 'opinion': 'well prepared', 'sentiment': 'negative'}]",[],[],[],[]
"For a restaurant with such a good reputation and that is usually so packed , there was no reason for such a lack of intelligent customer service .","[{'aspect': 'restaurant', 'opinion': 'good reputation', 'sentiment': 'positive'}, {'aspect': 'customer service', 'opinion': 'intelligent', 'sentiment': 'negative'}]","[{'aspect': 'that', 'opinion': 'good reputation', 'sentiment': 'positive'}, {'aspect': 'For', 'opinion': 'good reputation', 'sentiment': 'positive'}]","['rest', '##aur']",['good reput'],[]
"Great place , great value .","[{'aspect': 'place', 'opinion': 'Great', 'sentiment': 'positive'}]",[],['place'],['great'],[]
"The food is flavorful , plentiful and reasonably priced .","[{'aspect': 'food', 'opinion': 'flavorful', 'sentiment': 'positive'}, {'aspect': 'food', 'opinion': 'plentiful', 'sentiment': 'positive'}, {'aspect': 'food', 'opinion': 'reasonably priced', 'sentiment': 'positive'}]",[],['food'],"['flav', 'reason']",[]
The atmosphere is relaxed and casual .,"[{'aspect': 'atmosphere', 'opinion': 'relaxed', 'sentiment': 'positive'}, {'aspect': 'atmosphere', 'opinion': 'casual', 'sentiment': 'positive'}]","[{'aspect': 'atmosphere', 'opinion': 'relaxed', 'sentiment': 'positive'}, {'aspect': 'atmosphere', 'opinion': 'casual', 'sentiment': 'positive'}]",['atmosphere'],"['relaxed', 'casual']",[]
It 's a great place to order from or sit-in .,"[{'aspect': 'place', 'opinion': 'great', 'sentiment': 'positive'}]",[],['place'],['great'],[]
Sushi experience was unbelievable with my fiance .,"[{'aspect': 'Sushi', 'opinion': 'unbelievable', 'sentiment': 'positive'}]","[{'aspect': 'Sushi', 'opinion': 'unbelievable', 'sentiment': 'negative'}, {'aspect': 'experience', 'opinion': 'unbelievable', 'sentiment': 'negative'}]","['##hi', 'experience']",[],['##believa']
Good creative rolls !,"[{'aspect': 'rolls', 'opinion': 'Good creative', 'sentiment': 'positive'}]",[],[],[],[]
"Yamato is an excellent place to go if youre not into sashimi , or if you have friends who doesnt like sushi much .","[{'aspect': 'Yamato', 'opinion': 'excellent', 'sentiment': 'positive'}]","[{'aspect': 'place', 'opinion': 'excellent', 'sentiment': 'positive'}]",['place'],['excell'],[]
"They have great rolls , the triple color and norwegetan rolls , are awesome and filling .","[{'aspect': 'rolls', 'opinion': 'great', 'sentiment': 'positive'}, {'aspect': 'triple color and norwegetan rolls', 'opinion': 'awesome', 'sentiment': 'positive'}, {'aspect': 'triple color and norwegetan rolls', 'opinion': 'filling', 'sentiment': 'positive'}]",[],"['roll', '##etan']","['great', 'norweg']",[]
"One special roll and one regular roll is enough to fill you up , but save room for dessert !","[{'aspect': 'dessert', 'opinion': 'save room', 'sentiment': 'positive'}, {'aspect': 'special roll', 'opinion': 'enough', 'sentiment': 'positive'}, {'aspect': 'regular roll', 'opinion': 'enough', 'sentiment': 'positive'}]",[],"['special roll', 'regular roll']",[],[]
"They have a delicious banana chocolate dessert , as well as a great green tea tempura .","[{'aspect': 'banana chocolate dessert', 'opinion': 'delicious', 'sentiment': 'positive'}, {'aspect': 'green tea tempura', 'opinion': 'great', 'sentiment': 'positive'}]","[{'aspect': 'banana chocolate dessert', 'opinion': 'well', 'sentiment': 'positive'}]",['banana chocolate dessert'],['deli'],[]
The appetizers are also delicious !,"[{'aspect': 'appetizers', 'opinion': 'delicious', 'sentiment': 'positive'}]","[{'aspect': 'appetizers', 'opinion': 'delicious', 'sentiment': 'positive'}]",['appetizers'],['delicio'],[]
Amazing food .,"[{'aspect': 'food', 'opinion': 'Amazing', 'sentiment': 'positive'}]",[],['food'],[],[]
Mazing interior .,"[{'aspect': 'interior', 'opinion': 'Mazing', 'sentiment': 'negative'}]",[],[],[],[]
Great food !,"[{'aspect': 'food', 'opinion': 'Great', 'sentiment': 'positive'}]",[],[],[],[]
I 've had my fair share of modern Japanese and this spot delivers .,"[{'aspect': 'modern Japanese', 'opinion': 'delivers', 'sentiment': 'positive'}]","[{'aspect': 'spot', 'opinion': 'fair', 'sentiment': 'positive'}]",['spot'],['fair'],[]
"The atmosphere was pretty nice but had a bit lacking , which it tries to make up for with a crazy scheme of mirrors .","[{'aspect': 'atmosphere', 'opinion': 'nice', 'sentiment': 'negative'}, {'aspect': 'scheme of mirrors', 'opinion': 'crazy', 'sentiment': 'negative'}]","[{'aspect': 'atmosphere', 'opinion': 'nice', 'sentiment': 'positive'}]",['atmosphere'],['nice'],[]
Despite the confusing mirrors this will likely be my go-to for modern Japanese food for the foreseeable future .,"[{'aspect': 'modern Japanese food', 'opinion': 'go-to for', 'sentiment': 'positive'}, {'aspect': 'mirrors', 'opinion': 'confusing', 'sentiment': 'negative'}]",[],[],[],[]
"Indo Chinese food , pretty good ...","[{'aspect': 'Indo Chinese food', 'opinion': 'good', 'sentiment': 'positive'}]","[{'aspect': 'Chinese food', 'opinion': 'good', 'sentiment': 'positive'}]",['chinese food'],['good'],[]
Not a very fancy place but very good Chinese style Indian food .,"[{'aspect': 'place', 'opinion': 'fancy', 'sentiment': 'neutral'}, {'aspect': 'Chinese style Indian food', 'opinion': 'good', 'sentiment': 'positive'}]",[],"['place', 'chinese style indian food']","['fan', 'good']",[]
"The chicken lollipop is my favorite , most of the dishes ( I have to agree with a previous reviewer ) are quite oily and very spicy , espeically the Chilli Chicken .","[{'aspect': 'chicken lollipop', 'opinion': 'favorite', 'sentiment': 'positive'}, {'aspect': 'dishes', 'opinion': 'oily', 'sentiment': 'negative'}, {'aspect': 'dishes', 'opinion': 'spicy', 'sentiment': 'negative'}, {'aspect': 'Chilli Chicken', 'opinion': 'oily', 'sentiment': 'negative'}, {'aspect': 'Chilli Chicken', 'opinion': 'spicy', 'sentiment': 'negative'}]","[{'aspect': 'chicken lollipop', 'opinion': 'favorite', 'sentiment': 'positive'}, {'aspect': 'The', 'opinion': 'favorite', 'sentiment': 'positive'}]","['chicken lollipop', 'dis', '##hes']",['favorit'],[]
"My mom originally introduced me to this place , but even she ( being Indian ) feels the food can be somewhat over the top spicy and far too oily .","[{'aspect': 'food', 'opinion': 'spicy', 'sentiment': 'negative'}, {'aspect': 'food', 'opinion': 'oily', 'sentiment': 'negative'}]",[],[],[],[]
I was speechless by the horrible food .,"[{'aspect': 'food', 'opinion': 'speechless', 'sentiment': 'negative'}, {'aspect': 'food', 'opinion': 'horrible', 'sentiment': 'negative'}]",[],[],[],[]
"I attended a holiday dinner at the restaurant , and the food was majorly disappointing .","[{'aspect': 'food', 'opinion': 'disappointing', 'sentiment': 'negative'}]",[],['food'],[],[]
"This is the MOST wonderful restaurant in all of New York City , not just Brooklyn ...","[{'aspect': 'restaurant', 'opinion': 'wonderful', 'sentiment': 'positive'}]","[{'aspect': 'just', 'opinion': 'wonderful', 'sentiment': 'positive'}]",['rest'],['wonder'],[]
"for 7 years they have put out the most tasty , most delicious food and kept it that way ...","[{'aspect': 'food', 'opinion': 'tasty', 'sentiment': 'positive'}, {'aspect': 'food', 'opinion': 'delicious', 'sentiment': 'positive'}]","[{'aspect': 'food', 'opinion': 'the', 'sentiment': 'positive'}, {'aspect': 'food', 'opinion': 'kept', 'sentiment': 'positive'}]",['food'],"['tas', 'deli']",[]
"never swaying , never a bad meal , never bad service ...","[{'aspect': 'meal', 'opinion': 'never a bad', 'sentiment': 'positive'}, {'aspect': 'service', 'opinion': 'never bad', 'sentiment': 'positive'}]",[],"['swa', 'meal', 'service']",[],"['bad', 'bad']"
"great food , great wine list , great service in a great neighborhood ...","[{'aspect': 'food', 'opinion': 'great', 'sentiment': 'positive'}, {'aspect': 'wine list', 'opinion': 'great', 'sentiment': 'positive'}, {'aspect': 'service', 'opinion': 'great', 'sentiment': 'positive'}, {'aspect': 'neighborhood', 'opinion': 'great', 'sentiment': 'positive'}]",[],"['food', 'wine list', 'service']","['great', 'great']",[]
Patsy 's Pizza - true love,"[{'aspect': ""Patsy 's Pizza"", 'opinion': 'true love', 'sentiment': 'positive'}]",[],[],[],[]
Hands down the best pizza on the planet .,"[{'aspect': 'pizza', 'opinion': 'best', 'sentiment': 'positive'}]","[{'aspect': 'pizza', 'opinion': 'best', 'sentiment': 'positive'}]",['pizza'],['best'],[]
great hot dogs .,"[{'aspect': 'hot dogs', 'opinion': 'great', 'sentiment': 'positive'}]",[],['hot dogs'],[],[]
the hot dogs were juicy and tender inside and had plenty of crunch and snap on the outside .,"[{'aspect': 'hot dogs', 'opinion': 'juicy', 'sentiment': 'positive'}]","[{'aspect': 'hot dogs', 'opinion': 'of', 'sentiment': 'negative'}, {'aspect': 'hot dogs', 'opinion': 'the', 'sentiment': 'negative'}]",['hot dogs'],[],"['ju', 'ple']"
great toppings definitely a place you need to check out for late night munchies or a mid day boost !,"[{'aspect': 'toppings', 'opinion': 'great', 'sentiment': 'positive'}]","[{'aspect': 'to', 'opinion': 'definitely', 'sentiment': 'negative'}, {'aspect': 'toppings', 'opinion': 'definitely', 'sentiment': 'negative'}]","['top', '##ping']",[],['defini']
"For me dishes a little oily , but overall dining experience good .","[{'aspect': 'dishes', 'opinion': 'oily', 'sentiment': 'negative'}]","[{'aspect': 'For', 'opinion': 'good', 'sentiment': 'positive'}]",['dis'],['good'],[]
Helpful service and average price per dish $ 10 .,"[{'aspect': 'service', 'opinion': 'Helpful', 'sentiment': 'positive'}]","[{'aspect': 'service', 'opinion': 'per', 'sentiment': 'positive'}]",['service'],['aver'],[]
The only thing that strikes you is the decor ? ( not very pleasant ) .,"[{'aspect': 'decor', 'opinion': 'not very pleasant', 'sentiment': 'negative'}]",[],[],['pleasan'],[]
great food,"[{'aspect': 'food', 'opinion': 'great', 'sentiment': 'positive'}]",[],[],[],[]
This place has great indian chinese food .,"[{'aspect': 'indian chinese food', 'opinion': 'great', 'sentiment': 'positive'}]",[],"['place', 'indian chinese food']",['great'],[]
"Be prepared to wait , because the place is pretty tiny .","[{'aspect': 'place', 'opinion': 'tiny', 'sentiment': 'negative'}]","[{'aspect': 'place', 'opinion': 'tiny', 'sentiment': 'negative'}]",['place'],[],['tin']
"Even though the place is not beautiful , the food speaks for itself .","[{'aspect': 'place', 'opinion': 'not beautiful', 'sentiment': 'negative'}, {'aspect': 'food', 'opinion': 'speaks for itself', 'sentiment': 'positive'}]",[],"['place', 'food']",[],[]
"Best Indian Chinese in the city , by far !","[{'aspect': 'Indian Chinese', 'opinion': 'Best', 'sentiment': 'positive'}]",[],['indian chinese'],[],[]
The martinis are amazing and very fairly priced .,"[{'aspect': 'martinis', 'opinion': 'amazing', 'sentiment': 'positive'}, {'aspect': 'martinis', 'opinion': 'fairly priced', 'sentiment': 'positive'}]","[{'aspect': 'martinis', 'opinion': 'are', 'sentiment': 'positive'}, {'aspect': 'martinis', 'opinion': 'fairly', 'sentiment': 'positive'}]",['martinis'],"['amaz', 'fair']",[]
"THE SERVICE IS AMAZING , i 've had different waiters and they were all nice , which is a rare thing in NYC .","[{'aspect': 'SERVICE', 'opinion': 'AMAZING', 'sentiment': 'positive'}, {'aspect': 'waiters', 'opinion': 'nice', 'sentiment': 'positive'}]","[{'aspect': 'were', 'opinion': 'thing', 'sentiment': 'positive'}, {'aspect': 'were', 'opinion': 'nice', 'sentiment': 'positive'}, {'aspect': 'i', 'opinion': 'thing', 'sentiment': 'positive'}, {'aspect': 'i', 'opinion': 'nice', 'sentiment': 'positive'}]","['service', 'wai']","['amaz', 'nice']",[]
"The DJ is awesome , I have been there for my birthday and a bunch of other times with friends and I keep going back .","[{'aspect': 'DJ', 'opinion': 'awesome', 'sentiment': 'positive'}]","[{'aspect': 'DJ', 'opinion': 'a', 'sentiment': 'negative'}]",['dj'],[],['aw']
Everything on the menu is great .,"[{'aspect': 'menu', 'opinion': 'great', 'sentiment': 'positive'}]",[],[],['great'],[]
This establishment is the real deal .,"[{'aspect': 'establishment', 'opinion': 'real deal', 'sentiment': 'positive'}]","[{'aspect': 'is', 'opinion': 'real', 'sentiment': 'positive'}, {'aspect': 'real', 'opinion': 'real', 'sentiment': 'positive'}]","['est', '##abl']",['real'],[]
"Wish NY had more of these kind of places : intimate , superb food , homey , top notch all the way around , certainly worth the wait .","[{'aspect': 'food', 'opinion': 'superb', 'sentiment': 'positive'}]",[],"['place', '##b food']",[],[]
"Look , the appetizers were really good .","[{'aspect': 'appetizers', 'opinion': 'good', 'sentiment': 'positive'}]","[{'aspect': 'appetizers', 'opinion': 'good', 'sentiment': 'positive'}]",['appetizers'],['good'],[]
The entree was also very good .,"[{'aspect': 'entree', 'opinion': 'good', 'sentiment': 'positive'}]",[],['entree'],['good'],[]
"Yes , the place is classy and beautiful , but they most certainly target the uber whealthy Not the common joe that wants to go all out every once in a while .","[{'aspect': 'place', 'opinion': 'classy', 'sentiment': 'negative'}, {'aspect': 'place', 'opinion': 'beautiful', 'sentiment': 'negative'}]",[],['place'],"['class', 'beautiful']",[]
Vanison was good but not amazing .,"[{'aspect': 'Vanison', 'opinion': 'good', 'sentiment': 'neutral'}, {'aspect': 'Vanison', 'opinion': 'not amazing', 'sentiment': 'neutral'}]","[{'aspect': 'Vanison', 'opinion': 'good', 'sentiment': 'positive'}, {'aspect': 'Vanison', 'opinion': 'was', 'sentiment': 'positive'}]",['##ison'],"['good', 'amaz']",[]
Bison was quite excellent however .,"[{'aspect': 'Bison', 'opinion': 'excellent', 'sentiment': 'positive'}]",[],['##on'],['excell'],[]
Dessert : pure disaster .,"[{'aspect': 'Dessert', 'opinion': 'disaster', 'sentiment': 'negative'}]",[],['pur'],[],[]
"I read reviews that called the restaurant too expensive and I thought to myself , but may be it is worth it .","[{'aspect': 'restaurant', 'opinion': 'expensive', 'sentiment': 'negative'}]","[{'aspect': 'restaurant', 'opinion': 'too expensive', 'sentiment': 'negative'}]",['restaurant'],[],['too expensi']
"All in all , the food was great ( except for the dessserts ) .","[{'aspect': 'food', 'opinion': 'great', 'sentiment': 'positive'}]",[],['food'],['great'],[]
The environment is very upscale and you will see a lot of rich guys with trophy wives or just highly paid escorts .,"[{'aspect': 'environment', 'opinion': 'upscale', 'sentiment': 'neutral'}]","[{'aspect': 'environment', 'opinion': 'upscale', 'sentiment': 'positive'}]",['environment'],['upscale'],[]
"If you are going for the food , it will not be worth it .","[{'aspect': 'food', 'opinion': 'worth', 'sentiment': 'negative'}]",[],['food'],[],[]
"You would think they would make up for it with service , sadly , no .","[{'aspect': 'service', 'opinion': 'sadly', 'sentiment': 'negative'}]",[],['service'],[],[]
"Service was just ok , it is not what you 'd expect for $ 500 .","[{'aspect': 'Service', 'opinion': 'ok', 'sentiment': 'negative'}]",[],[],[],[]
I literally just got back home after visiting Casa La Femme and was so offended by my visit felt it necessary to try and warn other diners who value their money and time .,"[{'aspect': 'Casa La Femme', 'opinion': 'offended', 'sentiment': 'negative'}]",[],['casa la femme'],[],[]
The place is beautiful !,"[{'aspect': 'place', 'opinion': 'beautiful', 'sentiment': 'positive'}]",[],['place'],['beautiful'],[]
The hostess was very pleasant .,"[{'aspect': 'hostess', 'opinion': 'pleasant', 'sentiment': 'positive'}]",[],['host'],['pleasan'],[]
"However , our $ 14 drinks were were horrible !","[{'aspect': 'drinks', 'opinion': 'horrible', 'sentiment': 'negative'}]","[{'aspect': '$ 14 drinks', 'opinion': 'our', 'sentiment': 'negative'}]",['$ 14 drinks'],[],"['hor', '##rib']"
We asked for sides which the waiter than admitted that he forgot to put in that part of our order .,"[{'aspect': 'waiter', 'opinion': 'forgot', 'sentiment': 'negative'}]",[],['wai'],[],[]
My chicken was inedible as there were so many fatty lumps which i had to keep spitting out into my napkin .,"[{'aspect': 'chicken', 'opinion': 'inedible', 'sentiment': 'negative'}]","[{'aspect': 'chicken', 'opinion': 'inedible', 'sentiment': 'negative'}, {'aspect': 'chicken', 'opinion': 'was', 'sentiment': 'negative'}, {'aspect': 'lumps', 'opinion': 'inedible', 'sentiment': 'negative'}, {'aspect': 'lumps', 'opinion': 'was', 'sentiment': 'negative'}]","['chicken', 'lump']",[],"['inedible', 'fat']"
"By the time we left our wallets were empy and so were our stomachs AND we missed the show we were supposed to see following our dinner , which would have been acceptable if we got to enjoy the experience of good food and belly dancers !","[{'aspect': 'food', 'opinion': 'good', 'sentiment': 'negative'}]",[],[],[],['emp']
If it seemed possible to do so while there I would have fought my bill since my dinner portion of my meal was inedible !,"[{'aspect': 'meal', 'opinion': 'inedible', 'sentiment': 'negative'}]",[],[],[],['pos']
"I have never left a restaurant feeling as if i was abused , and wasted my hard earned money .","[{'aspect': 'restaurant', 'opinion': 'abused', 'sentiment': 'negative'}]",[],"['rest', '##aur']",[],[]
The menu is fairly simple without much descriptions .,"[{'aspect': 'menu', 'opinion': 'simple', 'sentiment': 'neutral'}]",[],['menu'],[],[]
"There was no tap beer that evening , which was a disappointment .","[{'aspect': 'beer', 'opinion': 'disappointment', 'sentiment': 'negative'}]","[{'aspect': 'tap beer', 'opinion': 'tap', 'sentiment': 'negative'}]",['tap beer'],[],['disap']
"Not much of a selection of bottled beer either , we went with Brahma .","[{'aspect': 'selection of bottled beer', 'opinion': 'Not much', 'sentiment': 'negative'}]",[],['bottled beer'],[],[]
The appetizers we ordered were served quickly - an order of fried oysters and clams were delicious but a tiny portion ( maybe 3 of each ) .,"[{'aspect': 'fried oysters and clams', 'opinion': 'delicious', 'sentiment': 'negative'}]","[{'aspect': 'an', 'opinion': 'quickly', 'sentiment': 'positive'}, {'aspect': 'appetizers', 'opinion': 'quickly', 'sentiment': 'positive'}]","['app', '##etizers']",['quick'],[]
"The lobster knuckles ( special of the day ) were ok , but pretty tasteless .","[{'aspect': 'lobster knuckles', 'opinion': 'ok', 'sentiment': 'negative'}, {'aspect': 'lobster knuckles', 'opinion': 'tasteless', 'sentiment': 'negative'}]",[],['lobster knuckles ( special'],[],['ok']
I had the Thai style Fried Sea Bass ... which was very good .,"[{'aspect': 'Thai style Fried Sea Bass', 'opinion': 'good', 'sentiment': 'positive'}]","[{'aspect': 'Thai style Fried Sea Bass', 'opinion': 'good', 'sentiment': 'positive'}]",['thai style fried sea bass'],['good'],[]
"Everyone seemed generally happy with their food , except my brother who had the grilled Mahi Mahi , seemingly drenched in Grapfruit Juice !","[{'aspect': 'food', 'opinion': 'happy', 'sentiment': 'positive'}, {'aspect': 'grilled Mahi Mahi', 'opinion': 'drenched', 'sentiment': 'negative'}]","[{'aspect': 'food', 'opinion': 'happy', 'sentiment': 'positive'}]",['food'],['happy'],[]
I heard the lobster roll was excellent .,"[{'aspect': 'lobster roll', 'opinion': 'excellent', 'sentiment': 'positive'}]","[{'aspect': 'heard', 'opinion': 'excellent', 'sentiment': 'positive'}]",['hea'],['excellent'],[]
"All in all the food was good - a little on the expensive side , but fresh .","[{'aspect': 'food', 'opinion': 'good', 'sentiment': 'negative'}, {'aspect': 'food', 'opinion': 'expensive', 'sentiment': 'negative'}, {'aspect': 'food', 'opinion': 'fresh', 'sentiment': 'negative'}]",[],['food'],"['good', 'fresh']",[]
Service not the friendliest to our `` large party '' !,"[{'aspect': 'Service', 'opinion': 'not the friendliest', 'sentiment': 'negative'}]",[],[],['friend'],[]
Great Indian food,"[{'aspect': 'Indian food', 'opinion': 'Great', 'sentiment': 'positive'}]",[],[],[],[]
"Food was amazing - I love Indian food and eat it quite regularly , but I can say this is one of the best I 've had .","[{'aspect': 'Food', 'opinion': 'amazing', 'sentiment': 'positive'}]","[{'aspect': 'Indian food', 'opinion': 'was', 'sentiment': 'positive'}, {'aspect': 'Indian food', 'opinion': 'love', 'sentiment': 'positive'}]",['indian food'],"['amaz', 'love']",[]
"Very `` normal Indian food '' , but done really well .","[{'aspect': 'Indian food', 'opinion': 'normal', 'sentiment': 'positive'}, {'aspect': 'Indian food', 'opinion': 'well', 'sentiment': 'positive'}]",[],['indian food'],[],[]
The lunch buffet is expensive but is deff worth it .,"[{'aspect': 'lunch buffet', 'opinion': 'expensive', 'sentiment': 'positive'}, {'aspect': 'lunch buffet', 'opinion': 'worth', 'sentiment': 'positive'}]","[{'aspect': 'lunch', 'opinion': 'expensive', 'sentiment': 'negative'}]",['lun'],[],['expensi']
We have gone for dinner only a few times but the same great quality and service is given .,"[{'aspect': 'service', 'opinion': 'great', 'sentiment': 'positive'}, {'aspect': 'dinner', 'opinion': 'great quality', 'sentiment': 'positive'}]",[],['service'],['great'],[]
Bukhara is on my top 5 Indian places in NYC,"[{'aspect': 'Bukhara', 'opinion': 'top', 'sentiment': 'positive'}]",[],['##hara'],[],[]
I have never been so disgusted by both food an service .,"[{'aspect': 'food', 'opinion': 'disgusted', 'sentiment': 'negative'}, {'aspect': 'service', 'opinion': 'disgusted', 'sentiment': 'negative'}]",[],"['food', 'service']",[],[]
"However , once I received my predictably mediocre order of what Dokebi thinks passes as Korean fair , ( sometimes you have to settle when it 's your only option ) , I got through about half my kimchee before I found a piece of random lettuce accompanied by a far more disgusting , slimy , clearly bad piece of fish skin .","[{'aspect': 'kimchee', 'opinion': 'disgusting', 'sentiment': 'negative'}, {'aspect': 'Korean fair', 'opinion': 'mediocre', 'sentiment': 'negative'}]",[],['order'],[],[]
"My girlfriend , being slightly more aggressive , and having been equally disgusted causing her to throw out the remainder of her barely eaten meal , called back only to be informed that I was probably wrong and that it was most likely an oyster , and that we were also blacklisted from their restaurant .","[{'aspect': 'meal', 'opinion': 'disgusted', 'sentiment': 'negative'}]",[],[],[],['aggress']
"It was n't as if this restaurant had any major bragging points before hand , but now it 's simply repulsive .","[{'aspect': 'restaurant', 'opinion': 'repulsive', 'sentiment': 'negative'}]",[],"['rest', 'bra']",[],[]
Gorgeous place ideal for a romantic dinner,"[{'aspect': 'place', 'opinion': 'Gorgeous', 'sentiment': 'positive'}, {'aspect': 'place', 'opinion': 'ideal', 'sentiment': 'positive'}]",[],['place'],[],[]
I book a gorgeous white organza tent which included a four course prix fix menu which we enjoyed a lot .,"[{'aspect': 'four course prix fix menu', 'opinion': 'enjoyed', 'sentiment': 'positive'}, {'aspect': 'white organza tent', 'opinion': 'gorgeous', 'sentiment': 'positive'}]",[],[],['gor'],[]
The service was spectacular as the waiter knew everything about the menu and his recommendations were amazing !,"[{'aspect': 'service', 'opinion': 'spectacular', 'sentiment': 'positive'}, {'aspect': 'waiter', 'opinion': 'amazing', 'sentiment': 'positive'}]","[{'aspect': 'service', 'opinion': 'spectacular', 'sentiment': 'positive'}, {'aspect': 'was', 'opinion': 'spectacular', 'sentiment': 'positive'}]","['service', 'wai']",['spectac'],[]
I completely recommend Casa La Femme for any special occasion and to REALLY impress your date .,"[{'aspect': 'Casa La Femme', 'opinion': 'recommend', 'sentiment': 'positive'}]","[{'aspect': 'Casa La Femme', 'opinion': 'I', 'sentiment': 'positive'}]",['casa la fem'],['rec'],[]
"The bibimbap was average , but the stone bowl was n't even close to sizzling .","[{'aspect': 'bibimbap', 'opinion': 'average', 'sentiment': 'neutral'}, {'aspect': 'stone bowl', 'opinion': ""was n't even close to sizzling"", 'sentiment': 'negative'}]",[],"['bibi', '##mbap', 'stone bowl']",[],"['aver', 'was']"
Too bad I had paid an extra $ 2 for the stone bowl .,"[{'aspect': 'stone bowl', 'opinion': 'bad', 'sentiment': 'negative'}]",[],[],[],[]
The nakgi-bokum was horrible .,"[{'aspect': 'nakgi-bokum', 'opinion': 'horrible', 'sentiment': 'negative'}]","[{'aspect': 'The nakgi-bokum was', 'opinion': 'The', 'sentiment': 'negative'}]",['nakgi - bokum'],[],"['hor', '##rib']"
Easily the worst stir-fried squid I 've ever tasted .,"[{'aspect': 'stir-fried squid', 'opinion': 'worst', 'sentiment': 'negative'}]","[{'aspect': ""stir-fried squid I 've"", 'opinion': 'worst', 'sentiment': 'negative'}]",['stir - fried squid'],[],['wor']
"The side dishes were passable , and I did get a refill upon request .","[{'aspect': 'side dishes', 'opinion': 'passable', 'sentiment': 'positive'}]","[{'aspect': 'side dishes', 'opinion': 'passable', 'sentiment': 'negative'}, {'aspect': 'side dishes', 'opinion': 'get', 'sentiment': 'negative'}]",['side dishes'],[],"['passable', 'ref']"
The real problem I had with this place was the complete lack of service .,"[{'aspect': 'service', 'opinion': 'lack of', 'sentiment': 'negative'}]","[{'aspect': 'place', 'opinion': 'lack', 'sentiment': 'negative'}, {'aspect': 'service', 'opinion': 'lack', 'sentiment': 'negative'}]","['place', 'service']",[],['lac']
My wife had barely touched that mess of a dish .,"[{'aspect': 'dish', 'opinion': 'mess', 'sentiment': 'negative'}]",[],['wi'],[],[]
The wife had the risotto which was amazing .,"[{'aspect': 'risotto', 'opinion': 'amazing', 'sentiment': 'positive'}]","[{'aspect': 'risotto', 'opinion': 'had', 'sentiment': 'positive'}]",['risotto'],['amaz'],[]
The farro salad and the mashed yukon potatoes were also extremely tasty .,"[{'aspect': 'farro salad', 'opinion': 'tasty', 'sentiment': 'positive'}, {'aspect': 'mashed yukon potatoes', 'opinion': 'tasty', 'sentiment': 'positive'}]",[],"['farro salad', 'mashed yukon potatoes']",[],[]
i love margherita pizza – i looove east village pizza,"[{'aspect': 'east village pizza', 'opinion': 'love', 'sentiment': 'positive'}, {'aspect': 'margherita pizza', 'opinion': 'looove', 'sentiment': 'positive'}]","[{'aspect': 'margherita pizza', 'opinion': 'love', 'sentiment': 'positive'}]",['margherita pizza'],['love'],[]
"Love this place , every time we are in the city this is one of the places we always go .","[{'aspect': 'place', 'opinion': 'Love', 'sentiment': 'positive'}]",[],['place'],[],[]
A quintessential slice of NYC pizza .,"[{'aspect': 'slice of NYC pizza', 'opinion': 'quintessential', 'sentiment': 'neutral'}]",[],[],[],[]
"The crust has a great bite and a good chew , the sauce is light with a nice acidity to it , the salt from the cheese is great , really heightens the flavor of all the other components .","[{'aspect': 'crust', 'opinion': 'great', 'sentiment': 'positive'}, {'aspect': 'crust', 'opinion': 'good', 'sentiment': 'positive'}, {'aspect': 'sauce', 'opinion': 'light', 'sentiment': 'positive'}, {'aspect': 'cheese', 'opinion': 'great', 'sentiment': 'positive'}]",[],"['crust', 'sauce']","['great', 'good che']",[]
"Personally I like the margherita pizza better , but they are all good .","[{'aspect': 'margherita pizza', 'opinion': 'like', 'sentiment': 'positive'}]",[],['margherita pizza'],"['like', 'good']",[]
Possibly the Most Romantic Restaurant in the City,"[{'aspect': 'Restaurant', 'opinion': 'Romantic', 'sentiment': 'positive'}]","[{'aspect': 'Restaurant', 'opinion': 'Romantic', 'sentiment': 'positive'}]",['rest'],['roman'],[]
"This is undoubtedly my favorite modern Japanese brasserie ( that don ’ t serve sushi ) , and in my opinion , one of the most romantic restaurants in the city !","[{'aspect': 'modern Japanese brasserie', 'opinion': 'favorite', 'sentiment': 'positive'}, {'aspect': 'modern Japanese brasserie', 'opinion': 'romantic', 'sentiment': 'positive'}]","[{'aspect': 'Japanese brasserie', 'opinion': 'favorite', 'sentiment': 'positive'}]",['japanese brasserie'],['favorit'],[]
"Not only is it an adventure getting to this somewhat hidden spot , once you enter the unmarked wooden doors , the zen and intimate décor will make you feel like you ’ re no longer in the city .","[{'aspect': 'spot', 'opinion': 'hidden', 'sentiment': 'neutral'}, {'aspect': 'décor', 'opinion': 'intimate', 'sentiment': 'positive'}]",[],[],[],[]
"If you ’ re planning to come here , make sure that your date is someone whom you really like since you ’ ll be ushered to private booths where there will be no people or food watching ( choose the ones on the ground level that have glass ceilings so you may see the stars in the sky ! ) .","[{'aspect': 'private booths', 'opinion': 'ushered', 'sentiment': 'positive'}]",[],[],[],[]
We started off with a delightful sashimi amuse bouche .,"[{'aspect': 'sashimi amuse bouche', 'opinion': 'delightful', 'sentiment': 'positive'}]","[{'aspect': 'a', 'opinion': 'delightful', 'sentiment': 'positive'}]",['sas'],['delight'],[]
"I picked the Grilled Black Cod as my entree , which I absolutely devoured while someone commented that the Grilled Salmon dish was better .","[{'aspect': 'Grilled Black Cod', 'opinion': 'devoured', 'sentiment': 'positive'}, {'aspect': 'Grilled Salmon dish', 'opinion': 'better', 'sentiment': 'positive'}]","[{'aspect': 'Grilled Black Cod', 'opinion': 'I', 'sentiment': 'negative'}]",['grilled black cod'],[],['dev']
"For desserts , we tried the frozen black sesame mousse ( interesting but not extraordinary ) and matcha ( powdered green tea ) and blueberry cheesecake , which was phenomenal .","[{'aspect': 'frozen black sesame mousse', 'opinion': 'interesting', 'sentiment': 'neutral'}, {'aspect': 'frozen black sesame mousse', 'opinion': 'extraordinary', 'sentiment': 'neutral'}, {'aspect': 'matcha ( powdered green tea ) and blueberry cheesecake', 'opinion': 'phenomenal', 'sentiment': 'positive'}]",[],['frozen black sesame mousse ('],[],[]
"Maybe it was the great company ( I had friends visiting from Philly – yes , it was not a date this time ) or the super reasonable price point , but I just can ’ t say enough good things about this brasserie .","[{'aspect': 'brasserie', 'opinion': 'good', 'sentiment': 'positive'}]",[],[],['great'],[]
"The service leaves much to be desired , from feeling like you are rushed the place your order , to being ignored the rest of the night .","[{'aspect': 'service', 'opinion': 'leaves much to be desired', 'sentiment': 'negative'}]",[],['service'],[],[]
"They are extremely rude , not even apologizing for the horrible service we got and handing us a bill well over $ 500 for some drinks adn their pita bread !","[{'aspect': 'service', 'opinion': 'horrible', 'sentiment': 'negative'}]",[],[],[],['rud']
Great Shabu Shabu,"[{'aspect': 'Shabu Shabu', 'opinion': 'Great', 'sentiment': 'positive'}]",[],[],[],[]
I tried a couple other dishes but was n't too impressed .,"[{'aspect': 'dishes', 'opinion': ""was n't too impressed"", 'sentiment': 'neutral'}]","[{'aspect': 'was', 'opinion': 'impressed', 'sentiment': 'negative'}]",['dis'],[],['impress']
"The meat is fresh , the sauces are great , you get kimchi and a salad free with your meal and service is good too .","[{'aspect': 'meat', 'opinion': 'fresh', 'sentiment': 'positive'}, {'aspect': 'sauces', 'opinion': 'great', 'sentiment': 'positive'}, {'aspect': 'service', 'opinion': 'good', 'sentiment': 'positive'}, {'aspect': 'kimchi', 'opinion': 'free', 'sentiment': 'positive'}, {'aspect': 'salad', 'opinion': 'free', 'sentiment': 'positive'}]",[],"['meat', 'sauces']","['fresh', 'great']",[]
Dokebi gives Williamsburg the right one-two punch of classic Korean food and fusion twists like pork belly tacos .,"[{'aspect': 'Korean food', 'opinion': 'classic', 'sentiment': 'positive'}, {'aspect': 'fusion twists', 'opinion': 'classic', 'sentiment': 'positive'}, {'aspect': 'pork belly tacos', 'opinion': 'classic', 'sentiment': 'positive'}]",[],[],['right'],[]
"The hot dogs are good , yes , but the reason to get over here is the fantastic pork croquette sandwich , perfect on its supermarket squishy bun .","[{'aspect': 'hot dogs', 'opinion': 'good', 'sentiment': 'positive'}, {'aspect': 'pork croquette sandwich', 'opinion': 'fantastic', 'sentiment': 'positive'}, {'aspect': 'bun', 'opinion': 'perfect', 'sentiment': 'positive'}]",[],['hot dogs'],['good'],[]
The food tasted very good .,"[{'aspect': 'food', 'opinion': 'good', 'sentiment': 'positive'}]",[],['food'],['good'],[]
The family seafood entree was very good .,"[{'aspect': 'family seafood entree', 'opinion': 'good', 'sentiment': 'positive'}]","[{'aspect': 'family', 'opinion': 'good', 'sentiment': 'positive'}, {'aspect': 'seafood entree', 'opinion': 'good', 'sentiment': 'positive'}]","['family', 'seafood entree']",['good'],[]
The main entree was also very good .,"[{'aspect': 'main entree', 'opinion': 'good', 'sentiment': 'positive'}]","[{'aspect': 'main entree', 'opinion': 'good', 'sentiment': 'positive'}]",['main entree'],['good'],[]
"Price is high but the food is good , so I would come back again .","[{'aspect': 'food', 'opinion': 'good', 'sentiment': 'negative'}]",[],['food'],['good'],[]
"This place has totally weird decor , stairs going up with mirrored walls - I am surprised how no one yet broke their head or fall off the stairs - mirrored walls make you dizzy and delusional ...","[{'aspect': 'decor', 'opinion': 'weird', 'sentiment': 'negative'}, {'aspect': 'mirrored walls', 'opinion': 'dizzy', 'sentiment': 'negative'}, {'aspect': 'mirrored walls', 'opinion': 'delusional', 'sentiment': 'negative'}]","[{'aspect': 'place', 'opinion': 'weird', 'sentiment': 'negative'}]",['place'],[],['wei']
This place is not inviting and the food is totally weird .,"[{'aspect': 'place', 'opinion': 'not inviting', 'sentiment': 'negative'}, {'aspect': 'food', 'opinion': 'weird', 'sentiment': 'negative'}]",[],"['place', 'food']",[],"['not inv', 'wei']"
The concept of japanese tapas is newly created and clearly does n't work .,"[{'aspect': 'japanese tapas', 'opinion': ""does n't work"", 'sentiment': 'negative'}]","[{'aspect': 'The', 'opinion': 'newly', 'sentiment': 'negative'}, {'aspect': 'The', 'opinion': 'does', 'sentiment': 'negative'}]",['##ept'],[],"['new', 'does']"
"The food they serve is not comforting , not appetizing and uncooked .","[{'aspect': 'food', 'opinion': 'not comforting', 'sentiment': 'negative'}, {'aspect': 'food', 'opinion': 'not appetizing', 'sentiment': 'negative'}, {'aspect': 'food', 'opinion': 'uncooked', 'sentiment': 'negative'}]","[{'aspect': 'food', 'opinion': 'not comforting', 'sentiment': 'negative'}, {'aspect': 'food', 'opinion': 'and', 'sentiment': 'negative'}]",['food'],[],"['not comfort', 'unc']"
Good Food,"[{'aspect': 'Food', 'opinion': 'Good', 'sentiment': 'positive'}]",[],[],[],[]
"The food was great and tasty , but the sitting space was too small , I do n't like being cramp in a corner .","[{'aspect': 'food', 'opinion': 'great', 'sentiment': 'positive'}, {'aspect': 'food', 'opinion': 'tasty', 'sentiment': 'positive'}, {'aspect': 'sitting space', 'opinion': 'too small', 'sentiment': 'negative'}]",[],"['food', 'sit']","['great', 'tas']",['small']
Over all it was a very nice romantic place .,"[{'aspect': 'place', 'opinion': 'nice romantic', 'sentiment': 'positive'}]","[{'aspect': 'place', 'opinion': 'nice romantic', 'sentiment': 'positive'}]",['place'],['nice roman'],[]
A coworker and I tried Pacifico after work a few Fridays and loved it .,"[{'aspect': 'Pacifico', 'opinion': 'loved', 'sentiment': 'positive'}]","[{'aspect': 'few', 'opinion': 'loved', 'sentiment': 'positive'}, {'aspect': 'work', 'opinion': 'loved', 'sentiment': 'positive'}, {'aspect': 'Pacifico', 'opinion': 'loved', 'sentiment': 'positive'}]","['cow', '##ork', 'pacifico']",['love'],[]
The atmosphere was great .,"[{'aspect': 'atmosphere', 'opinion': 'great', 'sentiment': 'positive'}]",[],['atmosphere'],['great'],[]
"The food we ordered was excellent , although I would n't say the margaritas were anything to write home about .","[{'aspect': 'food', 'opinion': 'excellent', 'sentiment': 'positive'}]",[],['food'],['excell'],[]
"Our waitress was n't mean , but not especially warm or attentive either .","[{'aspect': 'waitress', 'opinion': ""was n't mean"", 'sentiment': 'neutral'}, {'aspect': 'waitress', 'opinion': 'not especially warm or attentive', 'sentiment': 'neutral'}]","[{'aspect': 'waitress', 'opinion': 'was', 'sentiment': 'negative'}]",['waitress'],[],['war']
"I must say I am surprised by the bad reviews of the restaurant earlier in the year , though .","[{'aspect': 'restaurant', 'opinion': 'bad', 'sentiment': 'positive'}]","[{'aspect': 'must', 'opinion': 'bad', 'sentiment': 'negative'}]",['rest'],[],['bad']
The servers at Flatbush Farm appear to have perfected that ghastly technique of making you feel guilty and ashamed for deigning to attract their attention .,"[{'aspect': 'servers', 'opinion': 'perfected', 'sentiment': 'negative'}]",[],['server'],[],[]
"A different server enhanced the fun , dumping our entrees in front of us halfway through our appetizer ( which was delicious ) .","[{'aspect': 'server', 'opinion': 'enhanced', 'sentiment': 'negative'}, {'aspect': 'appetizer', 'opinion': 'delicious', 'sentiment': 'positive'}]",[],[],['fun'],[]
"Overall the food quality was pretty good , though I hear the salmon is much better when it has n't sat cooling in front of the guest .","[{'aspect': 'food', 'opinion': 'good', 'sentiment': 'positive'}]",[],"['food', 'salmon']","['good', 'better']",[]
"The place has a nice fit-out , some attractive furnishings and , from what I could tell , a reasonable wine list ( I was given the food menu when I asked for the carte des vins )","[{'aspect': 'fit-out', 'opinion': 'nice', 'sentiment': 'positive'}, {'aspect': 'furnishings', 'opinion': 'attractive', 'sentiment': 'positive'}, {'aspect': 'wine list', 'opinion': 'reasonable', 'sentiment': 'positive'}]",[],"['place', 'furni']","['nice', 'att', '##rac']",[]
Everything was going good until we got our meals .,"[{'aspect': 'meals', 'opinion': 'good', 'sentiment': 'negative'}]","[{'aspect': 'going', 'opinion': 'good', 'sentiment': 'positive'}]",['##thing'],['good'],[]
I took one look at the chicken and I was appalled .,"[{'aspect': 'chicken', 'opinion': 'appalled', 'sentiment': 'negative'}]",[],[],[],[]
"It was served with skin , over a bed of extremely undercooked spinach and mashed potatoes .","[{'aspect': 'spinach', 'opinion': 'undercooked', 'sentiment': 'negative'}]",[],[],[],['under']
"I took one bite from the $ 24 salmon , and I have never , in the 17 years I have been going to restaurants tasted salmon as fishy , as dry , and as bland as the one in Flatbush Farms .","[{'aspect': 'salmon', 'opinion': 'fishy', 'sentiment': 'negative'}, {'aspect': 'salmon', 'opinion': 'dry', 'sentiment': 'negative'}, {'aspect': 'salmon', 'opinion': 'bland', 'sentiment': 'negative'}]",[],[],[],[]
"This is where it really really gets bad : the manager said , there is absolutely nothing we can do , it 's a matter of taste that she did n't like it , and I can not comp it .","[{'aspect': 'manager', 'opinion': 'bad', 'sentiment': 'negative'}]",[],[],[],[]
"The manager came to the table and said we can do what we want , so we paid for what we did enjoy , the drinks and appetizers , and walked out .","[{'aspect': 'drinks', 'opinion': 'enjoy', 'sentiment': 'positive'}, {'aspect': 'appetizers', 'opinion': 'enjoy', 'sentiment': 'positive'}]",[],[],[],[]
THIS STAFF SHOULD BE FIRED .,"[{'aspect': 'STAFF', 'opinion': 'FIRED', 'sentiment': 'negative'}]",[],['staff'],[],['fire']
cirspy crust margherita pizza,"[{'aspect': 'margherita pizza', 'opinion': 'cirspy crust', 'sentiment': 'positive'}]",[],['##spy crust margherita pizza'],[],[]
it was really good pizza .,"[{'aspect': 'pizza', 'opinion': 'good', 'sentiment': 'positive'}]","[{'aspect': 'pizza', 'opinion': 'good', 'sentiment': 'positive'}]",['pizza'],['good'],[]
the crust was imazingly cooked well and pizza was fully loaded : ) : ) : ),"[{'aspect': 'crust', 'opinion': 'cooked well', 'sentiment': 'positive'}, {'aspect': 'pizza', 'opinion': 'fully loaded', 'sentiment': 'positive'}]",[],"['crust', 'pizza']",[],"['cooked', 'full']"
Single Worst Restaurant in Manhattan,"[{'aspect': 'Restaurant', 'opinion': 'Worst', 'sentiment': 'negative'}]",[],['rest'],[],[]
"I 'll being with a couple of positives : cool decor , good pita and hummus , and grilled octopus that was actually pretty tasty .","[{'aspect': 'decor', 'opinion': 'cool', 'sentiment': 'positive'}, {'aspect': 'pita', 'opinion': 'good', 'sentiment': 'positive'}, {'aspect': 'hummus', 'opinion': 'good', 'sentiment': 'positive'}, {'aspect': 'grilled octopus', 'opinion': 'tasty', 'sentiment': 'positive'}]","[{'aspect': 'decor', 'opinion': 'of', 'sentiment': 'positive'}, {'aspect': 'decor', 'opinion': 'cool', 'sentiment': 'positive'}, {'aspect': 'decor', 'opinion': 'good', 'sentiment': 'positive'}, {'aspect': 'pita', 'opinion': 'of', 'sentiment': 'positive'}, {'aspect': 'pita', 'opinion': 'cool', 'sentiment': 'positive'}, {'aspect': 'pita', 'opinion': 'good', 'sentiment': 'positive'}]","['decor', 'pita']","['posi', 'cool', 'good']",[]
It is quite a spectacular scene i 'll give them that .,"[{'aspect': 'scene', 'opinion': 'spectacular', 'sentiment': 'positive'}]",[],[],['spec'],[]
The decor however seems to be the distraction so you wo n't notice that you just payed 300 bucks for some cold eggplant that took 2 FRICKIN HOURS TO COME ! ! ! !,"[{'aspect': 'decor', 'opinion': 'distraction', 'sentiment': 'neutral'}, {'aspect': 'eggplant', 'opinion': 'cold', 'sentiment': 'negative'}]",[],['decor'],[],[]
Great Hot Dogs !,"[{'aspect': 'Hot Dogs', 'opinion': 'Great', 'sentiment': 'positive'}]",[],[],[],[]
"The hot dogs are top notch , and they 're Slamwich is amazing !","[{'aspect': 'hot dogs', 'opinion': 'top notch', 'sentiment': 'positive'}, {'aspect': 'Slamwich', 'opinion': 'amazing', 'sentiment': 'positive'}]",[],"['hot dogs', 'slam', '##wich']","['top not', 'amaz']",[]
"Going to Bark is always worth the train ride , and will make your tongue and belly very happy !","[{'aspect': 'Bark', 'opinion': 'worth', 'sentiment': 'positive'}]","[{'aspect': 'Bark', 'opinion': 'worth', 'sentiment': 'positive'}]",['bark'],['worth'],[]
"But nonetheless -- great spot , great food .","[{'aspect': 'spot', 'opinion': 'great', 'sentiment': 'positive'}, {'aspect': 'food', 'opinion': 'great', 'sentiment': 'positive'}]",[],"['spot', 'food']","['great', 'great']",[]
Fabulous food - if the front of house staff do n't put you off –,"[{'aspect': 'food', 'opinion': 'Fabulous', 'sentiment': 'positive'}]",[],[],[],['##ulo']
"Each time we 've been , the front of house staff ( not the waiters - they 're fantastic - but the people who greet and seat you ) has been so hideous to us that were it not for the exceptional fish dishes I would never return .","[{'aspect': 'waiters', 'opinion': 'fantastic', 'sentiment': 'positive'}, {'aspect': 'front of house staff', 'opinion': 'hideous', 'sentiment': 'negative'}, {'aspect': 'fish dishes', 'opinion': 'exceptional', 'sentiment': 'positive'}]",[],"['house staff', 'wai']",[],[]
"As BFC does n't take reservations you almost always have to wait by the bar - and be abused by the front of house staff until you are seated , which can be over an hour later !","[{'aspect': 'front of house staff', 'opinion': 'abused', 'sentiment': 'negative'}]",[],['bfc'],[],[]
The frizzy retro girl ( with winged/ Dame Edna glasses ) will yell at you if you try to order a drink .,"[{'aspect': 'girl', 'opinion': 'frizzy', 'sentiment': 'negative'}]",[],[],[],[]
I 'd be horrified if my staff were turning away customers so early and so rudely !,"[{'aspect': 'staff', 'opinion': 'horrified', 'sentiment': 'negative'}]","[{'aspect': 'staff', 'opinion': 'if', 'sentiment': 'negative'}]",['staff'],[],['##rif']
"There 's another girl who I ca n't describe , she is about 5'6 '' with brown hair , who eavesdrops on your conversation and chimes in - except she only hears the last part of what you said , so her uninvited opinions are often out of context and nothing to do with what you 're *really* talking about .","[{'aspect': 'girl', 'opinion': 'uninvited', 'sentiment': 'negative'}]",[],[],[],[]
"Considering you will spend at least $ 60 a head , I expect better service .","[{'aspect': 'service', 'opinion': 'expect better', 'sentiment': 'negative'}]",[],[],['better'],[]
"The food and service were fine , however the maitre-D was incredibly unwelcoming and arrogant .","[{'aspect': 'food', 'opinion': 'fine', 'sentiment': 'positive'}, {'aspect': 'service', 'opinion': 'fine', 'sentiment': 'positive'}, {'aspect': 'maitre-D', 'opinion': 'unwelcoming', 'sentiment': 'negative'}, {'aspect': 'maitre-D', 'opinion': 'arrogant', 'sentiment': 'negative'}]",[],"['food', 'service', 'maitre - d']",[],['fine']
"While finishing our meals which included a high-end bottle of wine , our son 's fiance joined us for a glass of wine and dessert .","[{'aspect': 'bottle of wine', 'opinion': 'high-end', 'sentiment': 'positive'}]",[],['bottle of wine'],[],[]
"This guy refused to seat her and she left , followed shortly by the four of us , but not before I told him that in my 40 years of world travel , including Paris , that I had never seen such a display of bad behavior by a frontman in a restaurant .","[{'aspect': 'frontman', 'opinion': 'bad', 'sentiment': 'negative'}]",[],['guy'],[],[]
Best meal in a long time !,"[{'aspect': 'meal', 'opinion': 'Best', 'sentiment': 'positive'}]",[],['meal'],[],[]
Mussles and calamari were superb Saturday evening .,"[{'aspect': 'Mussles', 'opinion': 'superb', 'sentiment': 'positive'}, {'aspect': 'calamari', 'opinion': 'superb', 'sentiment': 'positive'}]",[],['##sles and calamari'],[],[]
I had the Lamb special which was perfect .,"[{'aspect': 'Lamb special', 'opinion': 'perfect', 'sentiment': 'positive'}]","[{'aspect': 'Lamb special', 'opinion': 'perfect', 'sentiment': 'positive'}]",['lamb special'],['perfect'],[]
"My father had the flank steak which was very good , and my mother had the swordfish .","[{'aspect': 'flank steak', 'opinion': 'good', 'sentiment': 'positive'}]",[],['flank steak'],['good'],[]
The Four Seasons restaurant is a great experience .,"[{'aspect': 'The Four Seasons restaurant', 'opinion': 'great', 'sentiment': 'positive'}]","[{'aspect': 'Seasons', 'opinion': 'great', 'sentiment': 'positive'}, {'aspect': 'restaurant', 'opinion': 'great', 'sentiment': 'positive'}]","['seasons', 'restaurant']",['great'],[]
The food is great and the environment is even better .,"[{'aspect': 'food', 'opinion': 'great', 'sentiment': 'positive'}, {'aspect': 'environment', 'opinion': 'better', 'sentiment': 'positive'}]",[],"['food', 'environment']","['great', 'better']",[]
Here the hot dog is elevated to the level of a real entree with numerous variations available .,"[{'aspect': 'hot dog', 'opinion': 'elevated', 'sentiment': 'positive'}]","[{'aspect': 'hot dog', 'opinion': 'Here', 'sentiment': 'negative'}, {'aspect': 'hot dog', 'opinion': 'the', 'sentiment': 'negative'}]",['hot dog'],[],"['ele', 'num']"
Great Atmosphere,"[{'aspect': 'Atmosphere', 'opinion': 'Great', 'sentiment': 'positive'}]",[],[],[],[]
"I highly recommend the fish tacos , everything else was ok .","[{'aspect': 'fish tacos', 'opinion': 'recommend', 'sentiment': 'positive'}]","[{'aspect': 'fish tacos', 'opinion': 'I', 'sentiment': 'positive'}]",['fish tacos'],['rec'],[]
"Cool atmosphere , the fire place in the back really ads to it but needs a bit more heat throughout on a cold night .","[{'aspect': 'atmosphere', 'opinion': 'Cool', 'sentiment': 'positive'}]",[],"['atmosphere', 'fire place']",[],[]
Poor service and management,"[{'aspect': 'service', 'opinion': 'Poor', 'sentiment': 'negative'}, {'aspect': 'management', 'opinion': 'Poor', 'sentiment': 'negative'}]",[],['service'],[],[]
Had an awful experience at Casa la Femme on a Saturday dinner .,"[{'aspect': 'Casa la Femme', 'opinion': 'awful', 'sentiment': 'negative'}]",[],[],[],[]
The manager was rude and handled the situation extremely poorly .,"[{'aspect': 'manager', 'opinion': 'rude', 'sentiment': 'negative'}]","[{'aspect': 'manager', 'opinion': 'rude', 'sentiment': 'negative'}, {'aspect': 'manager', 'opinion': 'poorly', 'sentiment': 'negative'}]",['manager'],[],"['rud', 'poor']"
Can ’ t believe how an expensive NYC restaurant can be so disrespectful to its clients .,"[{'aspect': 'restaurant', 'opinion': 'expensive', 'sentiment': 'negative'}]",[],[],[],['exp']
"The food is very good , but not outstanding .","[{'aspect': 'food', 'opinion': 'good', 'sentiment': 'neutral'}, {'aspect': 'food', 'opinion': 'not outstanding', 'sentiment': 'neutral'}]",[],['food'],['good'],[]
"The bread was stale , the salad was overpriced and empty .","[{'aspect': 'bread', 'opinion': 'stale', 'sentiment': 'negative'}, {'aspect': 'salad', 'opinion': 'overpriced', 'sentiment': 'negative'}, {'aspect': 'salad', 'opinion': 'empty', 'sentiment': 'negative'}]",[],"['bre', '##ad', 'salad']",[],"['stale', 'overprice']"
"The pasta was well cooked , did n't have enough sauce though or flavor .","[{'aspect': 'pasta', 'opinion': 'well cooked', 'sentiment': 'negative'}]","[{'aspect': 'pasta', 'opinion': 'well cooked', 'sentiment': 'negative'}, {'aspect': 'sauce', 'opinion': 'well cooked', 'sentiment': 'negative'}]","['pasta', 'sauce']",[],['well cooked']
The hostess was rude and I got a distinct feeling that they did not want to serve us .,"[{'aspect': 'hostess', 'opinion': 'rude', 'sentiment': 'negative'}]","[{'aspect': 'got', 'opinion': 'rude', 'sentiment': 'negative'}, {'aspect': 'got', 'opinion': 'did', 'sentiment': 'negative'}, {'aspect': 'The', 'opinion': 'rude', 'sentiment': 'negative'}, {'aspect': 'The', 'opinion': 'did', 'sentiment': 'negative'}]","['host', '##ess']",[],"['rud', 'dist']"
The only thing that my friend left out is that when we sat down at the bar the bartender disappeared .,"[{'aspect': 'bartender', 'opinion': 'disappeared', 'sentiment': 'negative'}]",[],[],[],[]
Shame on this place for the horrible rude staff and non-existent customer service .,"[{'aspect': 'staff', 'opinion': 'rude', 'sentiment': 'negative'}, {'aspect': 'customer service', 'opinion': 'non-existent', 'sentiment': 'negative'}]",[],['rud'],[],[]
bad staff,"[{'aspect': 'staff', 'opinion': 'bad', 'sentiment': 'negative'}]",[],[],[],[]
I generally like this place .,"[{'aspect': 'place', 'opinion': 'like', 'sentiment': 'positive'}]",[],[],['like'],[]
The food is good .,"[{'aspect': 'food', 'opinion': 'good', 'sentiment': 'positive'}]",[],['food'],['good'],[]
The design of the space is good .,"[{'aspect': 'space', 'opinion': 'good', 'sentiment': 'positive'}]",[],['space'],['good'],[]
But the service is HORRID !,"[{'aspect': 'service', 'opinion': 'HORRID', 'sentiment': 'negative'}]","[{'aspect': 'service', 'opinion': 'service', 'sentiment': 'negative'}]",['service'],[],['hor']
