text,prompt,target,raw_prediction,editdistance_prediction,cut_predictions,remove_predictions,string_preds
"The food is very good , but not outstanding .",extract aspect :,[{'aspect': 'food'}],[{'aspect': 'food'}],[{'aspect': 'food'}],[{'aspect': 'food'}],[{'aspect': 'food'}],( food )
"Personally I like the margherita pizza better , but they are all good .",extract aspect :,[{'aspect': 'margherita pizza'}],[{'aspect': 'margherita pizza'}],[{'aspect': 'margherita pizza'}],[{'aspect': 'margherita pizza'}],[{'aspect': 'margherita pizza'}],( margherita pizza )
Service not the friendliest to our `` large party '' !,extract aspect :,[{'aspect': 'Service'}],[{'aspect': 'Service'}],[{'aspect': 'Service'}],[{'aspect': 'Service'}],[{'aspect': 'Service'}],( Service )
The main entree was also very good .,extract aspect :,[{'aspect': 'main entree'}],[{'aspect': 'main entree'}],[{'aspect': 'main entree'}],[{'aspect': 'main entree'}],[{'aspect': 'main entree'}],( main entree )
"Reliable , Fresh Sushi",extract aspect :,[{'aspect': 'Sushi'}],[{'aspect': 'Sushi'}],[{'aspect': 'Sushi'}],[{'aspect': 'Sushi'}],[{'aspect': 'Sushi'}],( Sushi )
"Overall the food quality was pretty good , though I hear the salmon is much better when it has n't sat cooling in front of the guest .",extract aspect :,[{'aspect': 'food'}],"[{'aspect': 'salmon'}, {'aspect': 'food'}]","[{'aspect': 'salmon'}, {'aspect': 'food'}]","[{'aspect': 'salmon'}, {'aspect': 'food'}]","[{'aspect': 'salmon'}, {'aspect': 'food'}]",( food ) ; ( salmon )
"Excellent food , although the interior could use some help .",extract aspect :,"[{'aspect': 'food'}, {'aspect': 'interior'}]",[{'aspect': 'food'}],[{'aspect': 'food'}],[{'aspect': 'food'}],[{'aspect': 'food'}],( food )
Great Shabu Shabu,extract aspect :,[{'aspect': 'Shabu Shabu'}],[{'aspect': 'Shabu Shabu Shabu'}],[{'aspect': 'Great Shabu Shabu'}],[{'aspect': 'Shabu Shabu'}],[],( Shabu Shabu Shabu )
I noticed alot of indian people eatting there which is a great sign for an indian place !,extract aspect :,[{'aspect': 'indian place'}],[{'aspect': 'indian people'}],[{'aspect': 'indian people'}],[{'aspect': 'indian people'}],[{'aspect': 'indian people'}],( indian people )
The place is beautiful !,extract aspect :,[{'aspect': 'place'}],[{'aspect': 'place'}],[{'aspect': 'place'}],[{'aspect': 'place'}],[{'aspect': 'place'}],( place )
"Price is high but the food is good , so I would come back again .",extract aspect :,[{'aspect': 'food'}],[{'aspect': 'food'}],[{'aspect': 'food'}],[{'aspect': 'food'}],[{'aspect': 'food'}],( food )
Everyone raved about the atmosphere ( elegant rooms and absolutely incomparable views ) and the fabulous food !,extract aspect :,"[{'aspect': 'atmosphere'}, {'aspect': 'rooms'}, {'aspect': 'views'}, {'aspect': 'food'}]","[{'aspect': 'food'}, {'aspect': 'rooms'}, {'aspect': 'views'}, {'aspect': 'atmosphere'}]","[{'aspect': 'food'}, {'aspect': 'rooms'}, {'aspect': 'views'}, {'aspect': 'atmosphere'}]","[{'aspect': 'food'}, {'aspect': 'rooms'}, {'aspect': 'views'}, {'aspect': 'atmosphere'}]","[{'aspect': 'food'}, {'aspect': 'rooms'}, {'aspect': 'views'}, {'aspect': 'atmosphere'}]",( atmosphere ) ; ( rooms ) ; ( views ) ; ( food )
"The manager came to the table and said we can do what we want , so we paid for what we did enjoy , the drinks and appetizers , and walked out .",extract aspect :,"[{'aspect': 'drinks'}, {'aspect': 'appetizers'}]","[{'aspect': 'appetizers'}, {'aspect': 'drinks'}]","[{'aspect': 'appetizers'}, {'aspect': 'drinks'}]","[{'aspect': 'appetizers'}, {'aspect': 'drinks'}]","[{'aspect': 'appetizers'}, {'aspect': 'drinks'}]",( drinks ) ; ( appetizers )
the hot dogs were juicy and tender inside and had plenty of crunch and snap on the outside .,extract aspect :,[{'aspect': 'hot dogs'}],[{'aspect': 'hot dogs'}],[{'aspect': 'hot dogs'}],[{'aspect': 'hot dogs'}],[{'aspect': 'hot dogs'}],( hot dogs )
Single Worst Restaurant in Manhattan,extract aspect :,[{'aspect': 'Restaurant'}],[{'aspect': 'Restaurant'}],[{'aspect': 'Restaurant'}],[{'aspect': 'Restaurant'}],[{'aspect': 'Restaurant'}],( Restaurant )
"There was no tap beer that evening , which was a disappointment .",extract aspect :,[{'aspect': 'beer'}],[{'aspect': 'tap beer'}],[{'aspect': 'tap beer'}],[{'aspect': 'tap beer'}],[{'aspect': 'tap beer'}],( tap beer )
Sushi experience was unbelievable with my fiance .,extract aspect :,[{'aspect': 'Sushi'}],[{'aspect': 'Sushi'}],[{'aspect': 'Sushi'}],[{'aspect': 'Sushi'}],[{'aspect': 'Sushi'}],( Sushi )
The environment is very upscale and you will see a lot of rich guys with trophy wives or just highly paid escorts .,extract aspect :,[{'aspect': 'environment'}],"[{'aspect': 'trophy wives'}, {'aspect': 'rich guys'}, {'aspect': 'environment'}, {'aspect': 'escorts'}]","[{'aspect': 'trophy wives'}, {'aspect': 'rich guys'}, {'aspect': 'environment'}, {'aspect': 'escorts'}]","[{'aspect': 'trophy wives'}, {'aspect': 'rich guys'}, {'aspect': 'environment'}, {'aspect': 'escorts'}]","[{'aspect': 'trophy wives'}, {'aspect': 'rich guys'}, {'aspect': 'environment'}, {'aspect': 'escorts'}]",( environment ) ; ( rich guys ) ; ( trophy wives ) ; ( escorts )
"The hot dogs are good , yes , but the reason to get over here is the fantastic pork croquette sandwich , perfect on its supermarket squishy bun .",extract aspect :,"[{'aspect': 'hot dogs'}, {'aspect': 'pork croquette sandwich'}, {'aspect': 'bun'}]","[{'aspect': 'hot dogs'}, {'aspect': 'bun'}, {'aspect': 'pork croquette sandwich'}]","[{'aspect': 'hot dogs'}, {'aspect': 'bun'}, {'aspect': 'pork croquette sandwich'}]","[{'aspect': 'hot dogs'}, {'aspect': 'bun'}, {'aspect': 'pork croquette sandwich'}]","[{'aspect': 'hot dogs'}, {'aspect': 'bun'}, {'aspect': 'pork croquette sandwich'}]",( hot dogs ) ; ( pork croquette sandwich ) ; ( bun )
"However , once I received my predictably mediocre order of what Dokebi thinks passes as Korean fair , ( sometimes you have to settle when it 's your only option ) , I got through about half my kimchee before I found a piece of random lettuce accompanied by a far more disgusting , slimy , clearly bad piece of fish skin .",extract aspect :,"[{'aspect': 'kimchee'}, {'aspect': 'Korean fair'}]","[{'aspect': 'fish skin'}, {'aspect': 'kimchee'}]","[{'aspect': 'fish skin'}, {'aspect': 'kimchee'}]","[{'aspect': 'fish skin'}, {'aspect': 'kimchee'}]","[{'aspect': 'fish skin'}, {'aspect': 'kimchee'}]",( kimchee ) ; ( fish skin )
Not a very fancy place but very good Chinese style Indian food .,extract aspect :,"[{'aspect': 'place'}, {'aspect': 'Chinese style Indian food'}]",[{'aspect': 'Chinese style Indian food'}],[{'aspect': 'Chinese style Indian food'}],[{'aspect': 'Chinese style Indian food'}],[{'aspect': 'Chinese style Indian food'}],( Chinese style Indian food )
"I attended a holiday dinner at the restaurant , and the food was majorly disappointing .",extract aspect :,[{'aspect': 'food'}],[{'aspect': 'food'}],[{'aspect': 'food'}],[{'aspect': 'food'}],[{'aspect': 'food'}],( food )
"I 'll being with a couple of positives : cool decor , good pita and hummus , and grilled octopus that was actually pretty tasty .",extract aspect :,"[{'aspect': 'decor'}, {'aspect': 'pita'}, {'aspect': 'hummus'}, {'aspect': 'grilled octopus'}]","[{'aspect': 'grilled octopus'}, {'aspect': 'decor'}, {'aspect': 'pita and hummus'}]","[{'aspect': 'grilled octopus'}, {'aspect': 'decor'}, {'aspect': 'pita and hummus'}]","[{'aspect': 'grilled octopus'}, {'aspect': 'decor'}, {'aspect': 'pita and hummus'}]","[{'aspect': 'grilled octopus'}, {'aspect': 'decor'}, {'aspect': 'pita and hummus'}]",( decor ) ; ( pita and hummus ) ; ( grilled octopus )
"I LOOOVE their eggplant pizza , as well as their pastas !",extract aspect :,"[{'aspect': 'eggplant pizza'}, {'aspect': 'pastas'}]","[{'aspect': 'pastas'}, {'aspect': 'eggplant pizza'}]","[{'aspect': 'pastas'}, {'aspect': 'eggplant pizza'}]","[{'aspect': 'pastas'}, {'aspect': 'eggplant pizza'}]","[{'aspect': 'pastas'}, {'aspect': 'eggplant pizza'}]",( eggplant pizza ) ; ( pastas )
Great Atmosphere,extract aspect :,[{'aspect': 'Atmosphere'}],[{'aspect': 'Atmosphere'}],[{'aspect': 'Atmosphere'}],[{'aspect': 'Atmosphere'}],[{'aspect': 'Atmosphere'}],( Atmosphere )
But the service is HORRID !,extract aspect :,[{'aspect': 'service'}],[{'aspect': 'service'}],[{'aspect': 'service'}],[{'aspect': 'service'}],[{'aspect': 'service'}],( service )
"They have great rolls , the triple color and norwegetan rolls , are awesome and filling .",extract aspect :,"[{'aspect': 'rolls'}, {'aspect': 'triple color and norwegetan rolls'}]",[{'aspect': 'rolls'}],[{'aspect': 'rolls'}],[{'aspect': 'rolls'}],[{'aspect': 'rolls'}],( rolls ) ; ( rolls )
This establishment is the real deal .,extract aspect :,[{'aspect': 'establishment'}],[{'aspect': 'establishment'}],[{'aspect': 'establishment'}],[{'aspect': 'establishment'}],[{'aspect': 'establishment'}],( establishment )
We asked for sides which the waiter than admitted that he forgot to put in that part of our order .,extract aspect :,[{'aspect': 'waiter'}],[{'aspect': 'sides'}],[{'aspect': 'sides'}],[{'aspect': 'sides'}],[{'aspect': 'sides'}],( sides )
Can ’ t believe how an expensive NYC restaurant can be so disrespectful to its clients .,extract aspect :,[{'aspect': 'restaurant'}],[{'aspect': 'restaurant'}],[{'aspect': 'restaurant'}],[{'aspect': 'restaurant'}],[{'aspect': 'restaurant'}],( restaurant )
Everything on the menu is great .,extract aspect :,[{'aspect': 'menu'}],[{'aspect': 'menu'}],[{'aspect': 'menu'}],[{'aspect': 'menu'}],[{'aspect': 'menu'}],( menu )
I had the Lamb special which was perfect .,extract aspect :,[{'aspect': 'Lamb special'}],[{'aspect': 'Lamb special'}],[{'aspect': 'Lamb special'}],[{'aspect': 'Lamb special'}],[{'aspect': 'Lamb special'}],( Lamb special )
"I took one bite from the $ 24 salmon , and I have never , in the 17 years I have been going to restaurants tasted salmon as fishy , as dry , and as bland as the one in Flatbush Farms .",extract aspect :,[{'aspect': 'salmon'}],[{'aspect': 'salmon'}],[{'aspect': 'salmon'}],[{'aspect': 'salmon'}],[{'aspect': 'salmon'}],( salmon )
The stuff tilapia was horrid ... tasted like cardboard .,extract aspect :,[{'aspect': 'stuff tilapia'}],[{'aspect': 'stuff tilapia'}],[{'aspect': 'stuff tilapia'}],[{'aspect': 'stuff tilapia'}],[{'aspect': 'stuff tilapia'}],( stuff tilapia )
The appetizers we ordered were served quickly - an order of fried oysters and clams were delicious but a tiny portion ( maybe 3 of each ) .,extract aspect :,[{'aspect': 'fried oysters and clams'}],"[{'aspect': 'appetizers'}, {'aspect': 'fried oysters'}, {'aspect': 'clams'}]","[{'aspect': 'appetizers'}, {'aspect': 'fried oysters'}, {'aspect': 'clams'}]","[{'aspect': 'appetizers'}, {'aspect': 'fried oysters'}, {'aspect': 'clams'}]","[{'aspect': 'appetizers'}, {'aspect': 'fried oysters'}, {'aspect': 'clams'}]",( appetizers ) ; ( fried oysters ) ; ( clams )
The entree was also very good .,extract aspect :,[{'aspect': 'entree'}],[{'aspect': 'entree'}],[{'aspect': 'entree'}],[{'aspect': 'entree'}],[{'aspect': 'entree'}],( entree )
great food,extract aspect :,[{'aspect': 'food'}],[{'aspect': 'food'}],[{'aspect': 'food'}],[{'aspect': 'food'}],[{'aspect': 'food'}],( food )
Easily the worst stir-fried squid I 've ever tasted .,extract aspect :,[{'aspect': 'stir-fried squid'}],[{'aspect': 'stir-fried squid'}],[{'aspect': 'stir-fried squid'}],[{'aspect': 'stir-fried squid'}],[{'aspect': 'stir-fried squid'}],( stir-fried squid )
The hostess was very pleasant .,extract aspect :,[{'aspect': 'hostess'}],[{'aspect': 'hostess'}],[{'aspect': 'hostess'}],[{'aspect': 'hostess'}],[{'aspect': 'hostess'}],( hostess )
I had the Thai style Fried Sea Bass ... which was very good .,extract aspect :,[{'aspect': 'Thai style Fried Sea Bass'}],[{'aspect': 'Thai style Fried Sea Bass'}],[{'aspect': 'Thai style Fried Sea Bass'}],[{'aspect': 'Thai style Fried Sea Bass'}],[{'aspect': 'Thai style Fried Sea Bass'}],( Thai style Fried Sea Bass )
amazing fresh dogs but best of all endless toppings ! ! !,extract aspect :,"[{'aspect': 'dogs'}, {'aspect': 'toppings'}]","[{'aspect': 'toppings'}, {'aspect': 'dogs'}]","[{'aspect': 'toppings'}, {'aspect': 'dogs'}]","[{'aspect': 'toppings'}, {'aspect': 'dogs'}]","[{'aspect': 'toppings'}, {'aspect': 'dogs'}]",( dogs ) ; ( toppings )
I generally like this place .,extract aspect :,[{'aspect': 'place'}],[{'aspect': 'place'}],[{'aspect': 'place'}],[{'aspect': 'place'}],[{'aspect': 'place'}],( place )
My daughter 's wedding reception at Water 's Edge received the highest compliments from our guests .,extract aspect :,"[{'aspect': ""Water 's Edge""}]",[{'aspect': 'guests'}],[{'aspect': 'guests'}],[{'aspect': 'guests'}],[{'aspect': 'guests'}],( guests )
Decor needs to be upgraded but the food is amazing !,extract aspect :,"[{'aspect': 'Decor'}, {'aspect': 'food'}]","[{'aspect': 'Decor'}, {'aspect': 'food'}]","[{'aspect': 'Decor'}, {'aspect': 'food'}]","[{'aspect': 'Decor'}, {'aspect': 'food'}]","[{'aspect': 'Decor'}, {'aspect': 'food'}]",( Decor ) ; ( food )
"Love this place , every time we are in the city this is one of the places we always go .",extract aspect :,[{'aspect': 'place'}],[{'aspect': 'place'}],[{'aspect': 'place'}],[{'aspect': 'place'}],[{'aspect': 'place'}],( place )
The food was ok and fair nothing to go crazy .,extract aspect :,[{'aspect': 'food'}],[{'aspect': 'food'}],[{'aspect': 'food'}],[{'aspect': 'food'}],[{'aspect': 'food'}],( food )
"All in all , I would return - as it was a beautiful restaurant - but I hope the staff pays more attention to the little details in the future .",extract aspect :,[{'aspect': 'restaurant'}],[{'aspect': 'restaurant'}],[{'aspect': 'restaurant'}],[{'aspect': 'restaurant'}],[{'aspect': 'restaurant'}],( restaurant )
"What really makes it shine is the food , which is aggressively seasoned with Cyrpriot spices , and all made in-house ( even the gyro meat and sausages ) , and made of much higher quality ingredients that might otherwise be expected .",extract aspect :,"[{'aspect': 'food'}, {'aspect': 'gyro meat'}, {'aspect': 'sausages'}, {'aspect': 'ingredients'}]","[{'aspect': 'ingredients'}, {'aspect': 'gyro meat and sausages'}, {'aspect': 'Cyrpriot spices'}, {'aspect': 'food'}]","[{'aspect': 'ingredients'}, {'aspect': 'gyro meat and sausages'}, {'aspect': 'Cyrpriot spices'}, {'aspect': 'food'}]","[{'aspect': 'ingredients'}, {'aspect': 'gyro meat and sausages'}, {'aspect': 'Cyrpriot spices'}, {'aspect': 'food'}]","[{'aspect': 'ingredients'}, {'aspect': 'gyro meat and sausages'}, {'aspect': 'Cyrpriot spices'}, {'aspect': 'food'}]",( food ) ; ( Cyrpriot spices ) ; ( gyro meat and sausages ) ; ( ingredients )
"Wish NY had more of these kind of places : intimate , superb food , homey , top notch all the way around , certainly worth the wait .",extract aspect :,[{'aspect': 'food'}],"[{'aspect': 'place'}, {'aspect': 'food'}]","[{'aspect': 'places'}, {'aspect': 'food'}]","[{'aspect': 'place'}, {'aspect': 'food'}]",[{'aspect': 'food'}],( food ) ; ( place ) ; ( food )
"great food , great wine list , great service in a great neighborhood ...",extract aspect :,"[{'aspect': 'food'}, {'aspect': 'wine list'}, {'aspect': 'service'}, {'aspect': 'neighborhood'}]","[{'aspect': 'neighborhood'}, {'aspect': 'wine list'}, {'aspect': 'service'}, {'aspect': 'food'}]","[{'aspect': 'neighborhood'}, {'aspect': 'wine list'}, {'aspect': 'service'}, {'aspect': 'food'}]","[{'aspect': 'neighborhood'}, {'aspect': 'wine list'}, {'aspect': 'service'}, {'aspect': 'food'}]","[{'aspect': 'neighborhood'}, {'aspect': 'wine list'}, {'aspect': 'service'}, {'aspect': 'food'}]",( food ) ; ( wine list ) ; ( service ) ; ( neighborhood )
"short and sweet – seating is great : it 's romantic , cozy and private .",extract aspect :,[{'aspect': 'seating'}],[{'aspect': 'seating'}],[{'aspect': 'seating'}],[{'aspect': 'seating'}],[{'aspect': 'seating'}],( seating )
Highly impressed from the decor to the food to the hospitality to the great night I had !,extract aspect :,"[{'aspect': 'decor'}, {'aspect': 'food'}]","[{'aspect': 'decor'}, {'aspect': 'night'}, {'aspect': 'hospitality'}, {'aspect': 'food'}]","[{'aspect': 'decor'}, {'aspect': 'night'}, {'aspect': 'hospitality'}, {'aspect': 'food'}]","[{'aspect': 'decor'}, {'aspect': 'night'}, {'aspect': 'hospitality'}, {'aspect': 'food'}]","[{'aspect': 'decor'}, {'aspect': 'night'}, {'aspect': 'hospitality'}, {'aspect': 'food'}]",( decor ) ; ( food ) ; ( hospitality ) ; ( night )
"As BFC does n't take reservations you almost always have to wait by the bar - and be abused by the front of house staff until you are seated , which can be over an hour later !",extract aspect :,[{'aspect': 'front of house staff'}],[{'aspect': 'front of house staff'}],[{'aspect': 'front of house staff'}],[{'aspect': 'front of house staff'}],[{'aspect': 'front of house staff'}],( front of house staff )
"Servers are all different , Greg is my favorite .",extract aspect :,[{'aspect': 'Greg'}],[{'aspect': 'Servers'}],[{'aspect': 'Servers'}],[{'aspect': 'Servers'}],[{'aspect': 'Servers'}],( Servers )
"Very `` normal Indian food '' , but done really well .",extract aspect :,[{'aspect': 'Indian food'}],[{'aspect': 'Indian food'}],[{'aspect': 'Indian food'}],[{'aspect': 'Indian food'}],[{'aspect': 'Indian food'}],( Indian food )
Over all it was a very nice romantic place .,extract aspect :,[{'aspect': 'place'}],[{'aspect': 'place'}],[{'aspect': 'place'}],[{'aspect': 'place'}],[{'aspect': 'place'}],( place )
"The food was good , the place was clean and affordable .",extract aspect :,"[{'aspect': 'food'}, {'aspect': 'place'}]","[{'aspect': 'place'}, {'aspect': 'food'}]","[{'aspect': 'place'}, {'aspect': 'food'}]","[{'aspect': 'place'}, {'aspect': 'food'}]","[{'aspect': 'place'}, {'aspect': 'food'}]",( food ) ; ( place )
"For me dishes a little oily , but overall dining experience good .",extract aspect :,[{'aspect': 'dishes'}],"[{'aspect': 'dishes'}, {'aspect': 'dining experience'}]","[{'aspect': 'dishes'}, {'aspect': 'dining experience'}]","[{'aspect': 'dishes'}, {'aspect': 'dining experience'}]","[{'aspect': 'dishes'}, {'aspect': 'dining experience'}]",( dishes ) ; ( dining experience )
Tasty Dog !,extract aspect :,[{'aspect': 'Dog'}],[{'aspect': 'Tasty Dog'}],[{'aspect': 'Tasty Dog'}],[{'aspect': 'Tasty Dog'}],[{'aspect': 'Tasty Dog'}],( Tasty Dog )
"My girlfriend , being slightly more aggressive , and having been equally disgusted causing her to throw out the remainder of her barely eaten meal , called back only to be informed that I was probably wrong and that it was most likely an oyster , and that we were also blacklisted from their restaurant .",extract aspect :,[{'aspect': 'meal'}],[{'aspect': 'meal'}],[{'aspect': 'meal'}],[{'aspect': 'meal'}],[{'aspect': 'meal'}],( meal )
"The Dancing , White River and Millenium rolls are musts .",extract aspect :,"[{'aspect': 'Dancing , White River and Millenium rolls'}]","[{'aspect': 'Dancing'}, {'aspect': 'White River'}, {'aspect': 'Millenium rolls'}]","[{'aspect': 'Dancing'}, {'aspect': 'White River'}, {'aspect': 'Millenium rolls'}]","[{'aspect': 'Dancing'}, {'aspect': 'White River'}, {'aspect': 'Millenium rolls'}]","[{'aspect': 'Dancing'}, {'aspect': 'White River'}, {'aspect': 'Millenium rolls'}]",( Dancing ) ; ( White River ) ; ( Millenium rolls )
"Overall , decent food at a good price , with friendly people .",extract aspect :,"[{'aspect': 'food'}, {'aspect': 'people'}]","[{'aspect': 'people'}, {'aspect': 'food'}]","[{'aspect': 'people'}, {'aspect': 'food'}]","[{'aspect': 'people'}, {'aspect': 'food'}]","[{'aspect': 'people'}, {'aspect': 'food'}]",( food ) ; ( people )
"never swaying , never a bad meal , never bad service ...",extract aspect :,"[{'aspect': 'meal'}, {'aspect': 'service'}]","[{'aspect': 'meal'}, {'aspect': 'service'}]","[{'aspect': 'meal'}, {'aspect': 'service'}]","[{'aspect': 'meal'}, {'aspect': 'service'}]","[{'aspect': 'meal'}, {'aspect': 'service'}]",( meal ) ; ( service )
"Oh , and I never write reviews -- I just was so moved by how bad this place was , I felt it was my duty to spread the word .",extract aspect :,[{'aspect': 'place'}],[{'aspect': 'place'}],[{'aspect': 'place'}],[{'aspect': 'place'}],[{'aspect': 'place'}],( place )
"While finishing our meals which included a high-end bottle of wine , our son 's fiance joined us for a glass of wine and dessert .",extract aspect :,[{'aspect': 'bottle of wine'}],[{'aspect': 'bottle of wine'}],[{'aspect': 'bottle of wine'}],[{'aspect': 'bottle of wine'}],[{'aspect': 'bottle of wine'}],( bottle of wine )
"for 7 years they have put out the most tasty , most delicious food and kept it that way ...",extract aspect :,[{'aspect': 'food'}],[{'aspect': 'food'}],[{'aspect': 'food'}],[{'aspect': 'food'}],[{'aspect': 'food'}],( food )
"The bibimbap was average , but the stone bowl was n't even close to sizzling .",extract aspect :,"[{'aspect': 'bibimbap'}, {'aspect': 'stone bowl'}]","[{'aspect': 'bibimbap'}, {'aspect': 'stone bowl'}]","[{'aspect': 'bibimbap'}, {'aspect': 'stone bowl'}]","[{'aspect': 'bibimbap'}, {'aspect': 'stone bowl'}]","[{'aspect': 'bibimbap'}, {'aspect': 'stone bowl'}]",( bibimbap ) ; ( stone bowl )
The have a great cocktail with Citrus Vodka and lemon and lime juice and mint leaves that is to die for !,extract aspect :,[{'aspect': 'cocktail with Citrus Vodka and lemon and lime juice and mint leaves'}],"[{'aspect': 'cocktail'}, {'aspect': 'lemon and lime juice'}, {'aspect': 'mint leaves'}]","[{'aspect': 'cocktail'}, {'aspect': 'lemon and lime juice'}, {'aspect': 'mint leaves'}]","[{'aspect': 'cocktail'}, {'aspect': 'lemon and lime juice'}, {'aspect': 'mint leaves'}]","[{'aspect': 'cocktail'}, {'aspect': 'lemon and lime juice'}, {'aspect': 'mint leaves'}]",( cocktail ) ; ( lemon and lime juice ) ; ( mint leaves )
"im not necessarily fanatical about this place , but it was a fun time for low pirces .",extract aspect :,[{'aspect': 'place'}],[{'aspect': 'place'}],[{'aspect': 'place'}],[{'aspect': 'place'}],[{'aspect': 'place'}],( place )
We have gone for dinner only a few times but the same great quality and service is given .,extract aspect :,"[{'aspect': 'service'}, {'aspect': 'dinner'}]","[{'aspect': 'quality'}, {'aspect': 'service'}]","[{'aspect': 'quality'}, {'aspect': 'service'}]","[{'aspect': 'quality'}, {'aspect': 'service'}]","[{'aspect': 'quality'}, {'aspect': 'service'}]",( quality ) ; ( service )
Excellent food for great prices,extract aspect :,[{'aspect': 'food'}],[{'aspect': 'food'}],[{'aspect': 'food'}],[{'aspect': 'food'}],[{'aspect': 'food'}],( food )
"Food was amazing - I love Indian food and eat it quite regularly , but I can say this is one of the best I 've had .",extract aspect :,[{'aspect': 'Food'}],[{'aspect': 'Food'}],[{'aspect': 'Food'}],[{'aspect': 'Food'}],[{'aspect': 'Food'}],( Food )
"Best Indian Chinese in the city , by far !",extract aspect :,[{'aspect': 'Indian Chinese'}],[{'aspect': 'Indian Chinese'}],[{'aspect': 'Indian Chinese'}],[{'aspect': 'Indian Chinese'}],[{'aspect': 'Indian Chinese'}],( Indian Chinese )
"For a restaurant with such a good reputation and that is usually so packed , there was no reason for such a lack of intelligent customer service .",extract aspect :,"[{'aspect': 'restaurant'}, {'aspect': 'customer service'}]",[{'aspect': 'customer service'}],[{'aspect': 'customer service'}],[{'aspect': 'customer service'}],[{'aspect': 'customer service'}],( customer service )
"They are extremely rude , not even apologizing for the horrible service we got and handing us a bill well over $ 500 for some drinks adn their pita bread !",extract aspect :,[{'aspect': 'service'}],"[{'aspect': 'bill'}, {'aspect': 'service'}]","[{'aspect': 'bill'}, {'aspect': 'service'}]","[{'aspect': 'bill'}, {'aspect': 'service'}]","[{'aspect': 'bill'}, {'aspect': 'service'}]",( service ) ; ( bill )
Great survice,extract aspect :,[{'aspect': 'survice'}],[{'aspect': 'survice'}],[{'aspect': 'survice'}],[{'aspect': 'survice'}],[{'aspect': 'survice'}],( survice )
Had no flavor and the staff is rude and not attentive .,extract aspect :,[{'aspect': 'staff'}],[{'aspect': 'staff'}],[{'aspect': 'staff'}],[{'aspect': 'staff'}],[{'aspect': 'staff'}],( staff )
"All in all , the food was great ( except for the dessserts ) .",extract aspect :,[{'aspect': 'food'}],[{'aspect': 'food'}],[{'aspect': 'food'}],[{'aspect': 'food'}],[{'aspect': 'food'}],( food )
"the spinach is fresh , definately not frozen ...",extract aspect :,[{'aspect': 'spinach'}],[{'aspect': 'spinach'}],[{'aspect': 'spinach'}],[{'aspect': 'spinach'}],[{'aspect': 'spinach'}],( spinach )
"Look , the appetizers were really good .",extract aspect :,[{'aspect': 'appetizers'}],[{'aspect': 'appetizers'}],[{'aspect': 'appetizers'}],[{'aspect': 'appetizers'}],[{'aspect': 'appetizers'}],( appetizers )
The food is great and the environment is even better .,extract aspect :,"[{'aspect': 'food'}, {'aspect': 'environment'}]","[{'aspect': 'environment'}, {'aspect': 'food'}]","[{'aspect': 'environment'}, {'aspect': 'food'}]","[{'aspect': 'environment'}, {'aspect': 'food'}]","[{'aspect': 'environment'}, {'aspect': 'food'}]",( food ) ; ( environment )
Amazing food .,extract aspect :,[{'aspect': 'food'}],[{'aspect': 'food'}],[{'aspect': 'food'}],[{'aspect': 'food'}],[{'aspect': 'food'}],( food )
I never write on these sites but this restaurant is def worth commending !,extract aspect :,[{'aspect': 'restaurant'}],[{'aspect': 'restaurant'}],[{'aspect': 'restaurant'}],[{'aspect': 'restaurant'}],[{'aspect': 'restaurant'}],( restaurant )
The martinis are amazing and very fairly priced .,extract aspect :,[{'aspect': 'martinis'}],[{'aspect': 'martinis'}],[{'aspect': 'martinis'}],[{'aspect': 'martinis'}],[{'aspect': 'martinis'}],( martinis )
The veal and the mushrooms were cooked perfectly .,extract aspect :,"[{'aspect': 'veal'}, {'aspect': 'mushrooms'}]","[{'aspect': 'veal'}, {'aspect': 'mushrooms'}]","[{'aspect': 'veal'}, {'aspect': 'mushrooms'}]","[{'aspect': 'veal'}, {'aspect': 'mushrooms'}]","[{'aspect': 'veal'}, {'aspect': 'mushrooms'}]",( veal ) ; ( mushrooms )
The menu is fairly simple without much descriptions .,extract aspect :,[{'aspect': 'menu'}],[{'aspect': 'menu'}],[{'aspect': 'menu'}],[{'aspect': 'menu'}],[{'aspect': 'menu'}],( menu )
Favorite Sushi in NYC,extract aspect :,[{'aspect': 'Sushi'}],[{'aspect': 'Sushi'}],[{'aspect': 'Sushi'}],[{'aspect': 'Sushi'}],[{'aspect': 'Sushi'}],( Sushi )
Dessert : pure disaster .,extract aspect :,[{'aspect': 'Dessert'}],[{'aspect': 'Dessert'}],[{'aspect': 'Dessert'}],[{'aspect': 'Dessert'}],[{'aspect': 'Dessert'}],( Dessert )
"Not only is it an adventure getting to this somewhat hidden spot , once you enter the unmarked wooden doors , the zen and intimate décor will make you feel like you ’ re no longer in the city .",extract aspect :,"[{'aspect': 'spot'}, {'aspect': 'décor'}]","[{'aspect': 'unmarked wooden doors'}, {'aspect': 'décor'}]","[{'aspect': 'unmarked wooden doors'}, {'aspect': 'décor'}]","[{'aspect': 'unmarked wooden doors'}, {'aspect': 'décor'}]","[{'aspect': 'unmarked wooden doors'}, {'aspect': 'décor'}]",( décor ) ; ( unmarked wooden doors )
"The DJ is awesome , I have been there for my birthday and a bunch of other times with friends and I keep going back .",extract aspect :,[{'aspect': 'DJ'}],[{'aspect': 'DJ'}],[{'aspect': 'DJ'}],[{'aspect': 'DJ'}],[{'aspect': 'DJ'}],( DJ )
"However , our $ 14 drinks were were horrible !",extract aspect :,[{'aspect': 'drinks'}],[{'aspect': 'drinks'}],[{'aspect': 'drinks'}],[{'aspect': 'drinks'}],[{'aspect': 'drinks'}],( drinks )
The atmosphere was great .,extract aspect :,[{'aspect': 'atmosphere'}],[{'aspect': 'atmosphere'}],[{'aspect': 'atmosphere'}],[{'aspect': 'atmosphere'}],[{'aspect': 'atmosphere'}],( atmosphere )
overpriced japanese food with mediocre service,extract aspect :,"[{'aspect': 'japanese food'}, {'aspect': 'service'}]","[{'aspect': 'service'}, {'aspect': 'japanese food'}]","[{'aspect': 'service'}, {'aspect': 'japanese food'}]","[{'aspect': 'service'}, {'aspect': 'japanese food'}]","[{'aspect': 'service'}, {'aspect': 'japanese food'}]",( japanese food ) ; ( service )
The frizzy retro girl ( with winged/ Dame Edna glasses ) will yell at you if you try to order a drink .,extract aspect :,[{'aspect': 'girl'}],"[{'aspect': 'Dame Edna glasses'}, {'aspect': 'frizzy retro girl'}, {'aspect': 'winged'}]","[{'aspect': 'Dame Edna glasses'}, {'aspect': 'frizzy retro girl'}, {'aspect': 'winged/'}]","[{'aspect': 'Dame Edna glasses'}, {'aspect': 'frizzy retro girl'}, {'aspect': 'winged'}]","[{'aspect': 'Dame Edna glasses'}, {'aspect': 'frizzy retro girl'}]",( frizzy retro girl ) ; ( winged ) ; ( Dame Edna glasses )
"The pastas are incredible , the risottos ( particularly the sepia ) are fantastic and the braised rabbit is amazing .",extract aspect :,"[{'aspect': 'pastas'}, {'aspect': 'risottos'}, {'aspect': 'sepia'}, {'aspect': 'braised rabbit'}]","[{'aspect': 'sepia )'}, {'aspect': 'braised rabbit'}, {'aspect': 'pastas'}, {'aspect': 'risottos'}]","[{'aspect': 'sepia )'}, {'aspect': 'braised rabbit'}, {'aspect': 'pastas'}, {'aspect': 'risottos'}]","[{'aspect': 'sepia )'}, {'aspect': 'braised rabbit'}, {'aspect': 'pastas'}, {'aspect': 'risottos'}]","[{'aspect': 'sepia )'}, {'aspect': 'braised rabbit'}, {'aspect': 'pastas'}, {'aspect': 'risottos'}]",( pastas ) ; ( risottos ) ; ( sepia /CB/ ) ; ( braised rabbit )
"I read reviews that called the restaurant too expensive and I thought to myself , but may be it is worth it .",extract aspect :,[{'aspect': 'restaurant'}],[{'aspect': 'restaurant'}],[{'aspect': 'restaurant'}],[{'aspect': 'restaurant'}],[{'aspect': 'restaurant'}],( restaurant )
A weakness is the chicken in the salads .,extract aspect :,[{'aspect': 'chicken in the salads'}],[{'aspect': 'chicken in the salads'}],[{'aspect': 'chicken in the salads'}],[{'aspect': 'chicken in the salads'}],[{'aspect': 'chicken in the salads'}],( chicken in the salads )
"oh speaking of bathroom , the mens bathroom was disgusting .",extract aspect :,[{'aspect': 'mens bathroom'}],[{'aspect': 'mens bathroom'}],[{'aspect': 'mens bathroom'}],[{'aspect': 'mens bathroom'}],[{'aspect': 'mens bathroom'}],( mens bathroom )
"The food is flavorful , plentiful and reasonably priced .",extract aspect :,[{'aspect': 'food'}],[{'aspect': 'food'}],[{'aspect': 'food'}],[{'aspect': 'food'}],[{'aspect': 'food'}],( food )
Here the hot dog is elevated to the level of a real entree with numerous variations available .,extract aspect :,[{'aspect': 'hot dog'}],"[{'aspect': 'variations'}, {'aspect': 'hot dog'}]","[{'aspect': 'variations'}, {'aspect': 'hot dog'}]","[{'aspect': 'variations'}, {'aspect': 'hot dog'}]","[{'aspect': 'variations'}, {'aspect': 'hot dog'}]",( hot dog ) ; ( variations )
The wait staff is very courteous and accomodating .,extract aspect :,[{'aspect': 'wait staff'}],[{'aspect': 'wait staff'}],[{'aspect': 'wait staff'}],[{'aspect': 'wait staff'}],[{'aspect': 'wait staff'}],( wait staff )
The wine list was extensive - though the staff did not seem knowledgeable about wine pairings .,extract aspect :,"[{'aspect': 'wine list'}, {'aspect': 'staff'}]","[{'aspect': 'wine list'}, {'aspect': 'staff'}]","[{'aspect': 'wine list'}, {'aspect': 'staff'}]","[{'aspect': 'wine list'}, {'aspect': 'staff'}]","[{'aspect': 'wine list'}, {'aspect': 'staff'}]",( wine list ) ; ( staff )
Love Al Di La,extract aspect :,[{'aspect': 'Al Di La'}],[{'aspect': 'Al Di La'}],[{'aspect': 'Al Di La'}],[{'aspect': 'Al Di La'}],[{'aspect': 'Al Di La'}],( Al Di La )
"Also , I personally was n't a fan of the portobello and asparagus mole .",extract aspect :,[{'aspect': 'portobello and asparagus mole'}],"[{'aspect': 'portobello'}, {'aspect': 'asparagus mole'}]","[{'aspect': 'portobello'}, {'aspect': 'asparagus mole'}]","[{'aspect': 'portobello'}, {'aspect': 'asparagus mole'}]","[{'aspect': 'portobello'}, {'aspect': 'asparagus mole'}]",( portobello ) ; ( asparagus mole )
"The bar drinks were Eh , ok to say the least .",extract aspect :,[{'aspect': 'bar drinks'}],[{'aspect': 'bar drinks'}],[{'aspect': 'bar drinks'}],[{'aspect': 'bar drinks'}],[{'aspect': 'bar drinks'}],( bar drinks )
"The hot dogs are top notch , and they 're Slamwich is amazing !",extract aspect :,"[{'aspect': 'hot dogs'}, {'aspect': 'Slamwich'}]","[{'aspect': 'Slamwich'}, {'aspect': 'hot dogs'}]","[{'aspect': 'Slamwich'}, {'aspect': 'hot dogs'}]","[{'aspect': 'Slamwich'}, {'aspect': 'hot dogs'}]","[{'aspect': 'Slamwich'}, {'aspect': 'hot dogs'}]",( hot dogs ) ; ( Slamwich )
I love this place,extract aspect :,[{'aspect': 'place'}],[{'aspect': 'place'}],[{'aspect': 'place'}],[{'aspect': 'place'}],[{'aspect': 'place'}],( place )
I literally just got back home after visiting Casa La Femme and was so offended by my visit felt it necessary to try and warn other diners who value their money and time .,extract aspect :,[{'aspect': 'Casa La Femme'}],[{'aspect': 'Casa La Femme'}],[{'aspect': 'Casa La Femme'}],[{'aspect': 'Casa La Femme'}],[{'aspect': 'Casa La Femme'}],( Casa La Femme )
"My father had the flank steak which was very good , and my mother had the swordfish .",extract aspect :,[{'aspect': 'flank steak'}],"[{'aspect': 'flank steak'}, {'aspect': 'swordfish'}]","[{'aspect': 'flank steak'}, {'aspect': 'swordfish'}]","[{'aspect': 'flank steak'}, {'aspect': 'swordfish'}]","[{'aspect': 'flank steak'}, {'aspect': 'swordfish'}]",( flank steak ) ; ( swordfish )
Delivery guy sometimes get upset if you do n't tip more than 10 % .,extract aspect :,[{'aspect': 'Delivery guy'}],[{'aspect': 'Delivery guy'}],[{'aspect': 'Delivery guy'}],[{'aspect': 'Delivery guy'}],[{'aspect': 'Delivery guy'}],( Delivery guy )
Shame on this place for the horrible rude staff and non-existent customer service .,extract aspect :,"[{'aspect': 'staff'}, {'aspect': 'customer service'}]","[{'aspect': 'customer service'}, {'aspect': 'staff'}]","[{'aspect': 'customer service'}, {'aspect': 'staff'}]","[{'aspect': 'customer service'}, {'aspect': 'staff'}]","[{'aspect': 'customer service'}, {'aspect': 'staff'}]",( staff ) ; ( customer service )
great hot dogs .,extract aspect :,[{'aspect': 'hot dogs'}],[{'aspect': 'hot dogs'}],[{'aspect': 'hot dogs'}],[{'aspect': 'hot dogs'}],[{'aspect': 'hot dogs'}],( hot dogs )
"They have a delicious banana chocolate dessert , as well as a great green tea tempura .",extract aspect :,"[{'aspect': 'banana chocolate dessert'}, {'aspect': 'green tea tempura'}]","[{'aspect': 'banana chocolate dessert'}, {'aspect': 'green tea tempura'}]","[{'aspect': 'banana chocolate dessert'}, {'aspect': 'green tea tempura'}]","[{'aspect': 'banana chocolate dessert'}, {'aspect': 'green tea tempura'}]","[{'aspect': 'banana chocolate dessert'}, {'aspect': 'green tea tempura'}]",( banana chocolate dessert ) ; ( green tea tempura )
The decor however seems to be the distraction so you wo n't notice that you just payed 300 bucks for some cold eggplant that took 2 FRICKIN HOURS TO COME ! ! ! !,extract aspect :,"[{'aspect': 'decor'}, {'aspect': 'eggplant'}]",[{'aspect': 'decor'}],[{'aspect': 'decor'}],[{'aspect': 'decor'}],[{'aspect': 'decor'}],( decor )
The waitress was not attentive at all .,extract aspect :,[{'aspect': 'waitress'}],[{'aspect': 'waitress'}],[{'aspect': 'waitress'}],[{'aspect': 'waitress'}],[{'aspect': 'waitress'}],( waitress )
"Cool atmosphere , the fire place in the back really ads to it but needs a bit more heat throughout on a cold night .",extract aspect :,[{'aspect': 'atmosphere'}],"[{'aspect': 'fire place'}, {'aspect': 'atmosphere'}]","[{'aspect': 'fire place'}, {'aspect': 'atmosphere'}]","[{'aspect': 'fire place'}, {'aspect': 'atmosphere'}]","[{'aspect': 'fire place'}, {'aspect': 'atmosphere'}]",( atmosphere ) ; ( fire place )
The appetizers are also delicious !,extract aspect :,[{'aspect': 'appetizers'}],[{'aspect': 'appetizers'}],[{'aspect': 'appetizers'}],[{'aspect': 'appetizers'}],[{'aspect': 'appetizers'}],( appetizers )
"The service leaves much to be desired , from feeling like you are rushed the place your order , to being ignored the rest of the night .",extract aspect :,[{'aspect': 'service'}],[{'aspect': 'service'}],[{'aspect': 'service'}],[{'aspect': 'service'}],[{'aspect': 'service'}],( service )
"The place has a nice fit-out , some attractive furnishings and , from what I could tell , a reasonable wine list ( I was given the food menu when I asked for the carte des vins )",extract aspect :,"[{'aspect': 'fit-out'}, {'aspect': 'furnishings'}, {'aspect': 'wine list'}]","[{'aspect': 'wine list'}, {'aspect': 'furnishings'}]","[{'aspect': 'wine list'}, {'aspect': 'furnishings'}]","[{'aspect': 'wine list'}, {'aspect': 'furnishings'}]","[{'aspect': 'wine list'}, {'aspect': 'furnishings'}]",( furnishings ) ; ( wine list )
Dokebi gives Williamsburg the right one-two punch of classic Korean food and fusion twists like pork belly tacos .,extract aspect :,"[{'aspect': 'Korean food'}, {'aspect': 'fusion twists'}, {'aspect': 'pork belly tacos'}]","[{'aspect': 'Korean food'}, {'aspect': 'pork belly tacos'}]","[{'aspect': 'Korean food'}, {'aspect': 'pork belly tacos'}]","[{'aspect': 'Korean food'}, {'aspect': 'pork belly tacos'}]","[{'aspect': 'Korean food'}, {'aspect': 'pork belly tacos'}]",( Korean food ) ; ( pork belly tacos )
I completely recommend Casa La Femme for any special occasion and to REALLY impress your date .,extract aspect :,[{'aspect': 'Casa La Femme'}],[{'aspect': 'Casa La Femme'}],[{'aspect': 'Casa La Femme'}],[{'aspect': 'Casa La Femme'}],[{'aspect': 'Casa La Femme'}],( Casa La Femme )
"its just a fun place to go , not a five star restaraunt .",extract aspect :,[{'aspect': 'restaraunt'}],[{'aspect': 'place'}],[{'aspect': 'place'}],[{'aspect': 'place'}],[{'aspect': 'place'}],( place )
Great sake !,extract aspect :,[{'aspect': 'sake'}],[{'aspect': 'sake'}],[{'aspect': 'sake'}],[{'aspect': 'sake'}],[{'aspect': 'sake'}],( sake )
"One special roll and one regular roll is enough to fill you up , but save room for dessert !",extract aspect :,"[{'aspect': 'dessert'}, {'aspect': 'special roll'}, {'aspect': 'regular roll'}]","[{'aspect': 'roll'}, {'aspect': 'dessert'}]","[{'aspect': 'roll'}, {'aspect': 'dessert'}]","[{'aspect': 'roll'}, {'aspect': 'dessert'}]","[{'aspect': 'roll'}, {'aspect': 'dessert'}]",( roll ) ; ( dessert )
"The lobster knuckles ( special of the day ) were ok , but pretty tasteless .",extract aspect :,[{'aspect': 'lobster knuckles'}],"[{'aspect': 'lobster knuckles'}, {'aspect': 'special of the day'}]","[{'aspect': 'lobster knuckles'}, {'aspect': 'special of the day'}]","[{'aspect': 'lobster knuckles'}, {'aspect': 'special of the day'}]","[{'aspect': 'lobster knuckles'}, {'aspect': 'special of the day'}]",( lobster knuckles ) ; ( special of the day )
Super YUMMY Pizza !,extract aspect :,[{'aspect': 'Pizza'}],[{'aspect': 'Pizza'}],[{'aspect': 'Pizza'}],[{'aspect': 'Pizza'}],[{'aspect': 'Pizza'}],( Pizza )
Nice view of river and NYC .,extract aspect :,[{'aspect': 'view of river and NYC'}],[{'aspect': 'view'}],[{'aspect': 'view'}],[{'aspect': 'view'}],[{'aspect': 'view'}],( view )
The Four Seasons restaurant is a great experience .,extract aspect :,[{'aspect': 'The Four Seasons restaurant'}],[{'aspect': 'Four Seasons restaurant'}],[{'aspect': 'Four Seasons restaurant'}],[{'aspect': 'Four Seasons restaurant'}],[{'aspect': 'Four Seasons restaurant'}],( Four Seasons restaurant )
I highly recommend this beautiful place .,extract aspect :,[{'aspect': 'place'}],[{'aspect': 'place'}],[{'aspect': 'place'}],[{'aspect': 'place'}],[{'aspect': 'place'}],( place )
Patsy 's Pizza - true love,extract aspect :,"[{'aspect': ""Patsy 's Pizza""}]","[{'aspect': ""Patsy's Pizza""}]","[{'aspect': ""'s Pizza""}]",[{'aspect': 'Pizza'}],[],( Patsy's Pizza )
Love their drink menu .,extract aspect :,[{'aspect': 'drink menu'}],[{'aspect': 'drink menu'}],[{'aspect': 'drink menu'}],[{'aspect': 'drink menu'}],[{'aspect': 'drink menu'}],( drink menu )
Bukhara is on my top 5 Indian places in NYC,extract aspect :,[{'aspect': 'Bukhara'}],[{'aspect': 'Bukhara'}],[{'aspect': 'Bukhara'}],[{'aspect': 'Bukhara'}],[{'aspect': 'Bukhara'}],( Bukhara )
"But nonetheless -- great spot , great food .",extract aspect :,"[{'aspect': 'spot'}, {'aspect': 'food'}]","[{'aspect': 'spot'}, {'aspect': 'food'}]","[{'aspect': 'spot'}, {'aspect': 'food'}]","[{'aspect': 'spot'}, {'aspect': 'food'}]","[{'aspect': 'spot'}, {'aspect': 'food'}]",( spot ) ; ( food )
Had an awful experience at Casa la Femme on a Saturday dinner .,extract aspect :,[{'aspect': 'Casa la Femme'}],[{'aspect': 'Casa la Femme'}],[{'aspect': 'Casa la Femme'}],[{'aspect': 'Casa la Femme'}],[{'aspect': 'Casa la Femme'}],( Casa la Femme )
"Paul , the maitre d ' , was totally professional and always on top of things .",extract aspect :,[{'aspect': 'Paul'}],"[{'aspect': ""maitre d'""}]",[{'aspect': 'maitre d'}],[{'aspect': 'maitre'}],[],( maitre d')
Delivery can be spot on or lacking depending on the weather and the day of the week .,extract aspect :,[{'aspect': 'Delivery'}],[{'aspect': 'Delivery'}],[{'aspect': 'Delivery'}],[{'aspect': 'Delivery'}],[{'aspect': 'Delivery'}],( Delivery )
"Service ok but unfriendly , filthy bathroom .",extract aspect :,"[{'aspect': 'Service'}, {'aspect': 'bathroom'}]","[{'aspect': 'Service'}, {'aspect': 'bathroom'}]","[{'aspect': 'Service'}, {'aspect': 'bathroom'}]","[{'aspect': 'Service'}, {'aspect': 'bathroom'}]","[{'aspect': 'Service'}, {'aspect': 'bathroom'}]",( Service ) ; ( bathroom )
The real problem I had with this place was the complete lack of service .,extract aspect :,[{'aspect': 'service'}],[{'aspect': 'service'}],[{'aspect': 'service'}],[{'aspect': 'service'}],[{'aspect': 'service'}],( service )
The only thing that my friend left out is that when we sat down at the bar the bartender disappeared .,extract aspect :,[{'aspect': 'bartender'}],[{'aspect': 'bartender'}],[{'aspect': 'bartender'}],[{'aspect': 'bartender'}],[{'aspect': 'bartender'}],( bartender )
The omlette for brunch is great ...,extract aspect :,[{'aspect': 'omlette for brunch'}],[{'aspect': 'omlette for brunch'}],[{'aspect': 'omlette for brunch'}],[{'aspect': 'omlette for brunch'}],[{'aspect': 'omlette for brunch'}],( omlette for brunch )
"Our waitress was n't mean , but not especially warm or attentive either .",extract aspect :,[{'aspect': 'waitress'}],[{'aspect': 'waitress'}],[{'aspect': 'waitress'}],[{'aspect': 'waitress'}],[{'aspect': 'waitress'}],( waitress )
"The food was excellent as well as service , however , I left The Four Seasons very dissappointed .",extract aspect :,"[{'aspect': 'food'}, {'aspect': 'service'}, {'aspect': 'The Four Seasons'}]","[{'aspect': 'service'}, {'aspect': 'food'}]","[{'aspect': 'service'}, {'aspect': 'food'}]","[{'aspect': 'service'}, {'aspect': 'food'}]","[{'aspect': 'service'}, {'aspect': 'food'}]",( food ) ; ( service )
Good Food,extract aspect :,[{'aspect': 'Food'}],[{'aspect': 'Food'}],[{'aspect': 'Food'}],[{'aspect': 'Food'}],[{'aspect': 'Food'}],( Food )
This place has great indian chinese food .,extract aspect :,[{'aspect': 'indian chinese food'}],[{'aspect': 'indian chinese food'}],[{'aspect': 'indian chinese food'}],[{'aspect': 'indian chinese food'}],[{'aspect': 'indian chinese food'}],( indian chinese food )
"lobster was good , nothing spectacular .",extract aspect :,[{'aspect': 'lobster'}],[{'aspect': 'lobster'}],[{'aspect': 'lobster'}],[{'aspect': 'lobster'}],[{'aspect': 'lobster'}],( lobster )
The food here was mediocre at best .,extract aspect :,[{'aspect': 'food'}],[{'aspect': 'food'}],[{'aspect': 'food'}],[{'aspect': 'food'}],[{'aspect': 'food'}],( food )
"The crust has a great bite and a good chew , the sauce is light with a nice acidity to it , the salt from the cheese is great , really heightens the flavor of all the other components .",extract aspect :,"[{'aspect': 'crust'}, {'aspect': 'sauce'}, {'aspect': 'cheese'}]","[{'aspect': 'crust'}, {'aspect': 'acidity'}, {'aspect': 'salt from the cheese'}, {'aspect': 'flavor'}]","[{'aspect': 'crust'}, {'aspect': 'acidity'}, {'aspect': 'salt from the cheese'}, {'aspect': 'flavor'}]","[{'aspect': 'crust'}, {'aspect': 'acidity'}, {'aspect': 'salt from the cheese'}, {'aspect': 'flavor'}]","[{'aspect': 'crust'}, {'aspect': 'acidity'}, {'aspect': 'salt from the cheese'}, {'aspect': 'flavor'}]",( crust ) ; ( acidity ) ; ( salt from the cheese ) ; ( flavor )
I 'd be horrified if my staff were turning away customers so early and so rudely !,extract aspect :,[{'aspect': 'staff'}],[{'aspect': 'staff'}],[{'aspect': 'staff'}],[{'aspect': 'staff'}],[{'aspect': 'staff'}],( staff )
"The atmosphere was pretty nice but had a bit lacking , which it tries to make up for with a crazy scheme of mirrors .",extract aspect :,"[{'aspect': 'atmosphere'}, {'aspect': 'scheme of mirrors'}]",[{'aspect': 'atmosphere'}],[{'aspect': 'atmosphere'}],[{'aspect': 'atmosphere'}],[{'aspect': 'atmosphere'}],( atmosphere )
I book a gorgeous white organza tent which included a four course prix fix menu which we enjoyed a lot .,extract aspect :,"[{'aspect': 'four course prix fix menu'}, {'aspect': 'white organza tent'}]","[{'aspect': 'prix fix menu'}, {'aspect': 'white organza tent'}]","[{'aspect': 'prix fix menu'}, {'aspect': 'white organza tent'}]","[{'aspect': 'prix fix menu'}, {'aspect': 'white organza tent'}]","[{'aspect': 'prix fix menu'}, {'aspect': 'white organza tent'}]",( white organza tent ) ; ( prix fix menu )
Pacifico is a great place to casually hang out .,extract aspect :,[{'aspect': 'Pacifico'}],[{'aspect': 'Pacifico'}],[{'aspect': 'Pacifico'}],[{'aspect': 'Pacifico'}],[{'aspect': 'Pacifico'}],( Pacifico )
Too bad I had paid an extra $ 2 for the stone bowl .,extract aspect :,[{'aspect': 'stone bowl'}],[{'aspect': 'stone bowl'}],[{'aspect': 'stone bowl'}],[{'aspect': 'stone bowl'}],[{'aspect': 'stone bowl'}],( stone bowl )
A quintessential slice of NYC pizza .,extract aspect :,[{'aspect': 'slice of NYC pizza'}],[{'aspect': 'slice'}],[{'aspect': 'slice'}],[{'aspect': 'slice'}],[{'aspect': 'slice'}],( slice )
"The drinks are great , especially when made by Raymond .",extract aspect :,"[{'aspect': 'drinks'}, {'aspect': 'Raymond'}]",[{'aspect': 'drinks'}],[{'aspect': 'drinks'}],[{'aspect': 'drinks'}],[{'aspect': 'drinks'}],( drinks )
"I must say I am surprised by the bad reviews of the restaurant earlier in the year , though .",extract aspect :,[{'aspect': 'restaurant'}],[{'aspect': 'restaurant'}],[{'aspect': 'restaurant'}],[{'aspect': 'restaurant'}],[{'aspect': 'restaurant'}],( restaurant )
This place has ruined me for neighborhood sushi .,extract aspect :,[{'aspect': 'sushi'}],[{'aspect': 'place'}],[{'aspect': 'place'}],[{'aspect': 'place'}],[{'aspect': 'place'}],( place )
I 've enjoyed 99 % of the dishes we 've ordered with the only exceptions being the occasional too-authentic-for-me dish ( I 'm a daring eater but not THAT daring ) .,extract aspect :,"[{'aspect': 'dishes'}, {'aspect': 'dish'}]",[{'aspect': 'dishes'}],[{'aspect': 'dishes'}],[{'aspect': 'dishes'}],[{'aspect': 'dishes'}],( dishes )
"It was n't as if this restaurant had any major bragging points before hand , but now it 's simply repulsive .",extract aspect :,[{'aspect': 'restaurant'}],[{'aspect': 'restaurant'}],[{'aspect': 'restaurant'}],[{'aspect': 'restaurant'}],[{'aspect': 'restaurant'}],( restaurant )
"Each time we 've been , the front of house staff ( not the waiters - they 're fantastic - but the people who greet and seat you ) has been so hideous to us that were it not for the exceptional fish dishes I would never return .",extract aspect :,"[{'aspect': 'waiters'}, {'aspect': 'front of house staff'}, {'aspect': 'fish dishes'}]","[{'aspect': 'people'}, {'aspect': 'front of house staff'}, {'aspect': 'waiters'}]","[{'aspect': 'people'}, {'aspect': 'front of house staff'}, {'aspect': 'waiters'}]","[{'aspect': 'people'}, {'aspect': 'front of house staff'}, {'aspect': 'waiters'}]","[{'aspect': 'people'}, {'aspect': 'front of house staff'}, {'aspect': 'waiters'}]",( front of house staff ) ; ( waiters ) ; ( people )
"Considering you will spend at least $ 60 a head , I expect better service .",extract aspect :,[{'aspect': 'service'}],[{'aspect': 'service'}],[{'aspect': 'service'}],[{'aspect': 'service'}],[{'aspect': 'service'}],( service )
Subtle food and service,extract aspect :,"[{'aspect': 'food'}, {'aspect': 'service'}]","[{'aspect': 'service'}, {'aspect': 'food'}]","[{'aspect': 'service'}, {'aspect': 'food'}]","[{'aspect': 'service'}, {'aspect': 'food'}]","[{'aspect': 'service'}, {'aspect': 'food'}]",( food ) ; ( service )
bad staff,extract aspect :,[{'aspect': 'staff'}],[{'aspect': 'staff'}],[{'aspect': 'staff'}],[{'aspect': 'staff'}],[{'aspect': 'staff'}],( staff )
I took one look at the chicken and I was appalled .,extract aspect :,[{'aspect': 'chicken'}],[{'aspect': 'chicken'}],[{'aspect': 'chicken'}],[{'aspect': 'chicken'}],[{'aspect': 'chicken'}],( chicken )
The lunch buffet is expensive but is deff worth it .,extract aspect :,[{'aspect': 'lunch buffet'}],[{'aspect': 'lunch buffet'}],[{'aspect': 'lunch buffet'}],[{'aspect': 'lunch buffet'}],[{'aspect': 'lunch buffet'}],( lunch buffet )
This small Astoria souvlaki spot makes what many consider the best gyros in New York .,extract aspect :,[{'aspect': 'gyros'}],[{'aspect': 'gyros'}],[{'aspect': 'gyros'}],[{'aspect': 'gyros'}],[{'aspect': 'gyros'}],( gyros )
"All the various Greek and Cypriot dishes are excellent , but the gyro is the reason to come -- if you do n't eat one your trip was wasted .",extract aspect :,[{'aspect': 'Greek and Cypriot dishes'}],"[{'aspect': 'dishes'}, {'aspect': 'gyro'}]","[{'aspect': 'dishes'}, {'aspect': 'gyro'}]","[{'aspect': 'dishes'}, {'aspect': 'gyro'}]","[{'aspect': 'dishes'}, {'aspect': 'gyro'}]",( dishes ) ; ( gyro )
It is quite a spectacular scene i 'll give them that .,extract aspect :,[{'aspect': 'scene'}],[{'aspect': 'scene'}],[{'aspect': 'scene'}],[{'aspect': 'scene'}],[{'aspect': 'scene'}],( scene )
"I go out to eat and like my courses , servers are patient and never rush courses or force another drink .",extract aspect :,[{'aspect': 'servers'}],[{'aspect': 'servers'}],[{'aspect': 'servers'}],[{'aspect': 'servers'}],[{'aspect': 'servers'}],( servers )
My wife had barely touched that mess of a dish .,extract aspect :,[{'aspect': 'dish'}],[{'aspect': 'dish'}],[{'aspect': 'dish'}],[{'aspect': 'dish'}],[{'aspect': 'dish'}],( dish )
I would never recommend this place to anybody even for a casual dinner .,extract aspect :,[{'aspect': 'place'}],[{'aspect': 'place'}],[{'aspect': 'place'}],[{'aspect': 'place'}],[{'aspect': 'place'}],( place )
We were drawn into the belly dancing show that captivated the crowd .,extract aspect :,[{'aspect': 'belly dancing show'}],[{'aspect': 'belly dancing show'}],[{'aspect': 'belly dancing show'}],[{'aspect': 'belly dancing show'}],[{'aspect': 'belly dancing show'}],( belly dancing show )
"The menu looked great , and the waiter was very nice , but when the food came , it was average .",extract aspect :,"[{'aspect': 'waiter'}, {'aspect': 'food'}]","[{'aspect': 'waiter'}, {'aspect': 'menu'}, {'aspect': 'food'}]","[{'aspect': 'waiter'}, {'aspect': 'menu'}, {'aspect': 'food'}]","[{'aspect': 'waiter'}, {'aspect': 'menu'}, {'aspect': 'food'}]","[{'aspect': 'waiter'}, {'aspect': 'menu'}, {'aspect': 'food'}]",( menu ) ; ( waiter ) ; ( food )
The service was spectacular as the waiter knew everything about the menu and his recommendations were amazing !,extract aspect :,"[{'aspect': 'service'}, {'aspect': 'waiter'}]","[{'aspect': 'waiter'}, {'aspect': 'recommendations'}, {'aspect': 'service'}]","[{'aspect': 'waiter'}, {'aspect': 'recommendations'}, {'aspect': 'service'}]","[{'aspect': 'waiter'}, {'aspect': 'recommendations'}, {'aspect': 'service'}]","[{'aspect': 'waiter'}, {'aspect': 'recommendations'}, {'aspect': 'service'}]",( service ) ; ( waiter ) ; ( recommendations )
Watch the talented belly dancers as you enjoy delicious baba ganoush that 's more lemony than smoky .,extract aspect :,"[{'aspect': 'baba ganoush'}, {'aspect': 'belly dancers'}]",[{'aspect': 'baba ganoush'}],[{'aspect': 'baba ganoush'}],[{'aspect': 'baba ganoush'}],[{'aspect': 'baba ganoush'}],( baba ganoush )
Best Indian Restaurant in the City,extract aspect :,[{'aspect': 'Indian Restaurant'}],[{'aspect': 'Indian Restaurant'}],[{'aspect': 'Indian Restaurant'}],[{'aspect': 'Indian Restaurant'}],[{'aspect': 'Indian Restaurant'}],( Indian Restaurant )
The family seafood entree was very good .,extract aspect :,[{'aspect': 'family seafood entree'}],[{'aspect': 'family seafood entree'}],[{'aspect': 'family seafood entree'}],[{'aspect': 'family seafood entree'}],[{'aspect': 'family seafood entree'}],( family seafood entree )
The bread we received was horrible - rock hard and cold - and the `` free '' appetizer of olives was disappointing .,extract aspect :,"[{'aspect': 'bread'}, {'aspect': 'appetizer of olives'}]","[{'aspect': 'appetizer of olives'}, {'aspect': 'bread'}]","[{'aspect': 'appetizer of olives'}, {'aspect': 'bread'}]","[{'aspect': 'appetizer of olives'}, {'aspect': 'bread'}]","[{'aspect': 'appetizer of olives'}, {'aspect': 'bread'}]",( bread ) ; ( appetizer of olives )
The rolls are creative and I have yet to find another sushi place that serves up more inventive yet delicious japanese food .,extract aspect :,"[{'aspect': 'rolls'}, {'aspect': 'japanese food'}]","[{'aspect': 'rolls'}, {'aspect': 'sushi place'}]","[{'aspect': 'rolls'}, {'aspect': 'sushi place'}]","[{'aspect': 'rolls'}, {'aspect': 'sushi place'}]","[{'aspect': 'rolls'}, {'aspect': 'sushi place'}]",( rolls ) ; ( sushi place )
The staff is very good .,extract aspect :,[{'aspect': 'staff'}],[{'aspect': 'staff'}],[{'aspect': 'staff'}],[{'aspect': 'staff'}],[{'aspect': 'staff'}],( staff )
"I paid just about $ 60 for a good meal , though : )",extract aspect :,[{'aspect': 'meal'}],[{'aspect': 'meal'}],[{'aspect': 'meal'}],[{'aspect': 'meal'}],[{'aspect': 'meal'}],( meal )
I heard the lobster roll was excellent .,extract aspect :,[{'aspect': 'lobster roll'}],[{'aspect': 'lobster roll'}],[{'aspect': 'lobster roll'}],[{'aspect': 'lobster roll'}],[{'aspect': 'lobster roll'}],( lobster roll )
Best restaurant in Brooklyn,extract aspect :,[{'aspect': 'restaurant'}],[{'aspect': 'restaurant'}],[{'aspect': 'restaurant'}],[{'aspect': 'restaurant'}],[{'aspect': 'restaurant'}],( restaurant )
The hostess was rude and I got a distinct feeling that they did not want to serve us .,extract aspect :,[{'aspect': 'hostess'}],[{'aspect': 'hostess'}],[{'aspect': 'hostess'}],[{'aspect': 'hostess'}],[{'aspect': 'hostess'}],( hostess )
Mussles and calamari were superb Saturday evening .,extract aspect :,"[{'aspect': 'Mussles'}, {'aspect': 'calamari'}]","[{'aspect': 'Mussles'}, {'aspect': 'calamari'}]","[{'aspect': 'Mussles'}, {'aspect': 'calamari'}]","[{'aspect': 'Mussles'}, {'aspect': 'calamari'}]","[{'aspect': 'Mussles'}, {'aspect': 'calamari'}]",( Mussles ) ; ( calamari )
"Going to Bark is always worth the train ride , and will make your tongue and belly very happy !",extract aspect :,[{'aspect': 'Bark'}],[{'aspect': 'Bark'}],[{'aspect': 'Bark'}],[{'aspect': 'Bark'}],[{'aspect': 'Bark'}],( Bark )
"Yamato is an excellent place to go if youre not into sashimi , or if you have friends who doesnt like sushi much .",extract aspect :,[{'aspect': 'Yamato'}],[{'aspect': 'sashimi'}],[{'aspect': 'sashimi'}],[{'aspect': 'sashimi'}],[{'aspect': 'sashimi'}],( sashimi )
The food is all shared so we get to order together and eat together .,extract aspect :,[{'aspect': 'food'}],[{'aspect': 'food'}],[{'aspect': 'food'}],[{'aspect': 'food'}],[{'aspect': 'food'}],( food )
This place is not inviting and the food is totally weird .,extract aspect :,"[{'aspect': 'place'}, {'aspect': 'food'}]","[{'aspect': 'place'}, {'aspect': 'food'}]","[{'aspect': 'place'}, {'aspect': 'food'}]","[{'aspect': 'place'}, {'aspect': 'food'}]","[{'aspect': 'place'}, {'aspect': 'food'}]",( place ) ; ( food )
amazing fun for hot dog lovers of all ages PLEASE do yourself a favor and check this place out ! ! ! !,extract aspect :,[{'aspect': 'hot dog'}],[{'aspect': 'place'}],[{'aspect': 'place'}],[{'aspect': 'place'}],[{'aspect': 'place'}],( place )
The food is good .,extract aspect :,[{'aspect': 'food'}],[{'aspect': 'food'}],[{'aspect': 'food'}],[{'aspect': 'food'}],[{'aspect': 'food'}],( food )
I tried a couple other dishes but was n't too impressed .,extract aspect :,[{'aspect': 'dishes'}],[{'aspect': 'dishes'}],[{'aspect': 'dishes'}],[{'aspect': 'dishes'}],[{'aspect': 'dishes'}],( dishes )
Service was wonderful ;,extract aspect :,[{'aspect': 'Service'}],[{'aspect': 'Service'}],[{'aspect': 'Service'}],[{'aspect': 'Service'}],[{'aspect': 'Service'}],( Service )
"The food was great and tasty , but the sitting space was too small , I do n't like being cramp in a corner .",extract aspect :,"[{'aspect': 'food'}, {'aspect': 'sitting space'}]","[{'aspect': 'sitting space'}, {'aspect': 'food'}]","[{'aspect': 'sitting space'}, {'aspect': 'food'}]","[{'aspect': 'sitting space'}, {'aspect': 'food'}]","[{'aspect': 'sitting space'}, {'aspect': 'food'}]",( food ) ; ( sitting space )
"THE SERVICE IS AMAZING , i 've had different waiters and they were all nice , which is a rare thing in NYC .",extract aspect :,"[{'aspect': 'SERVICE'}, {'aspect': 'waiters'}]","[{'aspect': 'waiters'}, {'aspect': 'SERVICE'}]","[{'aspect': 'waiters'}, {'aspect': 'SERVICE'}]","[{'aspect': 'waiters'}, {'aspect': 'SERVICE'}]","[{'aspect': 'waiters'}, {'aspect': 'SERVICE'}]",( SERVICE ) ; ( waiters )
Good creative rolls !,extract aspect :,[{'aspect': 'rolls'}],[{'aspect': 'rolls'}],[{'aspect': 'rolls'}],[{'aspect': 'rolls'}],[{'aspect': 'rolls'}],( rolls )
Have never had a problem with service save a missing rice once .,extract aspect :,[{'aspect': 'service'}],[{'aspect': 'service'}],[{'aspect': 'service'}],[{'aspect': 'service'}],[{'aspect': 'service'}],( service )
The veal was incredible last night .,extract aspect :,[{'aspect': 'veal'}],[{'aspect': 'veal'}],[{'aspect': 'veal'}],[{'aspect': 'veal'}],[{'aspect': 'veal'}],( veal )
I CAN EAT HERE EVERY DAY OF THE WEEK REALLY LOL LOVE THIS PLACE ... ),extract aspect :,[{'aspect': 'PLACE'}],[{'aspect': 'PLACE'}],[{'aspect': 'PLACE'}],[{'aspect': 'PLACE'}],[{'aspect': 'PLACE'}],( PLACE )
The wife had the risotto which was amazing .,extract aspect :,[{'aspect': 'risotto'}],[{'aspect': 'risotto'}],[{'aspect': 'risotto'}],[{'aspect': 'risotto'}],[{'aspect': 'risotto'}],( risotto )
I was speechless by the horrible food .,extract aspect :,[{'aspect': 'food'}],[{'aspect': 'food'}],[{'aspect': 'food'}],[{'aspect': 'food'}],[{'aspect': 'food'}],( food )
The food tasted very good .,extract aspect :,[{'aspect': 'food'}],[{'aspect': 'food'}],[{'aspect': 'food'}],[{'aspect': 'food'}],[{'aspect': 'food'}],( food )
The Seafood Dynamite is also otherworldly .,extract aspect :,[{'aspect': 'Seafood Dynamite'}],[{'aspect': 'Seafood Dynamite'}],[{'aspect': 'Seafood Dynamite'}],[{'aspect': 'Seafood Dynamite'}],[{'aspect': 'Seafood Dynamite'}],( Seafood Dynamite )
"This is undoubtedly my favorite modern Japanese brasserie ( that don ’ t serve sushi ) , and in my opinion , one of the most romantic restaurants in the city !",extract aspect :,[{'aspect': 'modern Japanese brasserie'}],[{'aspect': 'brasserie'}],[{'aspect': 'brasserie'}],[{'aspect': 'brasserie'}],[{'aspect': 'brasserie'}],( brasserie )
I recommend this place to everyone .,extract aspect :,[{'aspect': 'place'}],[{'aspect': 'place'}],[{'aspect': 'place'}],[{'aspect': 'place'}],[{'aspect': 'place'}],( place )
Stepping into Casa La Femme last night was a true experience unlike any other in New York !,extract aspect :,[{'aspect': 'Casa La Femme'}],[{'aspect': 'Casa La Femme'}],[{'aspect': 'Casa La Femme'}],[{'aspect': 'Casa La Femme'}],[{'aspect': 'Casa La Femme'}],( Casa La Femme )
"By the time we left our wallets were empy and so were our stomachs AND we missed the show we were supposed to see following our dinner , which would have been acceptable if we got to enjoy the experience of good food and belly dancers !",extract aspect :,[{'aspect': 'food'}],"[{'aspect': 'belly dancers'}, {'aspect': 'food'}]","[{'aspect': 'belly dancers'}, {'aspect': 'food'}]","[{'aspect': 'belly dancers'}, {'aspect': 'food'}]","[{'aspect': 'belly dancers'}, {'aspect': 'food'}]",( food ) ; ( belly dancers )
The concept of japanese tapas is newly created and clearly does n't work .,extract aspect :,[{'aspect': 'japanese tapas'}],[{'aspect': 'concept'}],[{'aspect': 'concept'}],[{'aspect': 'concept'}],[{'aspect': 'concept'}],( concept )
"All in all the food was good - a little on the expensive side , but fresh .",extract aspect :,[{'aspect': 'food'}],[{'aspect': 'food'}],[{'aspect': 'food'}],[{'aspect': 'food'}],[{'aspect': 'food'}],( food )
great toppings definitely a place you need to check out for late night munchies or a mid day boost !,extract aspect :,[{'aspect': 'toppings'}],[{'aspect': 'toppings'}],[{'aspect': 'toppings'}],[{'aspect': 'toppings'}],[{'aspect': 'toppings'}],( toppings )
"Food took some time to prepare , all worth waiting for .",extract aspect :,[{'aspect': 'Food'}],[{'aspect': 'Food'}],[{'aspect': 'Food'}],[{'aspect': 'Food'}],[{'aspect': 'Food'}],( Food )
Hands down the best pizza on the planet .,extract aspect :,[{'aspect': 'pizza'}],[{'aspect': 'pizza'}],[{'aspect': 'pizza'}],[{'aspect': 'pizza'}],[{'aspect': 'pizza'}],( pizza )
"The meat is fresh , the sauces are great , you get kimchi and a salad free with your meal and service is good too .",extract aspect :,"[{'aspect': 'meat'}, {'aspect': 'sauces'}, {'aspect': 'service'}, {'aspect': 'kimchi'}, {'aspect': 'salad'}]","[{'aspect': 'kimchi'}, {'aspect': 'sauces'}, {'aspect': 'salad'}, {'aspect': 'meat'}, {'aspect': 'service'}]","[{'aspect': 'kimchi'}, {'aspect': 'sauces'}, {'aspect': 'salad'}, {'aspect': 'meat'}, {'aspect': 'service'}]","[{'aspect': 'kimchi'}, {'aspect': 'sauces'}, {'aspect': 'salad'}, {'aspect': 'meat'}, {'aspect': 'service'}]","[{'aspect': 'kimchi'}, {'aspect': 'sauces'}, {'aspect': 'salad'}, {'aspect': 'meat'}, {'aspect': 'service'}]",( meat ) ; ( sauces ) ; ( kimchi ) ; ( salad ) ; ( service )
I had fish and my husband had the filet - both of which exceeded our expectations .,extract aspect :,"[{'aspect': 'fish'}, {'aspect': 'filet'}]","[{'aspect': 'fish'}, {'aspect': 'filet'}]","[{'aspect': 'fish'}, {'aspect': 'filet'}]","[{'aspect': 'fish'}, {'aspect': 'filet'}]","[{'aspect': 'fish'}, {'aspect': 'filet'}]",( fish ) ; ( filet )
It was totally overpriced - fish and chips was about $ 15 ... .,extract aspect :,[{'aspect': 'fish and chips'}],[{'aspect': 'fish and chips'}],[{'aspect': 'fish and chips'}],[{'aspect': 'fish and chips'}],[{'aspect': 'fish and chips'}],( fish and chips )
Not what I would expect for the price and prestige of this location .,extract aspect :,[{'aspect': 'location'}],[{'aspect': 'location'}],[{'aspect': 'location'}],[{'aspect': 'location'}],[{'aspect': 'location'}],( location )
"The waiter was attentive , the food was delicious and the views of the city were great .",extract aspect :,"[{'aspect': 'waiter'}, {'aspect': 'food'}, {'aspect': 'views of the city'}]","[{'aspect': 'waiter'}, {'aspect': 'views of the city'}, {'aspect': 'food'}]","[{'aspect': 'waiter'}, {'aspect': 'views of the city'}, {'aspect': 'food'}]","[{'aspect': 'waiter'}, {'aspect': 'views of the city'}, {'aspect': 'food'}]","[{'aspect': 'waiter'}, {'aspect': 'views of the city'}, {'aspect': 'food'}]",( waiter ) ; ( food ) ; ( views of the city )
"The chicken lollipop is my favorite , most of the dishes ( I have to agree with a previous reviewer ) are quite oily and very spicy , espeically the Chilli Chicken .",extract aspect :,"[{'aspect': 'chicken lollipop'}, {'aspect': 'dishes'}, {'aspect': 'Chilli Chicken'}]","[{'aspect': 'dishes'}, {'aspect': 'chicken lollipop'}]","[{'aspect': 'dishes'}, {'aspect': 'chicken lollipop'}]","[{'aspect': 'dishes'}, {'aspect': 'chicken lollipop'}]","[{'aspect': 'dishes'}, {'aspect': 'chicken lollipop'}]",( chicken lollipop ) ; ( dishes )
"quacamole at pacifico is yummy , as are the wings with chimmichuri .",extract aspect :,"[{'aspect': 'quacamole'}, {'aspect': 'wings with chimmichuri'}]","[{'aspect': 'wings with chimmichuri'}, {'aspect': 'quacamole'}]","[{'aspect': 'wings with chimmichuri'}, {'aspect': 'quacamole'}]","[{'aspect': 'wings with chimmichuri'}, {'aspect': 'quacamole'}]","[{'aspect': 'wings with chimmichuri'}, {'aspect': 'quacamole'}]",( quacamole ) ; ( wings with chimmichuri )
The nakgi-bokum was horrible .,extract aspect :,[{'aspect': 'nakgi-bokum'}],[{'aspect': 'nakgi-bokum'}],[{'aspect': 'nakgi-bokum'}],[{'aspect': 'nakgi-bokum'}],[{'aspect': 'nakgi-bokum'}],( nakgi-bokum )
Gorgeous place ideal for a romantic dinner,extract aspect :,[{'aspect': 'place'}],[{'aspect': 'place'}],[{'aspect': 'place'}],[{'aspect': 'place'}],[{'aspect': 'place'}],( place )
Over all the looks of the place exceeds the actual meals .,extract aspect :,[{'aspect': 'looks'}],[{'aspect': 'meals'}],[{'aspect': 'meals'}],[{'aspect': 'meals'}],[{'aspect': 'meals'}],( meals )
Helpful service and average price per dish $ 10 .,extract aspect :,[{'aspect': 'service'}],[{'aspect': 'service'}],[{'aspect': 'service'}],[{'aspect': 'service'}],[{'aspect': 'service'}],( service )
"I picked the Grilled Black Cod as my entree , which I absolutely devoured while someone commented that the Grilled Salmon dish was better .",extract aspect :,"[{'aspect': 'Grilled Black Cod'}, {'aspect': 'Grilled Salmon dish'}]","[{'aspect': 'Grilled Salmon dish'}, {'aspect': 'Grilled Black Cod'}]","[{'aspect': 'Grilled Salmon dish'}, {'aspect': 'Grilled Black Cod'}]","[{'aspect': 'Grilled Salmon dish'}, {'aspect': 'Grilled Black Cod'}]","[{'aspect': 'Grilled Salmon dish'}, {'aspect': 'Grilled Black Cod'}]",( Grilled Black Cod ) ; ( Grilled Salmon dish )
"The bread was stale , the salad was overpriced and empty .",extract aspect :,"[{'aspect': 'bread'}, {'aspect': 'salad'}]","[{'aspect': 'salad'}, {'aspect': 'bread'}]","[{'aspect': 'salad'}, {'aspect': 'bread'}]","[{'aspect': 'salad'}, {'aspect': 'bread'}]","[{'aspect': 'salad'}, {'aspect': 'bread'}]",( bread ) ; ( salad )
"Not much of a selection of bottled beer either , we went with Brahma .",extract aspect :,[{'aspect': 'selection of bottled beer'}],[{'aspect': 'bottled beer'}],[{'aspect': 'bottled beer'}],[{'aspect': 'bottled beer'}],[{'aspect': 'bottled beer'}],( bottled beer )
A coworker and I tried Pacifico after work a few Fridays and loved it .,extract aspect :,[{'aspect': 'Pacifico'}],[{'aspect': 'Pacifico'}],[{'aspect': 'Pacifico'}],[{'aspect': 'Pacifico'}],[{'aspect': 'Pacifico'}],( Pacifico )
"My mom originally introduced me to this place , but even she ( being Indian ) feels the food can be somewhat over the top spicy and far too oily .",extract aspect :,[{'aspect': 'food'}],[{'aspect': 'food'}],[{'aspect': 'food'}],[{'aspect': 'food'}],[{'aspect': 'food'}],( food )
"An unpretentious spot in Park Slope , the sushi is consistently good , the service is pleasant , effective and unassuming .",extract aspect :,"[{'aspect': 'spot'}, {'aspect': 'sushi'}, {'aspect': 'service'}]","[{'aspect': 'sushi'}, {'aspect': 'service'}, {'aspect': 'spot'}]","[{'aspect': 'sushi'}, {'aspect': 'service'}, {'aspect': 'spot'}]","[{'aspect': 'sushi'}, {'aspect': 'service'}, {'aspect': 'spot'}]","[{'aspect': 'sushi'}, {'aspect': 'service'}, {'aspect': 'spot'}]",( sushi ) ; ( service ) ; ( spot )
"This is the MOST wonderful restaurant in all of New York City , not just Brooklyn ...",extract aspect :,[{'aspect': 'restaurant'}],[{'aspect': 'restaurant'}],[{'aspect': 'restaurant'}],[{'aspect': 'restaurant'}],[{'aspect': 'restaurant'}],( restaurant )
Great food !,extract aspect :,[{'aspect': 'food'}],[{'aspect': 'food'}],[{'aspect': 'food'}],[{'aspect': 'food'}],[{'aspect': 'food'}],( food )
The servers at Flatbush Farm appear to have perfected that ghastly technique of making you feel guilty and ashamed for deigning to attract their attention .,extract aspect :,[{'aspect': 'servers'}],[{'aspect': 'servers'}],[{'aspect': 'servers'}],[{'aspect': 'servers'}],[{'aspect': 'servers'}],( servers )
Noodle pudding is exactly the type of service and food I enjoy .,extract aspect :,"[{'aspect': 'service'}, {'aspect': 'food'}]","[{'aspect': 'service'}, {'aspect': 'food'}]","[{'aspect': 'service'}, {'aspect': 'food'}]","[{'aspect': 'service'}, {'aspect': 'food'}]","[{'aspect': 'service'}, {'aspect': 'food'}]",( service ) ; ( food )
The only thing that strikes you is the decor ? ( not very pleasant ) .,extract aspect :,[{'aspect': 'decor'}],[{'aspect': 'decor'}],[{'aspect': 'decor'}],[{'aspect': 'decor'}],[{'aspect': 'decor'}],( decor )
And $ 11 for a plate of bland guacamole ?,extract aspect :,[{'aspect': 'guacamole'}],[{'aspect': 'guacamole'}],[{'aspect': 'guacamole'}],[{'aspect': 'guacamole'}],[{'aspect': 'guacamole'}],( guacamole )
"Even though the place is not beautiful , the food speaks for itself .",extract aspect :,"[{'aspect': 'place'}, {'aspect': 'food'}]",[{'aspect': 'food'}],[{'aspect': 'food'}],[{'aspect': 'food'}],[{'aspect': 'food'}],( food )
Everything was going good until we got our meals .,extract aspect :,[{'aspect': 'meals'}],[{'aspect': 'meals'}],[{'aspect': 'meals'}],[{'aspect': 'meals'}],[{'aspect': 'meals'}],( meals )
"Excellent sashimi , and the millennium roll is beyond delicious .",extract aspect :,"[{'aspect': 'sashimi'}, {'aspect': 'millennium roll'}]","[{'aspect': 'sashimi'}, {'aspect': 'millennium roll'}]","[{'aspect': 'sashimi'}, {'aspect': 'millennium roll'}]","[{'aspect': 'sashimi'}, {'aspect': 'millennium roll'}]","[{'aspect': 'sashimi'}, {'aspect': 'millennium roll'}]",( sashimi ) ; ( millennium roll )
Great Indian food,extract aspect :,[{'aspect': 'Indian food'}],[{'aspect': 'Indian food'}],[{'aspect': 'Indian food'}],[{'aspect': 'Indian food'}],[{'aspect': 'Indian food'}],( Indian food )
"Service was just ok , it is not what you 'd expect for $ 500 .",extract aspect :,[{'aspect': 'Service'}],[{'aspect': 'Service'}],[{'aspect': 'Service'}],[{'aspect': 'Service'}],[{'aspect': 'Service'}],( Service )
"This is one of my favorite spot , very relaxing the food is great all the times , celebrated my engagement and my wedding here , it was very well organized .",extract aspect :,[{'aspect': 'food'}],"[{'aspect': 'spot'}, {'aspect': 'food'}]","[{'aspect': 'spot'}, {'aspect': 'food'}]","[{'aspect': 'spot'}, {'aspect': 'food'}]","[{'aspect': 'spot'}, {'aspect': 'food'}]",( food ) ; ( spot )
"The food they serve is not comforting , not appetizing and uncooked .",extract aspect :,[{'aspect': 'food'}],[{'aspect': 'food'}],[{'aspect': 'food'}],[{'aspect': 'food'}],[{'aspect': 'food'}],( food )
the food is always fresh ...,extract aspect :,[{'aspect': 'food'}],[{'aspect': 'food'}],[{'aspect': 'food'}],[{'aspect': 'food'}],[{'aspect': 'food'}],( food )
THIS STAFF SHOULD BE FIRED .,extract aspect :,[{'aspect': 'STAFF'}],[{'aspect': 'STAFF'}],[{'aspect': 'STAFF'}],[{'aspect': 'STAFF'}],[{'aspect': 'STAFF'}],( STAFF )
"The dessert ( we had a pear torte ) was good - but , once again , the staff was unable to provide appropriate drink suggestions .",extract aspect :,"[{'aspect': 'pear torte'}, {'aspect': 'staff'}]","[{'aspect': 'dessert'}, {'aspect': 'pear torte'}]","[{'aspect': 'dessert'}, {'aspect': 'pear torte'}]","[{'aspect': 'dessert'}, {'aspect': 'pear torte'}]","[{'aspect': 'dessert'}, {'aspect': 'pear torte'}]",( dessert ) ; ( pear torte )
"Red Dragon Roll - my favorite thing to eat , of any food group - hands down",extract aspect :,[{'aspect': 'Red Dragon Roll'}],[{'aspect': 'Red Dragon Roll'}],[{'aspect': 'Red Dragon Roll'}],[{'aspect': 'Red Dragon Roll'}],[{'aspect': 'Red Dragon Roll'}],( Red Dragon Roll )
The design of the space is good .,extract aspect :,[{'aspect': 'space'}],[{'aspect': 'design'}],[{'aspect': 'design'}],[{'aspect': 'design'}],[{'aspect': 'design'}],( design )
If it seemed possible to do so while there I would have fought my bill since my dinner portion of my meal was inedible !,extract aspect :,[{'aspect': 'meal'}],[{'aspect': 'dinner portion'}],[{'aspect': 'dinner portion'}],[{'aspect': 'dinner portion'}],[{'aspect': 'dinner portion'}],( dinner portion )
I thought the restaurant was nice and clean .,extract aspect :,[{'aspect': 'restaurant'}],[{'aspect': 'restaurant'}],[{'aspect': 'restaurant'}],[{'aspect': 'restaurant'}],[{'aspect': 'restaurant'}],( restaurant )
It 's a great place to order from or sit-in .,extract aspect :,[{'aspect': 'place'}],[{'aspect': 'place'}],[{'aspect': 'place'}],[{'aspect': 'place'}],[{'aspect': 'place'}],( place )
"The side dishes were passable , and I did get a refill upon request .",extract aspect :,[{'aspect': 'side dishes'}],[{'aspect': 'side dishes'}],[{'aspect': 'side dishes'}],[{'aspect': 'side dishes'}],[{'aspect': 'side dishes'}],( side dishes )
"I have worked in restaurants and cook a lot , and there is no way a maggot should be able to get into well prepared food .",extract aspect :,[{'aspect': 'food'}],[{'aspect': 'food'}],[{'aspect': 'food'}],[{'aspect': 'food'}],[{'aspect': 'food'}],( food )
"Great place , great value .",extract aspect :,[{'aspect': 'place'}],[{'aspect': 'place'}],[{'aspect': 'place'}],[{'aspect': 'place'}],[{'aspect': 'place'}],( place )
Vanison was good but not amazing .,extract aspect :,[{'aspect': 'Vanison'}],[{'aspect': 'Vanison'}],[{'aspect': 'Vanison'}],[{'aspect': 'Vanison'}],[{'aspect': 'Vanison'}],( Vanison )
The manager was rude and handled the situation extremely poorly .,extract aspect :,[{'aspect': 'manager'}],[{'aspect': 'manager'}],[{'aspect': 'manager'}],[{'aspect': 'manager'}],[{'aspect': 'manager'}],( manager )
"Indo Chinese food , pretty good ...",extract aspect :,[{'aspect': 'Indo Chinese food'}],[{'aspect': 'Indo Chinese food'}],[{'aspect': 'Indo Chinese food'}],[{'aspect': 'Indo Chinese food'}],[{'aspect': 'Indo Chinese food'}],( Indo Chinese food )
I was visiting New York City with a friend and we discovered this really warm and inviting restaurant .,extract aspect :,[{'aspect': 'restaurant'}],[{'aspect': 'restaurant'}],[{'aspect': 'restaurant'}],[{'aspect': 'restaurant'}],[{'aspect': 'restaurant'}],( restaurant )
"I have never left a restaurant feeling as if i was abused , and wasted my hard earned money .",extract aspect :,[{'aspect': 'restaurant'}],[{'aspect': 'restaurant'}],[{'aspect': 'restaurant'}],[{'aspect': 'restaurant'}],[{'aspect': 'restaurant'}],( restaurant )
"The place is a bit hidden away , but once you get there , it 's all worth it .",extract aspect :,[{'aspect': 'place'}],[{'aspect': 'place'}],[{'aspect': 'place'}],[{'aspect': 'place'}],[{'aspect': 'place'}],( place )
The potato balls were not dry at all ... in fact it was buttery .,extract aspect :,[{'aspect': 'potato balls'}],[{'aspect': 'potato balls'}],[{'aspect': 'potato balls'}],[{'aspect': 'potato balls'}],[{'aspect': 'potato balls'}],( potato balls )
Fabulous food - if the front of house staff do n't put you off –,extract aspect :,[{'aspect': 'food'}],[{'aspect': 'food'}],[{'aspect': 'food'}],[{'aspect': 'food'}],[{'aspect': 'food'}],( food )
"This place has totally weird decor , stairs going up with mirrored walls - I am surprised how no one yet broke their head or fall off the stairs - mirrored walls make you dizzy and delusional ...",extract aspect :,"[{'aspect': 'decor'}, {'aspect': 'mirrored walls'}]","[{'aspect': 'decor'}, {'aspect': 'stairs'}]","[{'aspect': 'decor'}, {'aspect': 'stairs'}]","[{'aspect': 'decor'}, {'aspect': 'stairs'}]","[{'aspect': 'decor'}, {'aspect': 'stairs'}]",( decor ) ; ( stairs )
"Very immature bartender , didnt know how to make specific drinks , service was so slowwwww , the food was not fresh or warm , waitresses were busy flirting with men at the bar and werent very attentive to all the customers .",extract aspect :,"[{'aspect': 'bartender'}, {'aspect': 'service'}, {'aspect': 'food'}, {'aspect': 'waitresses'}]","[{'aspect': 'service'}, {'aspect': 'waitresses'}, {'aspect': 'food'}]","[{'aspect': 'service'}, {'aspect': 'waitresses'}, {'aspect': 'food'}]","[{'aspect': 'service'}, {'aspect': 'waitresses'}, {'aspect': 'food'}]","[{'aspect': 'service'}, {'aspect': 'waitresses'}, {'aspect': 'food'}]",( service ) ; ( food ) ; ( waitresses )
it was really good pizza .,extract aspect :,[{'aspect': 'pizza'}],[{'aspect': 'pizza'}],[{'aspect': 'pizza'}],[{'aspect': 'pizza'}],[{'aspect': 'pizza'}],( pizza )
Raymond the bartender rocks !,extract aspect :,[{'aspect': 'Raymond'}],[{'aspect': 'Raymond the bartender'}],[{'aspect': 'Raymond the bartender'}],[{'aspect': 'Raymond the bartender'}],[{'aspect': 'Raymond the bartender'}],( Raymond the bartender )
Poor service and management,extract aspect :,"[{'aspect': 'service'}, {'aspect': 'management'}]","[{'aspect': 'service'}, {'aspect': 'management'}]","[{'aspect': 'service'}, {'aspect': 'management'}]","[{'aspect': 'service'}, {'aspect': 'management'}]","[{'aspect': 'service'}, {'aspect': 'management'}]",( service ) ; ( management )
"Great food , amazing service , this place is a class act .",extract aspect :,"[{'aspect': 'food'}, {'aspect': 'service'}, {'aspect': 'place'}]","[{'aspect': 'service'}, {'aspect': 'food'}]","[{'aspect': 'service'}, {'aspect': 'food'}]","[{'aspect': 'service'}, {'aspect': 'food'}]","[{'aspect': 'service'}, {'aspect': 'food'}]",( food ) ; ( service )
I have never been so disgusted by both food an service .,extract aspect :,"[{'aspect': 'food'}, {'aspect': 'service'}]","[{'aspect': 'service'}, {'aspect': 'food'}]","[{'aspect': 'service'}, {'aspect': 'food'}]","[{'aspect': 'service'}, {'aspect': 'food'}]","[{'aspect': 'service'}, {'aspect': 'food'}]",( food ) ; ( service )
Despite the confusing mirrors this will likely be my go-to for modern Japanese food for the foreseeable future .,extract aspect :,"[{'aspect': 'modern Japanese food'}, {'aspect': 'mirrors'}]",[{'aspect': 'mirrors'}],[{'aspect': 'mirrors'}],[{'aspect': 'mirrors'}],[{'aspect': 'mirrors'}],( mirrors )
"We had half/half pizza , mine was eggplant and my friend had the buffalo and it was sooo huge for a small size pizza !",extract aspect :,[{'aspect': 'half/half pizza'}],"[{'aspect': 'buffalo'}, {'aspect': 'pizza'}]","[{'aspect': 'buffalo'}, {'aspect': 'pizza'}]","[{'aspect': 'buffalo'}, {'aspect': 'pizza'}]","[{'aspect': 'buffalo'}, {'aspect': 'pizza'}]",( pizza ) ; ( buffalo )
Best . Sushi . Ever .,extract aspect :,[{'aspect': 'Sushi'}],[{'aspect': 'Sushi'}],[{'aspect': 'Sushi'}],[{'aspect': 'Sushi'}],[{'aspect': 'Sushi'}],( Sushi )
"However , our main course was wonderful .",extract aspect :,[{'aspect': 'main course'}],[{'aspect': 'main course'}],[{'aspect': 'main course'}],[{'aspect': 'main course'}],[{'aspect': 'main course'}],( main course )
"The food and service were fine , however the maitre-D was incredibly unwelcoming and arrogant .",extract aspect :,"[{'aspect': 'food'}, {'aspect': 'service'}, {'aspect': 'maitre-D'}]","[{'aspect': 'service'}, {'aspect': 'maitre-D'}, {'aspect': 'food'}]","[{'aspect': 'service'}, {'aspect': 'maitre-D'}, {'aspect': 'food'}]","[{'aspect': 'service'}, {'aspect': 'maitre-D'}, {'aspect': 'food'}]","[{'aspect': 'service'}, {'aspect': 'maitre-D'}, {'aspect': 'food'}]",( food ) ; ( service ) ; ( maitre-D )
Bison was quite excellent however .,extract aspect :,[{'aspect': 'Bison'}],[{'aspect': 'Bison'}],[{'aspect': 'Bison'}],[{'aspect': 'Bison'}],[{'aspect': 'Bison'}],( Bison )
Good food : my favorite is the seafood spaghetti .,extract aspect :,"[{'aspect': 'food'}, {'aspect': 'seafood spaghetti'}]","[{'aspect': 'seafood spaghetti'}, {'aspect': 'food'}]","[{'aspect': 'seafood spaghetti'}, {'aspect': 'food'}]","[{'aspect': 'seafood spaghetti'}, {'aspect': 'food'}]","[{'aspect': 'seafood spaghetti'}, {'aspect': 'food'}]",( food ) ; ( seafood spaghetti )
I think the pizza is so overrated and was under cooked .,extract aspect :,[{'aspect': 'pizza'}],[{'aspect': 'pizza'}],[{'aspect': 'pizza'}],[{'aspect': 'pizza'}],[{'aspect': 'pizza'}],( pizza )
The farro salad and the mashed yukon potatoes were also extremely tasty .,extract aspect :,"[{'aspect': 'farro salad'}, {'aspect': 'mashed yukon potatoes'}]","[{'aspect': 'farro salad'}, {'aspect': 'mashed yukon potatoes'}]","[{'aspect': 'farro salad'}, {'aspect': 'mashed yukon potatoes'}]","[{'aspect': 'farro salad'}, {'aspect': 'mashed yukon potatoes'}]","[{'aspect': 'farro salad'}, {'aspect': 'mashed yukon potatoes'}]",( farro salad ) ; ( mashed yukon potatoes )
"It was served with skin , over a bed of extremely undercooked spinach and mashed potatoes .",extract aspect :,[{'aspect': 'spinach'}],"[{'aspect': 'mashed potatoes'}, {'aspect': 'spinach'}]","[{'aspect': 'mashed potatoes'}, {'aspect': 'spinach'}]","[{'aspect': 'mashed potatoes'}, {'aspect': 'spinach'}]","[{'aspect': 'mashed potatoes'}, {'aspect': 'spinach'}]",( spinach ) ; ( mashed potatoes )
cirspy crust margherita pizza,extract aspect :,[{'aspect': 'margherita pizza'}],[{'aspect': 'crust margherita pizza'}],[{'aspect': 'crust margherita pizza'}],[{'aspect': 'crust margherita pizza'}],[{'aspect': 'crust margherita pizza'}],( crust margherita pizza )
My chicken was inedible as there were so many fatty lumps which i had to keep spitting out into my napkin .,extract aspect :,[{'aspect': 'chicken'}],"[{'aspect': 'lumps'}, {'aspect': 'chicken'}]","[{'aspect': 'lumps'}, {'aspect': 'chicken'}]","[{'aspect': 'lumps'}, {'aspect': 'chicken'}]","[{'aspect': 'lumps'}, {'aspect': 'chicken'}]",( chicken ) ; ( lumps )
A beautifully designed dreamy Egyptian restaurant that gets sceney at night .,extract aspect :,[{'aspect': 'Egyptian restaurant'}],[{'aspect': 'Egyptian restaurant'}],[{'aspect': 'Egyptian restaurant'}],[{'aspect': 'Egyptian restaurant'}],[{'aspect': 'Egyptian restaurant'}],( Egyptian restaurant )
"Yes , the place is classy and beautiful , but they most certainly target the uber whealthy Not the common joe that wants to go all out every once in a while .",extract aspect :,[{'aspect': 'place'}],[{'aspect': 'place'}],[{'aspect': 'place'}],[{'aspect': 'place'}],[{'aspect': 'place'}],( place )
"This guy refused to seat her and she left , followed shortly by the four of us , but not before I told him that in my 40 years of world travel , including Paris , that I had never seen such a display of bad behavior by a frontman in a restaurant .",extract aspect :,[{'aspect': 'frontman'}],[{'aspect': 'frontman'}],[{'aspect': 'frontman'}],[{'aspect': 'frontman'}],[{'aspect': 'frontman'}],( frontman )
"Everyone seemed generally happy with their food , except my brother who had the grilled Mahi Mahi , seemingly drenched in Grapfruit Juice !",extract aspect :,"[{'aspect': 'food'}, {'aspect': 'grilled Mahi Mahi'}]",[{'aspect': 'food'}],[{'aspect': 'food'}],[{'aspect': 'food'}],[{'aspect': 'food'}],( food )
The boths are not as small as some of the reviews make them out to look they 're perfect for 2 people .,extract aspect :,[{'aspect': 'boths'}],[{'aspect': 'boths'}],[{'aspect': 'boths'}],[{'aspect': 'boths'}],[{'aspect': 'boths'}],( boths )
This place is a must visit !,extract aspect :,[{'aspect': 'place'}],[{'aspect': 'place'}],[{'aspect': 'place'}],[{'aspect': 'place'}],[{'aspect': 'place'}],( place )
Great place to relax and enjoy your dinner,extract aspect :,[{'aspect': 'place'}],[{'aspect': 'place'}],[{'aspect': 'place'}],[{'aspect': 'place'}],[{'aspect': 'place'}],( place )
Great Indian Food !,extract aspect :,[{'aspect': 'Indian Food'}],[{'aspect': 'Indian Food'}],[{'aspect': 'Indian Food'}],[{'aspect': 'Indian Food'}],[{'aspect': 'Indian Food'}],( Indian Food )
"There 's another girl who I ca n't describe , she is about 5'6 '' with brown hair , who eavesdrops on your conversation and chimes in - except she only hears the last part of what you said , so her uninvited opinions are often out of context and nothing to do with what you 're *really* talking about .",extract aspect :,[{'aspect': 'girl'}],[{'aspect': 'girl'}],[{'aspect': 'girl'}],[{'aspect': 'girl'}],[{'aspect': 'girl'}],( girl )
But the best pork souvlaki I ever had is the main thing .,extract aspect :,[{'aspect': 'pork souvlaki'}],[{'aspect': 'pork souvlaki'}],[{'aspect': 'pork souvlaki'}],[{'aspect': 'pork souvlaki'}],[{'aspect': 'pork souvlaki'}],( pork souvlaki )
Gross food – Wow-,extract aspect :,[{'aspect': 'food'}],[{'aspect': 'food'}],[{'aspect': 'food'}],[{'aspect': 'food'}],[{'aspect': 'food'}],( food )
food was luke warm .,extract aspect :,[{'aspect': 'food'}],[{'aspect': 'food'}],[{'aspect': 'food'}],[{'aspect': 'food'}],[{'aspect': 'food'}],( food )
Possibly the Most Romantic Restaurant in the City,extract aspect :,[{'aspect': 'Restaurant'}],[{'aspect': 'Restaurant'}],[{'aspect': 'Restaurant'}],[{'aspect': 'Restaurant'}],[{'aspect': 'Restaurant'}],( Restaurant )
Great Hot Dogs !,extract aspect :,[{'aspect': 'Hot Dogs'}],[{'aspect': 'Hot Dogs'}],[{'aspect': 'Hot Dogs'}],[{'aspect': 'Hot Dogs'}],[{'aspect': 'Hot Dogs'}],( Hot Dogs )
"In the summer months , the back garden area is really nice .",extract aspect :,[{'aspect': 'back garden area'}],[{'aspect': 'back garden area'}],[{'aspect': 'back garden area'}],[{'aspect': 'back garden area'}],[{'aspect': 'back garden area'}],( back garden area )
Mazing interior .,extract aspect :,[{'aspect': 'interior'}],[{'aspect': 'interior'}],[{'aspect': 'interior'}],[{'aspect': 'interior'}],[{'aspect': 'interior'}],( interior )
WORST PLACE ON SMITH STREET IN BROOKLYN,extract aspect :,[{'aspect': 'PLACE'}],[{'aspect': 'PLACE'}],[{'aspect': 'PLACE'}],[{'aspect': 'PLACE'}],[{'aspect': 'PLACE'}],( PLACE )
Great food .,extract aspect :,[{'aspect': 'food'}],[{'aspect': 'food'}],[{'aspect': 'food'}],[{'aspect': 'food'}],[{'aspect': 'food'}],( food )
"I highly recommend the fish tacos , everything else was ok .",extract aspect :,[{'aspect': 'fish tacos'}],[{'aspect': 'fish tacos'}],[{'aspect': 'fish tacos'}],[{'aspect': 'fish tacos'}],[{'aspect': 'fish tacos'}],( fish tacos )
i love their chicken pasta cant remember the name but is sooo good,extract aspect :,[{'aspect': 'chicken pasta'}],[{'aspect': 'chicken pasta'}],[{'aspect': 'chicken pasta'}],[{'aspect': 'chicken pasta'}],[{'aspect': 'chicken pasta'}],( chicken pasta )
i love margherita pizza – i looove east village pizza,extract aspect :,"[{'aspect': 'east village pizza'}, {'aspect': 'margherita pizza'}]","[{'aspect': 'east village pizza'}, {'aspect': 'margherita pizza'}]","[{'aspect': 'east village pizza'}, {'aspect': 'margherita pizza'}]","[{'aspect': 'east village pizza'}, {'aspect': 'margherita pizza'}]","[{'aspect': 'east village pizza'}, {'aspect': 'margherita pizza'}]",( margherita pizza ) ; ( east village pizza )
"If you ’ re planning to come here , make sure that your date is someone whom you really like since you ’ ll be ushered to private booths where there will be no people or food watching ( choose the ones on the ground level that have glass ceilings so you may see the stars in the sky ! ) .",extract aspect :,[{'aspect': 'private booths'}],[{'aspect': 'date'}],[{'aspect': 'date'}],[{'aspect': 'date'}],[{'aspect': 'date'}],( date )
"This is where it really really gets bad : the manager said , there is absolutely nothing we can do , it 's a matter of taste that she did n't like it , and I can not comp it .",extract aspect :,[{'aspect': 'manager'}],[{'aspect': 'manager'}],[{'aspect': 'manager'}],[{'aspect': 'manager'}],[{'aspect': 'manager'}],( manager )
"The space is limited so be prepared to wait up to 45 minutes - 1 hour , but be richly rewarded when you savor the delicious indo-chinese food .",extract aspect :,"[{'aspect': 'space'}, {'aspect': 'indo-chinese food'}]",[{'aspect': 'indo-chinese food'}],[{'aspect': 'indo-chinese food'}],[{'aspect': 'indo-chinese food'}],[{'aspect': 'indo-chinese food'}],( indo-chinese food )
"You would think they would make up for it with service , sadly , no .",extract aspect :,[{'aspect': 'service'}],[{'aspect': 'service'}],[{'aspect': 'service'}],[{'aspect': 'service'}],[{'aspect': 'service'}],( service )
Best meal in a long time !,extract aspect :,[{'aspect': 'meal'}],[{'aspect': 'meal'}],[{'aspect': 'meal'}],[{'aspect': 'meal'}],[{'aspect': 'meal'}],( meal )
"Be prepared to wait , because the place is pretty tiny .",extract aspect :,[{'aspect': 'place'}],[{'aspect': 'place'}],[{'aspect': 'place'}],[{'aspect': 'place'}],[{'aspect': 'place'}],( place )
"The food we ordered was excellent , although I would n't say the margaritas were anything to write home about .",extract aspect :,[{'aspect': 'food'}],"[{'aspect': 'margaritas'}, {'aspect': 'food'}]","[{'aspect': 'margaritas'}, {'aspect': 'food'}]","[{'aspect': 'margaritas'}, {'aspect': 'food'}]","[{'aspect': 'margaritas'}, {'aspect': 'food'}]",( food ) ; ( margaritas )
The atmosphere is relaxed and casual .,extract aspect :,[{'aspect': 'atmosphere'}],[{'aspect': 'atmosphere'}],[{'aspect': 'atmosphere'}],[{'aspect': 'atmosphere'}],[{'aspect': 'atmosphere'}],( atmosphere )
"A different server enhanced the fun , dumping our entrees in front of us halfway through our appetizer ( which was delicious ) .",extract aspect :,"[{'aspect': 'server'}, {'aspect': 'appetizer'}]",[{'aspect': 'server'}],[{'aspect': 'server'}],[{'aspect': 'server'}],[{'aspect': 'server'}],( server )
"If you are going for the food , it will not be worth it .",extract aspect :,[{'aspect': 'food'}],[{'aspect': 'food'}],[{'aspect': 'food'}],[{'aspect': 'food'}],[{'aspect': 'food'}],( food )
I ordered the vitello alla marsala and I was pretty impressed .,extract aspect :,[{'aspect': 'vitello alla marsala'}],[{'aspect': 'vitello alla marsala'}],[{'aspect': 'vitello alla marsala'}],[{'aspect': 'vitello alla marsala'}],[{'aspect': 'vitello alla marsala'}],( vitello alla marsala )
The sashimi is always fresh and the rolls are innovative and delicious .,extract aspect :,"[{'aspect': 'sashimi'}, {'aspect': 'rolls'}]","[{'aspect': 'sashimi'}, {'aspect': 'rolls'}]","[{'aspect': 'sashimi'}, {'aspect': 'rolls'}]","[{'aspect': 'sashimi'}, {'aspect': 'rolls'}]","[{'aspect': 'sashimi'}, {'aspect': 'rolls'}]",( sashimi ) ; ( rolls )
We started off with a delightful sashimi amuse bouche .,extract aspect :,[{'aspect': 'sashimi amuse bouche'}],[{'aspect': 'sashimi amuse bouche'}],[{'aspect': 'sashimi amuse bouche'}],[{'aspect': 'sashimi amuse bouche'}],[{'aspect': 'sashimi amuse bouche'}],( sashimi amuse bouche )
"An awesome organic dog , and a conscious eco friendly establishment .",extract aspect :,"[{'aspect': 'dog'}, {'aspect': 'establishment'}]","[{'aspect': 'establishment'}, {'aspect': 'organic dog'}]","[{'aspect': 'establishment'}, {'aspect': 'organic dog'}]","[{'aspect': 'establishment'}, {'aspect': 'organic dog'}]","[{'aspect': 'establishment'}, {'aspect': 'organic dog'}]",( organic dog ) ; ( establishment )
The service was quick and friendly .,extract aspect :,[{'aspect': 'service'}],[{'aspect': 'service'}],[{'aspect': 'service'}],[{'aspect': 'service'}],[{'aspect': 'service'}],( service )
my favorite place lol,extract aspect :,[{'aspect': 'place'}],[{'aspect': 'place'}],[{'aspect': 'place'}],[{'aspect': 'place'}],[{'aspect': 'place'}],( place )
the crust was imazingly cooked well and pizza was fully loaded : ) : ) : ),extract aspect :,"[{'aspect': 'crust'}, {'aspect': 'pizza'}]","[{'aspect': 'crust'}, {'aspect': 'pizza'}]","[{'aspect': 'crust'}, {'aspect': 'pizza'}]","[{'aspect': 'crust'}, {'aspect': 'pizza'}]","[{'aspect': 'crust'}, {'aspect': 'pizza'}]",( crust ) ; ( pizza )
"For desserts , we tried the frozen black sesame mousse ( interesting but not extraordinary ) and matcha ( powdered green tea ) and blueberry cheesecake , which was phenomenal .",extract aspect :,"[{'aspect': 'frozen black sesame mousse'}, {'aspect': 'matcha ( powdered green tea ) and blueberry cheesecake'}]","[{'aspect': 'powdered green tea'}, {'aspect': 'blueberry cheesecake'}, {'aspect': 'matcha'}, {'aspect': 'frozen black sesame mousse'}]","[{'aspect': 'powdered green tea'}, {'aspect': 'blueberry cheesecake'}, {'aspect': 'matcha'}, {'aspect': 'frozen black sesame mousse'}]","[{'aspect': 'powdered green tea'}, {'aspect': 'blueberry cheesecake'}, {'aspect': 'matcha'}, {'aspect': 'frozen black sesame mousse'}]","[{'aspect': 'powdered green tea'}, {'aspect': 'blueberry cheesecake'}, {'aspect': 'matcha'}, {'aspect': 'frozen black sesame mousse'}]",( frozen black sesame mousse ) ; ( matcha ) ; ( powdered green tea ) ; ( blueberry cheesecake )
"The pasta was well cooked , did n't have enough sauce though or flavor .",extract aspect :,[{'aspect': 'pasta'}],[{'aspect': 'pasta'}],[{'aspect': 'pasta'}],[{'aspect': 'pasta'}],[{'aspect': 'pasta'}],( pasta )
I 've had my fair share of modern Japanese and this spot delivers .,extract aspect :,[{'aspect': 'modern Japanese'}],[{'aspect': 'spot'}],[{'aspect': 'spot'}],[{'aspect': 'spot'}],[{'aspect': 'spot'}],( spot )
"Maybe it was the great company ( I had friends visiting from Philly – yes , it was not a date this time ) or the super reasonable price point , but I just can ’ t say enough good things about this brasserie .",extract aspect :,[{'aspect': 'brasserie'}],"[{'aspect': 'company'}, {'aspect': 'brasserie'}]","[{'aspect': 'company'}, {'aspect': 'brasserie'}]","[{'aspect': 'company'}, {'aspect': 'brasserie'}]","[{'aspect': 'company'}, {'aspect': 'brasserie'}]",( company ) ; ( brasserie )
The service was extremely fast and attentive ( thanks to the service button on your table ) but I barely understood 1 word when the waiter took our order .,extract aspect :,"[{'aspect': 'service'}, {'aspect': 'service button'}, {'aspect': 'waiter'}]",[{'aspect': 'service'}],[{'aspect': 'service'}],[{'aspect': 'service'}],[{'aspect': 'service'}],( service )
