prompt,text,output
Predict the text's sentiment,Wow... Loved this place.,Positive
Predict the text's sentiment,Crust is not good.,Negative
Predict the text's sentiment,Not tasty and the texture was just nasty.,Negative
Predict the text's sentiment,Stopped by during the late May bank holiday off Rick Steve recommendation and loved it.,Positive
Predict the text's sentiment,The selection on the menu was great and so were the prices.,Positive
Predict the text's sentiment,Now I am getting angry and I want my damn pho.,Negative
Predict the text's sentiment,Honeslty it didn't taste THAT fresh.),Negative
Predict the text's sentiment,The potatoes were like rubber and you could tell they had been made up ahead of time being kept under a warmer.,Negative
Predict the text's sentiment,The fries were great too.,Positive
Predict the text's sentiment,A great touch.,Positive
Predict the text's sentiment,Service was very prompt.,Positive
Predict the text's sentiment,Would not go back.,Negative
Predict the text's sentiment,The cashier had no care what so ever on what I had to say it still ended up being wayyy overpriced.,Negative
Predict the text's sentiment,"I tried the Cape Cod ravoli, chicken, with cranberry...mmmm!",Positive
Predict the text's sentiment,I was disgusted because I was pretty sure that was human hair.,Negative
Predict the text's sentiment,I was shocked because no signs indicate cash only.,Negative
Predict the text's sentiment,Highly recommended.,Positive
Predict the text's sentiment,Waitress was a little slow in service.,Negative
Predict the text's sentiment,"This place is not worth your time, let alone Vegas.",Negative
Predict the text's sentiment,did not like at all.,Negative
Predict the text's sentiment,The Burrittos Blah!,Negative
Predict the text's sentiment,"The food, amazing.",Positive
Predict the text's sentiment,Service is also cute.,Positive
Predict the text's sentiment,I could care less... The interior is just beautiful.,Positive
Predict the text's sentiment,So they performed.,Positive
Predict the text's sentiment,That's right....the red velvet cake.....ohhh this stuff is so good.,Positive
Predict the text's sentiment,- They never brought a salad we asked for.,Negative
Predict the text's sentiment,"This hole in the wall has great Mexican street tacos, and friendly staff.",Positive
Predict the text's sentiment,"Took an hour to get our food only 4 tables in restaurant my food was Luke warm, Our sever was running around like he was totally overwhelmed.",Negative
Predict the text's sentiment,The worst was the salmon sashimi.,Negative
Predict the text's sentiment,"Also there are combos like a burger, fries, and beer for 23 which is a decent deal.",Positive
Predict the text's sentiment,This was like the final blow!,Negative
Predict the text's sentiment,I found this place by accident and I could not be happier.,Positive
Predict the text's sentiment,"seems like a good quick place to grab a bite of some familiar pub food, but do yourself a favor and look elsewhere.",Negative
Predict the text's sentiment,"Overall, I like this place a lot.",Positive
Predict the text's sentiment,The only redeeming quality of the restaurant was that it was very inexpensive.,Positive
Predict the text's sentiment,Ample portions and good prices.,Positive
Predict the text's sentiment,"Poor service, the waiter made me feel like I was stupid every time he came to the table.",Negative
Predict the text's sentiment,My first visit to Hiro was a delight!,Positive
Predict the text's sentiment,Service sucks.,Negative
Predict the text's sentiment,The shrimp tender and moist.,Positive
Predict the text's sentiment,There is not a deal good enough that would drag me into that establishment again.,Negative
Predict the text's sentiment,Hard to judge whether these sides were good because we were grossed out by the melted styrofoam and didn't want to eat it for fear of getting sick.,Negative
Predict the text's sentiment,"On a positive note, our server was very attentive and provided great service.",Positive
Predict the text's sentiment,"Frozen pucks of disgust, with some of the worst people behind the register.",Negative
Predict the text's sentiment,The only thing I did like was the prime rib and dessert section.,Positive
Predict the text's sentiment,It's too bad the food is so damn generic.,Negative
Predict the text's sentiment,"The burger is good beef, cooked just right.",Positive
Predict the text's sentiment,If you want a sandwich just go to any Firehouse!!!!!,Positive
Predict the text's sentiment,"My side Greek salad with the Greek dressing was so tasty, and the pita and hummus was very refreshing.",Positive
Predict the text's sentiment,We ordered the duck rare and it was pink and tender on the inside with a nice char on the outside.,Positive
Predict the text's sentiment,He came running after us when he realized my husband had left his sunglasses on the table.,Positive
Predict the text's sentiment,Their chow mein is so good!,Positive
Predict the text's sentiment,"They have horrible attitudes towards customers, and talk down to each one when customers don't enjoy their food.",Negative
Predict the text's sentiment,The portion was huge!,Positive
Predict the text's sentiment,"Loved it...friendly servers, great food, wonderful and imaginative menu.",Positive
Predict the text's sentiment,The Heart Attack Grill in downtown Vegas is an absolutely flat-lined excuse for a restaurant.,Negative
Predict the text's sentiment,Not much seafood and like 5 strings of pasta at the bottom.,Negative
Predict the text's sentiment,"The salad had just the right amount of sauce to not over power the scallop, which was perfectly cooked.",Positive
Predict the text's sentiment,"The ripped banana was not only ripped, but petrified and tasteless.",Negative
Predict the text's sentiment,At least think to refill my water before I struggle to wave you over for 10 minutes.,Negative
Predict the text's sentiment,This place receives stars for their APPETIZERS!!!,Positive
Predict the text's sentiment,The cocktails are all handmade and delicious.,Positive
Predict the text's sentiment,We'd definitely go back here again.,Positive
Predict the text's sentiment,We are so glad we found this place.,Positive
Predict the text's sentiment,"Great food and service, huge portions and they give a military discount.",Positive
Predict the text's sentiment,Always a great time at Dos Gringos!,Positive
Predict the text's sentiment,Update.....went back for a second time and it was still just as amazing,Positive
Predict the text's sentiment,We got the food and apparently they have never heard of salt and the batter on the fish was chewy.,Negative
Predict the text's sentiment,A great way to finish a great.,Positive
Predict the text's sentiment,"The deal included 5 tastings and 2 drinks, and Jeff went above and beyond what we expected.",Positive
Predict the text's sentiment,"- Really, really good rice, all the time.",Positive
Predict the text's sentiment,The service was meh.,Negative
Predict the text's sentiment,"It took over 30 min to get their milkshake, which was nothing more than chocolate milk.",Negative
Predict the text's sentiment,"I guess I should have known that this place would suck, because it is inside of the Excalibur, but I didn't use my common sense.",Negative
Predict the text's sentiment,The scallop dish is quite appalling for value as well.,Negative
Predict the text's sentiment,2 times - Very Bad Customer Service !,Negative
Predict the text's sentiment,The sweet potato fries were very good and seasoned well.,Positive
Predict the text's sentiment,Today is the second time I've been to their lunch buffet and it was pretty good.,Positive
Predict the text's sentiment,There is so much good food in Vegas that I feel cheated for wasting an eating opportunity by going to Rice and Company.,Negative
Predict the text's sentiment,Coming here is like experiencing an underwhelming relationship where both parties can't wait for the other person to ask to break up.,Negative
Predict the text's sentiment,walked in and the place smelled like an old grease trap and only 2 others there eating.,Negative
Predict the text's sentiment,The turkey and roast beef were bland.,Negative
Predict the text's sentiment,This place has it!,Positive
Predict the text's sentiment,The pan cakes everyone are raving about taste like a sugary disaster tailored to the palate of a six year old.,Negative
Predict the text's sentiment,I love the Pho and the spring rolls oh so yummy you have to try.,Positive
Predict the text's sentiment,The poor batter to meat ratio made the chicken tenders very unsatisfying.,Negative
Predict the text's sentiment,All I have to say is the food was amazing!!!,Positive
Predict the text's sentiment,Omelets are to die for!,Positive
Predict the text's sentiment,Everything was fresh and delicious!,Positive
Predict the text's sentiment,"In summary, this was a largely disappointing dining experience.",Negative
Predict the text's sentiment,"It's like a really sexy party in your mouth, where you're outrageously flirting with the hottest person at the party.",Positive
Predict the text's sentiment,"Never been to Hard Rock Casino before, WILL NEVER EVER STEP FORWARD IN IT AGAIN!",Negative
Predict the text's sentiment,Best breakfast buffet!!!,Positive
Predict the text's sentiment,say bye bye to your tip lady!,Negative
Predict the text's sentiment,We'll never go again.,Negative
Predict the text's sentiment,Will be back again!,Positive
Predict the text's sentiment,Food arrived quickly!,Positive
Predict the text's sentiment,It was not good.,Negative
Predict the text's sentiment,"On the up side, their cafe serves really good food.",Positive
Predict the text's sentiment,"Our server was fantastic and when he found out the wife loves roasted garlic and bone marrow, he added extra to our meal and another marrow to go!",Positive
Predict the text's sentiment,"The only good thing was our waiter, he was very helpful and kept the bloddy mary's coming.",Positive
Predict the text's sentiment,"Best Buffet in town, for the price you cannot beat it.",Positive
Predict the text's sentiment,"I LOVED their mussels cooked in this wine reduction, the duck was tender, and their potato dishes were delicious.",Positive
Predict the text's sentiment,This is one of the better buffets that I have been to.,Positive
Predict the text's sentiment,So we went to Tigerlilly and had a fantastic afternoon!,Positive
Predict the text's sentiment,"The food was delicious, our bartender was attentive and personable AND we got a great deal!",Positive
Predict the text's sentiment,The ambience is wonderful and there is music playing.,Positive
Predict the text's sentiment,Will go back next trip out.,Positive
Predict the text's sentiment,Sooooo good!!,Positive
Predict the text's sentiment,"REAL sushi lovers, let's be honest - Yama is not that good.",Negative
Predict the text's sentiment,"At least 40min passed in between us ordering and the food arriving, and it wasn't that busy.",Negative
Predict the text's sentiment,This is a really fantastic Thai restaurant which is definitely worth a visit.,Positive
Predict the text's sentiment,"Nice, spicy and tender.",Positive
Predict the text's sentiment,Good prices.,Positive
Predict the text's sentiment,Check it out.,Positive
Predict the text's sentiment,It was pretty gross!,Negative
Predict the text's sentiment,I've had better atmosphere.,Negative
Predict the text's sentiment,Kind of hard to mess up a steak but they did.,Negative
Predict the text's sentiment,"Although I very much liked the look and sound of this place, the actual experience was a bit disappointing.",Negative
Predict the text's sentiment,I just don't know how this place managed to served the blandest food I have ever eaten when they are preparing Indian cuisine.,Negative
Predict the text's sentiment,"Worst service to boot, but that is the least of their worries.",Negative
Predict the text's sentiment,Service was fine and the waitress was friendly.,Positive
Predict the text's sentiment,"The guys all had steaks, and our steak loving son who has had steak at the best and worst places said it was the best steak he's ever eaten.",Positive
Predict the text's sentiment,"We thought you'd have to venture further away to get good sushi, but this place really hit the spot that night.",Positive
Predict the text's sentiment,"Host staff were, for lack of a better word, BITCHES!",Negative
Predict the text's sentiment,Bland... Not a liking this place for a number of reasons and I don't want to waste time on bad reviewing.. I'll leave it at that...,Negative
Predict the text's sentiment,"Phenomenal food, service and ambiance.",Positive
Predict the text's sentiment,I wouldn't return.,Negative
Predict the text's sentiment,"Definitely worth venturing off the strip for the pork belly, will return next time I'm in Vegas.",Positive
Predict the text's sentiment,This place is way too overpriced for mediocre food.,Negative
Predict the text's sentiment,Penne vodka excellent!,Positive
Predict the text's sentiment,"They have a good selection of food including a massive meatloaf sandwich, a crispy chicken wrap, a delish tuna melt and some tasty burgers.",Positive
Predict the text's sentiment,The management is rude.,Negative
Predict the text's sentiment,"Delicious NYC bagels, good selections of cream cheese, real Lox with capers even.",Positive
Predict the text's sentiment,"Great Subway, in fact it's so good when you come here every other Subway will not meet your expectations.",Positive
Predict the text's sentiment,I had a seriously solid breakfast here.,Positive
Predict the text's sentiment,This is one of the best bars with food in Vegas.,Positive
Predict the text's sentiment,"He was extremely rude and really, there are so many other restaurants I would love to dine at during a weekend in Vegas.",Negative
Predict the text's sentiment,My drink was never empty and he made some really great menu suggestions.,Positive
Predict the text's sentiment,Don't do it!!!!,Negative
Predict the text's sentiment,The waiter wasn't helpful or friendly and rarely checked on us.,Negative
Predict the text's sentiment,My husband and I ate lunch here and were very disappointed with the food and service.,Negative
Predict the text's sentiment,And the red curry had so much bamboo shoots and wasn't very tasty to me.,Negative
Predict the text's sentiment,Nice blanket of moz over top but i feel like this was done to cover up the subpar food.,Positive
Predict the text's sentiment,The bathrooms are clean and the place itself is well decorated.,Positive
Predict the text's sentiment,"The menu is always changing, food quality is going down & service is extremely slow.",Negative
Predict the text's sentiment,"The service was a little slow , considering that were served by 3 people servers so the food was coming in a slow pace.",Negative
Predict the text's sentiment,I give it 2 thumbs down,Negative
Predict the text's sentiment,We watched our waiter pay a lot more attention to other tables and ignore us.,Negative
Predict the text's sentiment,My fianc√© and I came in the middle of the day and we were greeted and seated right away.,Positive
Predict the text's sentiment,This is a great restaurant at the Mandalay Bay.,Positive
Predict the text's sentiment,We waited for forty five minutes in vain.,Negative
Predict the text's sentiment,Crostini that came with the salad was stale.,Negative
Predict the text's sentiment,Some highlights : Great quality nigiri here!,Positive
Predict the text's sentiment,the staff is friendly and the joint is always clean.,Positive
Predict the text's sentiment,this was a different cut than the piece the other day but still wonderful and tender s well as well flavored.,Positive
Predict the text's sentiment,I ordered the Voodoo pasta and it was the first time I'd had really excellent pasta since going gluten free several years ago.,Positive
Predict the text's sentiment,this place is good.,Positive
Predict the text's sentiment,"Unfortunately, we must have hit the bakery on leftover day because everything we ordered was STALE.",Negative
Predict the text's sentiment,I came back today since they relocated and still not impressed.,Negative
Predict the text's sentiment,I was seated immediately.,Positive
Predict the text's sentiment,"Their menu is diverse, and reasonably priced.",Positive
Predict the text's sentiment,Avoid at all cost!,Negative
Predict the text's sentiment,Restaurant is always full but never a wait.,Positive
Predict the text's sentiment,DELICIOUS!!,Positive
Predict the text's sentiment,This place is hands-down one of the best places to eat in the Phoenix metro area.,Positive
Predict the text's sentiment,So don't go there if you are looking for good food...,Negative
Predict the text's sentiment,I've never been treated so bad.,Negative
Predict the text's sentiment,Bacon is hella salty.,Positive
Predict the text's sentiment,"We also ordered the spinach and avocado salad, the ingredients were sad and the dressing literally had zero taste.",Negative
Predict the text's sentiment,"This really is how Vegas fine dining used to be, right down to the menus handed to the ladies that have no prices listed.",Positive
Predict the text's sentiment,The waitresses are very friendly.,Positive
Predict the text's sentiment,"Lordy, the Khao Soi is a dish that is not to be missed for curry lovers!",Positive
Predict the text's sentiment,Everything on the menu is terrific and we were also thrilled that they made amazing accommodations for our vegetarian daughter.,Positive
Predict the text's sentiment,"Perhaps I caught them on an off night judging by the other reviews, but I'm not inspired to go back.",Negative
Predict the text's sentiment,The service here leaves a lot to be desired.,Negative
Predict the text's sentiment,"The atmosphere is modern and hip, while maintaining a touch of coziness.",Positive
Predict the text's sentiment,"Not a weekly haunt, but definitely a place to come back to every once in a while.",Positive
Predict the text's sentiment,We literally sat there for 20 minutes with no one asking to take our order.,Negative
Predict the text's sentiment,"The burger had absolutely no flavor - the meat itself was totally bland, the burger was overcooked and there was no charcoal flavor.",Negative
Predict the text's sentiment,I also decided not to send it back because our waitress looked like she was on the verge of having a heart attack.,Negative
Predict the text's sentiment,I dressed up to be treated so rudely!,Negative
Predict the text's sentiment,It was probably dirt.,Negative
Predict the text's sentiment,"Love this place, hits the spot when I want something healthy but not lacking in quantity or flavor.",Positive
Predict the text's sentiment,I ordered the Lemon raspberry ice cocktail which was also incredible.,Positive
Predict the text's sentiment,"The food sucked, which we expected but it sucked more than we could have imagined.",Negative
Predict the text's sentiment,Interesting decor.,Positive
Predict the text's sentiment,What I really like there is the crepe station.,Positive
Predict the text's sentiment,"Also were served hot bread and butter, and home made potato chips with bacon bits on top....very original and very good.",Positive
Predict the text's sentiment,you can watch them preparing the delicious food!),Positive
Predict the text's sentiment,Both of the egg rolls were fantastic.,Positive
Predict the text's sentiment,"When my order arrived, one of the gyros was missing.",Negative
Predict the text's sentiment,"I had a salad with the wings, and some ice cream for dessert and left feeling quite satisfied.",Positive
Predict the text's sentiment,I'm not really sure how Joey's was voted best hot dog in the Valley by readers of Phoenix Magazine.,Negative
Predict the text's sentiment,The best place to go for a tasty bowl of Pho!,Positive
Predict the text's sentiment,The live music on Fridays totally blows.,Negative
Predict the text's sentiment,I've never been more insulted or felt disrespected.,Negative
Predict the text's sentiment,Very friendly staff.,Positive
Predict the text's sentiment,It is worth the drive.,Positive
Predict the text's sentiment,"I had heard good things about this place, but it exceeding every hope I could have dreamed of.",Positive
Predict the text's sentiment,Food was great and so was the serivce!,Positive
Predict the text's sentiment,The warm beer didn't help.,Negative
Predict the text's sentiment,Great brunch spot.,Positive
Predict the text's sentiment,Service is friendly and inviting.,Positive
Predict the text's sentiment,Very good lunch spot.,Positive
Predict the text's sentiment,I've lived here since 1979 and this was the first (and last) time I've stepped foot into this place.,Negative
Predict the text's sentiment,The WORST EXPERIENCE EVER.,Negative
Predict the text's sentiment,Must have been an off night at this place.,Negative
Predict the text's sentiment,"The sides are delish - mixed mushrooms, yukon gold puree, white corn - beateous.",Positive
Predict the text's sentiment,"If that bug never showed up I would have given a 4 for sure, but on the other side of the wall where this bug was climbing was the kitchen.",Negative
Predict the text's sentiment,"For about 10 minutes, we we're waiting for her salad when we realized that it wasn't coming any time soon.",Negative
Predict the text's sentiment,My friend loved the salmon tartar.,Positive
Predict the text's sentiment,Won't go back.,Negative
Predict the text's sentiment,Extremely Tasty!,Positive
Predict the text's sentiment,Waitress was good though!,Positive
Predict the text's sentiment,Soggy and not good.,Negative
Predict the text's sentiment,The Jamaican mojitos are delicious.,Positive
Predict the text's sentiment,Which are small and not worth the price.,Negative
Predict the text's sentiment,- the food is rich so order accordingly.,Positive
Predict the text's sentiment,"The shower area is outside so you can only rinse, not take a full shower, unless you don't mind being nude for everyone to see!",Negative
Predict the text's sentiment,The service was a bit lacking.,Negative
Predict the text's sentiment,"Lobster Bisque, Bussell Sprouts, Risotto, Filet ALL needed salt and pepper..and of course there is none at the tables.",Negative
Predict the text's sentiment,Hopefully this bodes for them going out of business and someone who can cook can come in.,Negative
Predict the text's sentiment,"It was either too cold, not enough flavor or just bad.",Negative
Predict the text's sentiment,I loved the bacon wrapped dates.,Positive
Predict the text's sentiment,This is an unbelievable BARGAIN!,Positive
Predict the text's sentiment,The folks at Otto always make us feel so welcome and special.,Positive
Predict the text's sentiment,"As for the ""mains,"" also uninspired.",Negative
Predict the text's sentiment,This is the place where I first had pho and it was amazing!!,Positive
Predict the text's sentiment,This wonderful experience made this place a must-stop whenever we are in town again.,Positive
Predict the text's sentiment,"If the food isn't bad enough for you, then enjoy dealing with the world's worst/annoying drunk people.",Negative
Predict the text's sentiment,Very very fun chef.,Positive
Predict the text's sentiment,"Ordered a double cheeseburger & got a single patty that was falling apart (picture uploaded) Yeah, still sucks.",Negative
Predict the text's sentiment,Great place to have a couple drinks and watch any and all sporting events as the walls are covered with TV's.,Positive
Predict the text's sentiment,"If it were possible to give them zero stars, they'd have it.",Negative
Predict the text's sentiment,"The descriptions said ""yum yum sauce"" and another said ""eel sauce"", yet another said ""spicy mayo""...well NONE of the rolls had sauces on them.",Negative
Predict the text's sentiment,"I'd say that would be the hardest decision... Honestly, all of M's dishes taste how they are supposed to taste (amazing).",Positive
Predict the text's sentiment,If she had not rolled the eyes we may have stayed... Not sure if we will go back and try it again.,Negative
Predict the text's sentiment,"Everyone is very attentive, providing excellent customer service.",Positive
Predict the text's sentiment,Horrible - don't waste your time and money.,Negative
Predict the text's sentiment,Now this dish was quite flavourful.,Positive
Predict the text's sentiment,By this time our side of the restaurant was almost empty so there was no excuse.,Negative
Predict the text's sentiment,"(It wasn't busy either) Also, the building was FREEZING cold.",Negative
Predict the text's sentiment,"like the other reviewer said ""you couldn't pay me to eat at this place again.""",Negative
Predict the text's sentiment,-Drinks took close to 30 minutes to come out at one point.,Negative
Predict the text's sentiment,"Seriously flavorful delights, folks.",Positive
Predict the text's sentiment,Much better than the other AYCE sushi place I went to in Vegas.,Positive
Predict the text's sentiment,The lighting is just dark enough to set the mood.,Positive
Predict the text's sentiment,Based on the sub-par service I received and no effort to show their gratitude for my business I won't be going back.,Negative
Predict the text's sentiment,Owner's are really great people.!,Positive
Predict the text's sentiment,There is nothing privileged about working/eating there.,Negative
Predict the text's sentiment,The Greek dressing was very creamy and flavorful.,Positive
Predict the text's sentiment,"Overall, I don't think that I would take my parents to this place again because they made most of the similar complaints that I silently felt too.",Negative
Predict the text's sentiment,Now the pizza itself was good the peanut sauce was very tasty.,Positive
Predict the text's sentiment,We had 7 at our table and the service was pretty fast.,Positive
Predict the text's sentiment,Fantastic service here.,Positive
Predict the text's sentiment,I as well would've given godfathers zero stars if possible.,Negative
Predict the text's sentiment,They know how to make them here.,Positive
Predict the text's sentiment,very tough and very short on flavor!,Negative
Predict the text's sentiment,I hope this place sticks around.,Positive
Predict the text's sentiment,"I have been in more than a few bars in Vegas, and do not ever recall being charged for tap water.",Negative
Predict the text's sentiment,The restaurant atmosphere was exquisite.,Positive
Predict the text's sentiment,"Good service, very clean, and inexpensive, to boot!",Positive
Predict the text's sentiment,The seafood was fresh and generous in portion.,Positive
Predict the text's sentiment,"Plus, it's only 8 bucks.",Positive
Predict the text's sentiment,"The service was not up to par, either.",Negative
Predict the text's sentiment,"Thus far, have only visited twice and the food was absolutely delicious each time.",Positive
Predict the text's sentiment,Just as good as when I had it more than a year ago!,Positive
Predict the text's sentiment,"For a self proclaimed coffee cafe, I was wildly disappointed.",Negative
Predict the text's sentiment,The Veggitarian platter is out of this world!,Positive
Predict the text's sentiment,You cant go wrong with any of the food here.,Positive
Predict the text's sentiment,You can't beat that.,Positive
Predict the text's sentiment,"Stopped by this place while in Madison for the Ironman, very friendly, kind staff.",Positive
Predict the text's sentiment,The chefs were friendly and did a good job.,Positive
Predict the text's sentiment,"I've had better, not only from dedicated boba tea spots, but even from Jenni Pho.",Negative
Predict the text's sentiment,I liked the patio and the service was outstanding.,Positive
Predict the text's sentiment,The goat taco didn't skimp on the meat and wow what FLAVOR!,Positive
Predict the text's sentiment,I think not again,Negative
Predict the text's sentiment,I had the mac salad and it was pretty bland so I will not be getting that again.,Negative
Predict the text's sentiment,I went to Bachi Burger on a friend's recommendation and was not disappointed.,Positive
Predict the text's sentiment,Service stinks here!,Negative
Predict the text's sentiment,I waited and waited.,Negative
Predict the text's sentiment,"This place is not quality sushi, it is not a quality restaurant.",Negative
Predict the text's sentiment,I would definitely recommend the wings as well as the pizza.,Positive
Predict the text's sentiment,Great Pizza and Salads!,Positive
Predict the text's sentiment,Things that went wrong: - They burned the saganaki.,Negative
Predict the text's sentiment,We waited an hour for what was a breakfast I could have done 100 times better at home.,Negative
Predict the text's sentiment,This place is amazing!,Positive
Predict the text's sentiment,"I hate to disagree with my fellow Yelpers, but my husband and I were so disappointed with this place.",Negative
Predict the text's sentiment,Waited 2 hours & never got either of our pizzas as many other around us who came in later did!,Negative
Predict the text's sentiment,Just don't know why they were so slow.,Negative
Predict the text's sentiment,"The staff is great, the food is delish, and they have an incredible beer selection.",Positive
Predict the text's sentiment,"I live in the neighborhood so I am disappointed I won't be back here, because it is a convenient location.",Negative
Predict the text's sentiment,I didn't know pulled pork could be soooo delicious.,Positive
Predict the text's sentiment,"You get incredibly fresh fish, prepared with care.",Positive
Predict the text's sentiment,Before I go in to why I gave a 1 star rating please know that this was my third time eating at Bachi burger before writing a review.,Negative
Predict the text's sentiment,I love the fact that everything on their menu is worth it.,Positive
Predict the text's sentiment,Never again will I be dining at this place!,Negative
Predict the text's sentiment,The food was excellent and service was very good.,Positive
Predict the text's sentiment,Good beer & drink selection and good food selection.,Positive
Predict the text's sentiment,Please stay away from the shrimp stir fried noodles.,Negative
Predict the text's sentiment,The potato chip order was sad... I could probably count how many chips were in that box and it was probably around 12.,Negative
Predict the text's sentiment,Food was really boring.,Negative
Predict the text's sentiment,Good Service-check!,Positive
Predict the text's sentiment,This greedy corporation will NEVER see another dime from me!,Negative
Predict the text's sentiment,"Will never, ever go back.",Negative
Predict the text's sentiment,"As much as I'd like to go back, I can't get passed the atrocious service and will never return.",Negative
Predict the text's sentiment,"In the summer, you can dine in a charming outdoor patio - so very delightful.",Positive
Predict the text's sentiment,I did not expect this to be so good!,Positive
Predict the text's sentiment,Fantastic food!,Positive
Predict the text's sentiment,She ordered a toasted English muffin that came out untoasted.,Negative
Predict the text's sentiment,The food was very good.,Positive
Predict the text's sentiment,Never going back.,Negative
Predict the text's sentiment,"Great food for the price, which is very high quality and house made.",Positive
Predict the text's sentiment,The bus boy on the other hand was so rude.,Negative
Predict the text's sentiment,"By this point, my friends and I had basically figured out this place was a joke and didn't mind making it publicly and loudly known.",Negative
Predict the text's sentiment,"Back to good BBQ, lighter fare, reasonable pricing and tell the public they are back to the old ways.",Positive
Predict the text's sentiment,"And considering the two of us left there very full and happy for about $20, you just can't go wrong.",Positive
Predict the text's sentiment,All the bread is made in-house!,Positive
Predict the text's sentiment,The only downside is the service.,Negative
Predict the text's sentiment,"Also, the fries are without a doubt the worst fries I've ever had.",Negative
Predict the text's sentiment,Service was exceptional and food was a good as all the reviews.,Positive
Predict the text's sentiment,"A couple of months later, I returned and had an amazing meal.",Positive
Predict the text's sentiment,Favorite place in town for shawarrrrrrma!!!!!!,Positive
Predict the text's sentiment,The black eyed peas and sweet potatoes... UNREAL!,Positive
Predict the text's sentiment,You won't be disappointed.,Positive
Predict the text's sentiment,"They could serve it with just the vinaigrette and it may make for a better overall dish, but it was still very good.",Positive
Predict the text's sentiment,"I go to far too many places and I've never seen any restaurant that serves a 1 egg breakfast, especially for $4.00.",Negative
Predict the text's sentiment,When my mom and I got home she immediately got sick and she only had a few bites of salad.,Negative
Predict the text's sentiment,The servers are not pleasant to deal with and they don't always honor Pizza Hut coupons.,Negative
Predict the text's sentiment,"Both of them were truly unbelievably good, and I am so glad we went back.",Positive
Predict the text's sentiment,"We had fantastic service, and were pleased by the atmosphere.",Positive
Predict the text's sentiment,Everything was gross.,Negative
Predict the text's sentiment,I love this place.,Positive
Predict the text's sentiment,Great service and food.,Positive
Predict the text's sentiment,First - the bathrooms at this location were dirty- Seat covers were not replenished & just plain yucky!!!,Negative
Predict the text's sentiment,"The burger... I got the ""Gold Standard"" a $17 burger and was kind of disappointed.",Negative
Predict the text's sentiment,"OMG, the food was delicioso!",Positive
Predict the text's sentiment,There is nothing authentic about this place.,Negative
Predict the text's sentiment,the spaghetti is nothing special whatsoever.,Negative
Predict the text's sentiment,"Of all the dishes, the salmon was the best, but all were great.",Positive
Predict the text's sentiment,The vegetables are so fresh and the sauce feels like authentic Thai.,Positive
Predict the text's sentiment,It's worth driving up from Tucson!,Positive
Predict the text's sentiment,The selection was probably the worst I've seen in Vegas.....there was none.,Negative
Predict the text's sentiment,Pretty good beer selection too.,Positive
Predict the text's sentiment,"This place is like Chipotle, but BETTER.",Positive
Predict the text's sentiment,"Classy/warm atmosphere, fun and fresh appetizers, succulent steaks (Baseball steak!!!!!",Positive
Predict the text's sentiment,5 stars for the brick oven bread app!,Positive
Predict the text's sentiment,"I have eaten here multiple times, and each time the food was delicious.",Positive
Predict the text's sentiment,We sat another ten minutes and finally gave up and left.,Negative
Predict the text's sentiment,He was terrible!,Negative
Predict the text's sentiment,Everyone is treated equally special.,Positive
Predict the text's sentiment,It shouldn't take 30 min for pancakes and eggs.,Negative
Predict the text's sentiment,It was delicious!!!,Positive
Predict the text's sentiment,"On the good side, the staff was genuinely pleasant and enthusiastic - a real treat.",Positive
Predict the text's sentiment,"Sadly, Gordon Ramsey's Steak is a place we shall sharply avoid during our next trip to Vegas.",Negative
Predict the text's sentiment,As always the evening was wonderful and the food delicious!,Positive
Predict the text's sentiment,Best fish I've ever had in my life!,Positive
Predict the text's sentiment,(The bathroom is just next door and very nice.),Positive
Predict the text's sentiment,The buffet is small and all the food they offered was BLAND.,Negative
Predict the text's sentiment,This is an Outstanding little restaurant with some of the Best Food I have ever tasted.,Positive
Predict the text's sentiment,Pretty cool I would say.,Positive
Predict the text's sentiment,Definitely a turn off for me & i doubt I'll be back unless someone else is buying.,Negative
Predict the text's sentiment,Server did a great job handling our large rowdy table.,Positive
Predict the text's sentiment,"I find wasting food to be despicable, but this just wasn't food.",Negative
Predict the text's sentiment,My wife had the Lobster Bisque soup which was lukewarm.,Negative
Predict the text's sentiment,Would come back again if I had a sushi craving while in Vegas.,Positive
Predict the text's sentiment,"The staff are great, the ambiance is great.",Positive
Predict the text's sentiment,He deserves 5 stars.,Positive
Predict the text's sentiment,I left with a stomach ache and felt sick the rest of the day.,Negative
Predict the text's sentiment,They dropped more than the ball.,Negative
Predict the text's sentiment,"The dining space is tiny, but elegantly decorated and comfortable.",Positive
Predict the text's sentiment,"They will customize your order any way you'd like, my usual is Eggplant with Green Bean stir fry, love it!",Positive
Predict the text's sentiment,And the beans and rice were mediocre at best.,Negative
Predict the text's sentiment,Best tacos in town by far!!,Positive
Predict the text's sentiment,I took back my money and got outta there.,Negative
Predict the text's sentiment,"In an interesting part of town, this place is amazing.",Positive
Predict the text's sentiment,RUDE & INCONSIDERATE MANAGEMENT.,Negative
Predict the text's sentiment,"The staff are now not as friendly, the wait times for being served are horrible, no one even says hi for the first 10 minutes.",Negative
Predict the text's sentiment,I won't be back.,Negative
Predict the text's sentiment,They have great dinners.,Positive
Predict the text's sentiment,The service was outshining & I definitely recommend the Halibut.,Positive
Predict the text's sentiment,The food was terrible.,Negative
Predict the text's sentiment,WILL NEVER EVER GO BACK AND HAVE TOLD MANY PEOPLE WHAT HAD HAPPENED.,Negative
Predict the text's sentiment,I don't recommend unless your car breaks down in front of it and you are starving.,Negative
Predict the text's sentiment,I will come back here every time I'm in Vegas.,Positive
Predict the text's sentiment,This place deserves one star and 90% has to do with the food.,Negative
Predict the text's sentiment,This is a disgrace.,Negative
Predict the text's sentiment,Def coming back to bowl next time,Positive
Predict the text's sentiment,"If you want healthy authentic or ethic food, try this place.",Positive
Predict the text's sentiment,I will continue to come here on ladies night andddd date night ... highly recommend this place to anyone who is in the area.,Positive
Predict the text's sentiment,"I have been here several times in the past, and the experience has always been great.",Positive
Predict the text's sentiment,We walked away stuffed and happy about our first Vegas buffet experience.,Positive
Predict the text's sentiment,Service was excellent and prices are pretty reasonable considering this is Vegas and located inside the Crystals shopping mall by Aria.,Positive
Predict the text's sentiment,"To summarize... the food was incredible, nay, transcendant... but nothing brings me joy quite like the memory of the pneumatic condiment dispenser.",Positive
Predict the text's sentiment,I'm probably one of the few people to ever go to Ians and not like it.,Negative
Predict the text's sentiment,Kids pizza is always a hit too with lots of great side dish options for the kiddos!,Positive
Predict the text's sentiment,Service is perfect and the family atmosphere is nice to see.,Positive
Predict the text's sentiment,Cooked to perfection and the service was impeccable.,Positive
Predict the text's sentiment,This one is simply a disappointment.,Negative
Predict the text's sentiment,"Overall, I was very disappointed with the quality of food at Bouchon.",Negative
Predict the text's sentiment,I don't have to be an accountant to know I'm getting screwed!,Negative
Predict the text's sentiment,"Great place to eat, reminds me of the little mom and pop shops in the San Francisco Bay Area.",Positive
Predict the text's sentiment,Today was my first taste of a Buldogis Gourmet Hot Dog and I have to tell you it was more than I ever thought possible.,Positive
Predict the text's sentiment,Left very frustrated.,Negative
Predict the text's sentiment,I'll definitely be in soon again.,Positive
Predict the text's sentiment,Food was really good and I got full petty fast.,Positive
Predict the text's sentiment,Service was fantastic.,Positive
Predict the text's sentiment,TOTAL WASTE OF TIME.,Negative
Predict the text's sentiment,I don't know what kind it is but they have the best iced tea.,Positive
Predict the text's sentiment,"Come hungry, leave happy and stuffed!",Positive
Predict the text's sentiment,"For service, I give them no stars.",Negative
Predict the text's sentiment,I can assure you that you won't be disappointed.,Positive
Predict the text's sentiment,I can take a little bad service but the food sucks.,Negative
Predict the text's sentiment,Gave up trying to eat any of the crust (teeth still sore).,Negative
Predict the text's sentiment,But now I was completely grossed out.,Negative
Predict the text's sentiment,I really enjoyed eating here.,Positive
Predict the text's sentiment,First time going but I think I will quickly become a regular.,Positive
Predict the text's sentiment,"Our server was very nice, and even though he looked a little overwhelmed with all of our needs, he stayed professional and friendly until the end.",Positive
Predict the text's sentiment,From what my dinner companions told me...everything was very fresh with nice texture and taste.,Positive
Predict the text's sentiment,"On the ground, right next to our table was a large, smeared, been-stepped-in-and-tracked-everywhere pile of green bird poop.",Negative
Predict the text's sentiment,"Furthermore, you can't even find hours of operation on the website!",Negative
Predict the text's sentiment,We've tried to like this place but after 10+ times I think we're done with them.,Negative
Predict the text's sentiment,What a mistake that was!,Negative
Predict the text's sentiment,No complaints!,Positive
Predict the text's sentiment,This is some seriously good pizza and I'm an expert/connisseur on the topic.,Positive
Predict the text's sentiment,Waiter was a jerk.,Negative
Predict the text's sentiment,"Strike 2, who wants to be rushed.",Negative
Predict the text's sentiment,These are the nicest restaurant owners I've ever come across.,Positive
Predict the text's sentiment,I never come again.,Negative
Predict the text's sentiment,We loved the biscuits!!!,Positive
Predict the text's sentiment,Service is quick and friendly.,Positive
Predict the text's sentiment,Ordered an appetizer and took 40 minutes and then the pizza another 10 minutes.,Negative
Predict the text's sentiment,So absolutley fantastic.,Positive
Predict the text's sentiment,It was a huge awkward 1.5lb piece of cow that was 3/4ths gristle and fat.,Negative
Predict the text's sentiment,definitely will come back here again.,Positive
Predict the text's sentiment,I like Steiners because it's dark and it feels like a bar.,Positive
Predict the text's sentiment,Wow very spicy but delicious.,Positive
Predict the text's sentiment,"If you're not familiar, check it out.",Positive
Predict the text's sentiment,I'll take my business dinner dollars elsewhere.,Negative
Predict the text's sentiment,I'd love to go back.,Positive
Predict the text's sentiment,"Anyway, this FS restaurant has a wonderful breakfast/lunch.",Positive
Predict the text's sentiment,Nothing special.,Negative
Predict the text's sentiment,Each day of the week they have a different deal and it's all so delicious!,Positive
Predict the text's sentiment,"Not to mention the combination of pears, almonds and bacon is a big winner!",Positive
Predict the text's sentiment,Will not be back.,Negative
Predict the text's sentiment,Sauce was tasteless.,Negative
Predict the text's sentiment,"The food is delicious and just spicy enough, so be sure to ask for spicier if you prefer it that way.",Positive
Predict the text's sentiment,My ribeye steak was cooked perfectly and had great mesquite flavor.,Positive
Predict the text's sentiment,I don't think we'll be going back anytime soon.,Negative
Predict the text's sentiment,Food was so gooodd.,Positive
Predict the text's sentiment,I am far from a sushi connoisseur but I can definitely tell the difference between good food and bad food and this was certainly bad food.,Negative
Predict the text's sentiment,I was so insulted.,Negative
Predict the text's sentiment,The last 3 times I had lunch here has been bad.,Negative
Predict the text's sentiment,The chicken wings contained the driest chicken meat I have ever eaten.,Negative
Predict the text's sentiment,"The food was very good and I enjoyed every mouthful, an enjoyable relaxed venue for couples small family groups etc.",Positive
Predict the text's sentiment,Nargile - I think you are great.,Positive
Predict the text's sentiment,Best tater tots in the southwest.,Positive
Predict the text's sentiment,We loved the place.,Positive
Predict the text's sentiment,Definitely not worth the $3 I paid.,Negative
Predict the text's sentiment,The vanilla ice cream was creamy and smooth while the profiterole (choux) pastry was fresh enough.,Positive
Predict the text's sentiment,Im in AZ all the time and now have my new spot.,Positive
Predict the text's sentiment,The manager was the worst.,Negative
Predict the text's sentiment,The inside is really quite nice and very clean.,Positive
Predict the text's sentiment,The food was outstanding and the prices were very reasonable.,Positive
Predict the text's sentiment,I don't think I'll be running back to Carly's anytime soon for food.,Negative
Predict the text's sentiment,"This is was due to the fact that it took 20 minutes to be acknowledged, then another 35 minutes to get our food...and they kept forgetting things.",Negative
Predict the text's sentiment,"Love the margaritas, too!",Positive
Predict the text's sentiment,This was my first and only Vegas buffet and it did not disappoint.,Positive
Predict the text's sentiment,"Very good, though!",Positive
Predict the text's sentiment,The one down note is the ventilation could use some upgrading.,Negative
Predict the text's sentiment,Great pork sandwich.,Positive
Predict the text's sentiment,Don't waste your time here.,Negative
Predict the text's sentiment,"Total letdown, I would much rather just go to the Camelback Flower Shop and Cartel Coffee.",Negative
Predict the text's sentiment,"Third, the cheese on my friend's burger was cold.",Negative
Predict the text's sentiment,We enjoy their pizza and brunch.,Positive
Predict the text's sentiment,The steaks are all well trimmed and also perfectly cooked.,Positive
Predict the text's sentiment,We had a group of 70+ when we claimed we would only have 40 and they handled us beautifully.,Positive
Predict the text's sentiment,I LOVED it!,Positive
Predict the text's sentiment,We asked for the bill to leave without eating and they didn't bring that either.,Negative
Predict the text's sentiment,"This place is a jewel in Las Vegas, and exactly what I've been hoping to find in nearly ten years living here.",Positive
Predict the text's sentiment,Seafood was limited to boiled shrimp and crab legs but the crab legs definitely did not taste fresh.,Negative
Predict the text's sentiment,The selection of food was not the best.,Negative
Predict the text's sentiment,Delicious and I will absolutely be back!,Positive
Predict the text's sentiment,"This isn't a small family restaurant, this is a fine dining establishment.",Positive
Predict the text's sentiment,They had a toro tartare with a cavier that was extraordinary and I liked the thinly sliced wagyu with white truffle.,Positive
Predict the text's sentiment,I dont think I will be back for a very long time.,Negative
Predict the text's sentiment,"It was attached to a gas station, and that is rarely a good sign.",Negative
Predict the text's sentiment,How awesome is that.,Positive
Predict the text's sentiment,I will be back many times soon.,Positive
Predict the text's sentiment,The menu had so much good stuff on it i could not decide!,Positive
Predict the text's sentiment,"Worse of all, he humiliated his worker right in front of me..Bunch of horrible name callings.",Negative
Predict the text's sentiment,CONCLUSION: Very filling meals.,Positive
Predict the text's sentiment,Their daily specials are always a hit with my group.,Positive
Predict the text's sentiment,And then tragedy struck.,Negative
Predict the text's sentiment,The pancake was also really good and pretty large at that.,Positive
Predict the text's sentiment,"This was my first crawfish experience, and it was delicious!",Positive
Predict the text's sentiment,Their monster chicken fried steak and eggs is my all time favorite.,Positive
Predict the text's sentiment,Waitress was sweet and funny.,Positive
Predict the text's sentiment,"I also had to taste my Mom's multi-grain pumpkin pancakes with pecan butter and they were amazing, fluffy, and delicious!",Positive
Predict the text's sentiment,"I'd rather eat airline food, seriously.",Negative
Predict the text's sentiment,Cant say enough good things about this place.,Positive
Predict the text's sentiment,The ambiance was incredible.,Positive
Predict the text's sentiment,The waitress and manager are so friendly.,Positive
Predict the text's sentiment,I would not recommend this place.,Negative
Predict the text's sentiment,Overall I wasn't very impressed with Noca.,Negative
Predict the text's sentiment,My gyro was basically lettuce only.,Negative
Predict the text's sentiment,Terrible service!,Negative
Predict the text's sentiment,Thoroughly disappointed!,Negative
Predict the text's sentiment,"I don't each much pasta, but I love the homemade /hand made pastas and thin pizzas here.",Positive
Predict the text's sentiment,"Give it a try, you will be happy you did.",Positive
Predict the text's sentiment,By far the BEST cheesecurds we have ever had!,Positive
Predict the text's sentiment,Reasonably priced also!,Positive
Predict the text's sentiment,Everything was perfect the night we were in.,Positive
Predict the text's sentiment,The food is very good for your typical bar food.,Positive
Predict the text's sentiment,it was a drive to get there.,Negative
Predict the text's sentiment,"At first glance it is a lovely bakery cafe - nice ambiance, clean, friendly staff.",Positive
Predict the text's sentiment,"Anyway, I do not think i will go back there.",Negative
Predict the text's sentiment,"Point your finger at any item on the menu, order it and you won't be disappointed.",Positive
Predict the text's sentiment,"Oh this is such a thing of beauty, this restaurant.",Positive
Predict the text's sentiment,If you haven't gone here GO NOW!,Positive
Predict the text's sentiment,"A greasy, unhealthy meal.",Negative
Predict the text's sentiment,first time there and might just be the last.,Negative
Predict the text's sentiment,Those burgers were amazing.,Positive
Predict the text's sentiment,"Similarly, the delivery man did not say a word of apology when our food was 45 minutes late.",Negative
Predict the text's sentiment,And it was way to expensive.,Negative
Predict the text's sentiment,"Be sure to order dessert, even if you need to pack it to-go - the tiramisu and cannoli are both to die for.",Positive
Predict the text's sentiment,This was my first time and I can't wait until the next.,Positive
Predict the text's sentiment,The bartender was also nice.,Positive
Predict the text's sentiment,Everything was good and tasty!,Positive
Predict the text's sentiment,This place is two thumbs up....way up.,Positive
Predict the text's sentiment,"The best place in Vegas for breakfast (just check out a Sat, or Sun.",Positive
Predict the text's sentiment,"If you love authentic Mexican food and want a whole bunch of interesting, yet delicious meats to choose from, you need to try this place.",Positive
Predict the text's sentiment,Terrible management.,Negative
Predict the text's sentiment,An excellent new restaurant by an experienced Frenchman.,Positive
Predict the text's sentiment,If there were zero stars I would give it zero stars.,Negative
Predict the text's sentiment,"Great steak, great sides, great wine, amazing desserts.",Positive
Predict the text's sentiment,Worst martini ever!,Negative
Predict the text's sentiment,The steak and the shrimp are in my opinion the best entrees at GC.,Positive
Predict the text's sentiment,I had the opportunity today to sample your amazing pizzas!,Positive
Predict the text's sentiment,We waited for thirty minutes to be seated (although there were 8 vacant tables and we were the only folks waiting).,Negative
Predict the text's sentiment,The yellowtail carpaccio was melt in your mouth fresh.,Positive
Predict the text's sentiment,I won't try going back there even if it's empty.,Negative
Predict the text's sentiment,"No, I'm going to eat the potato that I found some strangers hair in it.",Negative
Predict the text's sentiment,Just spicy enough.. Perfect actually.,Positive
Predict the text's sentiment,Last night was my second time dining here and I was so happy I decided to go back!,Positive
Predict the text's sentiment,"not even a ""hello, we will be right with you.""",Negative
Predict the text's sentiment,The desserts were a bit strange.,Negative
Predict the text's sentiment,My boyfriend and I came here for the first time on a recent trip to Vegas and could not have been more pleased with the quality of food and service.,Positive
Predict the text's sentiment,"I really do recommend this place, you can go wrong with this donut place!",Positive
Predict the text's sentiment,Nice ambiance.,Positive
Predict the text's sentiment,I would recommend saving room for this!,Positive
Predict the text's sentiment,I guess maybe we went on an off night but it was disgraceful.,Negative
Predict the text's sentiment,"However, my recent experience at this particular location was not so good.",Negative
Predict the text's sentiment,"I know this is not like the other restaurants at all, something is very off here!",Negative
Predict the text's sentiment,AVOID THIS ESTABLISHMENT!,Negative
Predict the text's sentiment,I think this restaurant suffers from not trying hard enough.,Negative
Predict the text's sentiment,All of the tapas dishes were delicious!,Positive
Predict the text's sentiment,I *heart* this place.,Positive
Predict the text's sentiment,My salad had a bland vinegrette on the baby greens and hearts of Palm.,Negative
Predict the text's sentiment,After two I felt disgusting.,Negative
Predict the text's sentiment,A good time!,Positive
Predict the text's sentiment,I believe that this place is a great stop for those with a huge belly and hankering for sushi.,Positive
Predict the text's sentiment,Generous portions and great taste.,Positive
Predict the text's sentiment,I will never go back to this place and will never ever recommended this place to anyone!,Negative
Predict the text's sentiment,"The servers went back and forth several times, not even so much as an ""Are you being helped?""",Negative
Predict the text's sentiment,Food was delicious!,Positive
Predict the text's sentiment,AN HOUR... seriously?,Negative
Predict the text's sentiment,I consider this theft.,Negative
Predict the text's sentiment,Eew... This location needs a complete overhaul.,Negative
Predict the text's sentiment,We recently witnessed her poor quality of management towards other guests as well.,Negative
Predict the text's sentiment,Waited and waited and waited.,Negative
Predict the text's sentiment,"He also came back to check on us regularly, excellent service.",Positive
Predict the text's sentiment,Our server was super nice and checked on us many times.,Positive
Predict the text's sentiment,"The pizza tasted old, super chewy in not a good way.",Negative
Predict the text's sentiment,I swung in to give them a try but was deeply disappointed.,Negative
Predict the text's sentiment,Service was good and the company was better!,Positive
Predict the text's sentiment,The staff are also very friendly and efficient.,Positive
Predict the text's sentiment,"As for the service: I'm a fan, because it's quick and you're being served by some nice folks.",Positive
Predict the text's sentiment,Boy was that sucker dry!!.,Negative
Predict the text's sentiment,Over rated.,Negative
Predict the text's sentiment,"If you look for authentic Thai food, go else where.",Negative
Predict the text's sentiment,Their steaks are 100% recommended!,Positive
Predict the text's sentiment,After I pulled up my car I waited for another 15 minutes before being acknowledged.,Negative
Predict the text's sentiment,Great food and great service in a clean and friendly setting.,Positive
Predict the text's sentiment,"All in all, I can assure you I'll be back.",Positive
Predict the text's sentiment,I hate those things as much as cheap quality black olives.,Negative
Predict the text's sentiment,"My breakfast was perpared great, with a beautiful presentation of 3 giant slices of Toast, lightly dusted with powdered sugar.",Positive
Predict the text's sentiment,The kids play area is NASTY!,Negative
Predict the text's sentiment,Great place fo take out or eat in.,Positive
Predict the text's sentiment,The waitress was friendly and happy to accomodate for vegan/veggie options.,Positive
Predict the text's sentiment,OMG I felt like I had never eaten Thai food until this dish.,Positive
Predict the text's sentiment,"It was extremely ""crumby"" and pretty tasteless.",Negative
Predict the text's sentiment,It was a pale color instead of nice and char and has NO flavor.,Negative
Predict the text's sentiment,The croutons also taste homemade which is an extra plus.,Positive
Predict the text's sentiment,I got home to see the driest damn wings ever!,Negative
Predict the text's sentiment,It'll be a regular stop on my trips to Phoenix!,Positive
Predict the text's sentiment,I really enjoyed Crema Caf√© before they expanded. I even told friends they had the BEST breakfast.,Positive
Predict the text's sentiment,Not good for the money.,Negative
Predict the text's sentiment,I miss it and wish they had one in Philadelphia!,Positive
Predict the text's sentiment,"We got sitting fairly fast, but, ended up waiting 40 minutes just to place our order, another 30 minutes before the food arrived.",Negative
Predict the text's sentiment,They also have the best cheese crisp in town.,Positive
Predict the text's sentiment,"Good value, great food, great service.",Positive
Predict the text's sentiment,Couldn't ask for a more satisfying meal.,Positive
Predict the text's sentiment,The food is good.,Positive
Predict the text's sentiment,It was awesome.,Positive
Predict the text's sentiment,I just wanted to leave.,Negative
Predict the text's sentiment,We made the drive all the way from North Scottsdale... and I was not one bit disappointed!,Positive
Predict the text's sentiment,I will not be eating there again.,Negative
Predict the text's sentiment,!....THE OWNERS REALLY REALLY need to quit being soooooo cheap let them wrap my freaking sandwich in two papers not one!,Negative
Predict the text's sentiment,I checked out this place a couple years ago and was not impressed.,Negative
Predict the text's sentiment,"The chicken I got was definitely reheated and was only ok, the wedges were cold and soggy.",Negative
Predict the text's sentiment,"Sorry, I will not be getting food from here anytime soon :(",Negative
Predict the text's sentiment,An absolute must visit!,Positive
Predict the text's sentiment,The cow tongue and cheek tacos are amazing.,Positive
Predict the text's sentiment,My friend did not like his Bloody Mary.,Negative
Predict the text's sentiment,"Despite how hard I rate businesses, its actually rare for me to give a 1 star.",Negative
Predict the text's sentiment,They really want to make your experience a good one.,Positive
Predict the text's sentiment,I will not return.,Negative
Predict the text's sentiment,I had the chicken Pho and it tasted very bland.,Negative
Predict the text's sentiment,Very disappointing!!!,Negative
Predict the text's sentiment,The grilled chicken was so tender and yellow from the saffron seasoning.,Positive
Predict the text's sentiment,"a drive thru means you do not want to wait around for half an hour for your food, but somehow when we end up going here they make us wait and wait.",Negative
Predict the text's sentiment,Pretty awesome place.,Positive
Predict the text's sentiment,Ambience is perfect.,Positive
Predict the text's sentiment,Best of luck to the rude and non-customer service focused new management.,Negative
Predict the text's sentiment,Any grandmother can make a roasted chicken better than this one.,Negative
Predict the text's sentiment,I asked multiple times for the wine list and after some time of being ignored I went to the hostess and got one myself.,Negative
Predict the text's sentiment,"The staff is always super friendly and helpful, which is especially cool when you bring two small boys and a baby!",Positive
Predict the text's sentiment,Four stars for the food & the guy in the blue shirt for his great vibe & still letting us in to eat !,Positive
Predict the text's sentiment,The roast beef sandwich tasted really good!,Positive
Predict the text's sentiment,"Same evening, him and I are both drastically sick.",Negative
Predict the text's sentiment,High-quality chicken on the chicken Caesar salad.,Positive
Predict the text's sentiment,Ordered burger rare came in we'll done.,Negative
Predict the text's sentiment,We were promptly greeted and seated.,Positive
Predict the text's sentiment,Tried to go here for lunch and it was a madhouse.,Negative
Predict the text's sentiment,"I was proven dead wrong by this sushi bar, not only because the quality is great, but the service is fast and the food, impeccable.",Positive
Predict the text's sentiment,"After waiting an hour and being seated, I was not in the greatest of moods.",Negative
Predict the text's sentiment,This is a good joint.,Positive
Predict the text's sentiment,The Macarons here are insanely good.,Positive
Predict the text's sentiment,I'm not eating here!,Negative
Predict the text's sentiment,"Our waiter was very attentive, friendly, and informative.",Positive
Predict the text's sentiment,Maybe if they weren't cold they would have been somewhat edible.,Negative
Predict the text's sentiment,This place has a lot of promise but fails to deliver.,Negative
Predict the text's sentiment,Very bad Experience!,Negative
Predict the text's sentiment,What a mistake.,Negative
Predict the text's sentiment,Food was average at best.,Negative
Predict the text's sentiment,Great food.,Positive
Predict the text's sentiment,We won't be going back anytime soon!,Negative
Predict the text's sentiment,Very Very Disappointed ordered the $35 Big Bay Plater.,Negative
Predict the text's sentiment,Great place to relax and have an awesome burger and beer.,Positive
Predict the text's sentiment,It is PERFECT for a sit-down family meal or get together with a few friends.,Positive
Predict the text's sentiment,"Not much flavor to them, and very poorly constructed.",Negative
Predict the text's sentiment,The patio seating was very comfortable.,Positive
Predict the text's sentiment,The fried rice was dry as well.,Negative
Predict the text's sentiment,Hands down my favorite Italian restaurant!,Positive
Predict the text's sentiment,"That just SCREAMS ""LEGIT"" in my book...somethat's also pretty rare here in Vegas.",Positive
Predict the text's sentiment,It was just not a fun experience.,Positive
Predict the text's sentiment,The atmosphere was great with a lovely duo of violinists playing songs we requested.,Positive
Predict the text's sentiment,"I personally love the hummus, pita, baklava, falafels and Baba Ganoush (it's amazing what they do with eggplant!).",Positive
Predict the text's sentiment,"Very convenient, since we were staying at the MGM!",Positive
Predict the text's sentiment,The owners are super friendly and the staff is courteous.,Positive
Predict the text's sentiment,Both great!,Positive
Predict the text's sentiment,Eclectic selection.,Positive
Predict the text's sentiment,The sweet potato tots were good but the onion rings were perfection or as close as I have had.,Positive
Predict the text's sentiment,The staff was very attentive.,Positive
Predict the text's sentiment,And the chef was generous with his time (even came around twice so we can take pictures with him).,Positive
Predict the text's sentiment,"The owner used to work at Nobu, so this place is really similar for half the price.",Positive
Predict the text's sentiment,Google mediocre and I imagine Smashburger will pop up.,Negative
Predict the text's sentiment,dont go here.,Negative
Predict the text's sentiment,I promise they won't disappoint.,Positive
Predict the text's sentiment,As a sushi lover avoid this place by all means.,Negative
Predict the text's sentiment,What a great double cheeseburger!,Positive
Predict the text's sentiment,Awesome service and food.,Positive
Predict the text's sentiment,A fantastic neighborhood gem !!!,Positive
Predict the text's sentiment,I can't wait to go back.,Positive
Predict the text's sentiment,The plantains were the worst I've ever tasted.,Negative
Predict the text's sentiment,It's a great place and I highly recommend it.,Positive
Predict the text's sentiment,Service was slow and not attentive.,Negative
Predict the text's sentiment,"I gave it 5 stars then, and I'm giving it 5 stars now.",Positive
Predict the text's sentiment,Your staff spends more time talking to themselves than me.,Negative
Predict the text's sentiment,Dessert: Panna Cotta was amazing.,Positive
Predict the text's sentiment,"Very good food, great atmosphere.1",Positive
Predict the text's sentiment,Damn good steak.,Positive
Predict the text's sentiment,Total brunch fail.,Negative
Predict the text's sentiment,"Prices are very reasonable, flavors are spot on, the sauce is home made, and the slaw is not drenched in mayo.",Positive
Predict the text's sentiment,"The decor is nice, and the piano music soundtrack is pleasant.",Positive
Predict the text's sentiment,The steak was amazing...rge fillet relleno was the best seafood plate i have ever had!,Positive
Predict the text's sentiment,"Good food , good service .",Positive
Predict the text's sentiment,It was absolutely amazing.,Positive
Predict the text's sentiment,"I probably won't be back, to be honest.",Negative
Predict the text's sentiment,will definitely be back!,Positive
Predict the text's sentiment,The sergeant pepper beef sandwich with auju sauce is an excellent sandwich as well.,Positive
Predict the text's sentiment,"Hawaiian Breeze, Mango Magic, and Pineapple Delight are the smoothies that I've tried so far and they're all good.",Positive
Predict the text's sentiment,Went for lunch - service was slow.,Negative
Predict the text's sentiment,"We had so much to say about the place before we walked in that he expected it to be amazing, but was quickly disappointed.",Negative
Predict the text's sentiment,I was mortified.,Negative
Predict the text's sentiment,"Needless to say, we will never be back here again.",Negative
Predict the text's sentiment,"Anyways, The food was definitely not filling at all, and for the price you pay you should expect more.",Negative
Predict the text's sentiment,"The chips that came out were dripping with grease, and mostly not edible.",Negative
Predict the text's sentiment,I wasn't really impressed with Strip Steak.,Negative
Predict the text's sentiment,Have been going since 2007 and every meal has been awesome!!,Positive
Predict the text's sentiment,Our server was very nice and attentive as were the other serving staff.,Positive
Predict the text's sentiment,The cashier was friendly and even brought the food out to me.,Positive
Predict the text's sentiment,I work in the hospitality industry in Paradise Valley and have refrained from recommending Cibo any longer.,Negative
Predict the text's sentiment,The atmosphere here is fun.,Positive
Predict the text's sentiment,Would not recommend to others.,Negative
Predict the text's sentiment,"Service is quick and even ""to go"" orders are just like we like it!",Positive
Predict the text's sentiment,"I mean really, how do you get so famous for your fish and chips when it's so terrible!?!",Negative
Predict the text's sentiment,"That said, our mouths and bellies were still quite pleased.",Positive
Predict the text's sentiment,Not my thing.,Negative
Predict the text's sentiment,2 Thumbs Up!!,Positive
Predict the text's sentiment,If you are reading this please don't go there.,Negative
Predict the text's sentiment,"I loved the grilled pizza, reminded me of legit Italian pizza.",Positive
Predict the text's sentiment,Only Pros : Large seating area/ Nice bar area/ Great simple drink menu/ The BEST brick oven pizza with homemade dough!,Positive
Predict the text's sentiment,They have a really nice atmosphere.,Positive
Predict the text's sentiment,Tonight I had the Elk Filet special...and it sucked.,Negative
Predict the text's sentiment,"After one bite, I was hooked.",Positive
Predict the text's sentiment,We ordered some old classics and some new dishes after going there a few times and were sorely disappointed with everything.,Negative
Predict the text's sentiment,"Cute, quaint, simple, honest.",Positive
Predict the text's sentiment,The chicken was deliciously seasoned and had the perfect fry on the outside and moist chicken on the inside.,Positive
Predict the text's sentiment,"The food was great as always, compliments to the chef.",Positive
Predict the text's sentiment,Special thanks to Dylan T. for the recommendation on what to order :) All yummy for my tummy.,Positive
Predict the text's sentiment,Awesome selection of beer.,Positive
Predict the text's sentiment,Great food and awesome service!,Positive
Predict the text's sentiment,"One nice thing was that they added gratuity on the bill since our party was larger than 6 or 8, and they didn't expect more tip than that.",Positive
Predict the text's sentiment,A FLY was in my apple juice.. A FLY!!!!!!!!,Negative
Predict the text's sentiment,The Han Nan Chicken was also very tasty.,Positive
Predict the text's sentiment,"As for the service, I thought it was good.",Positive
Predict the text's sentiment,"The food was barely lukewarm, so it must have been sitting waiting for the server to bring it out to us.",Negative
Predict the text's sentiment,Ryan's Bar is definitely one Edinburgh establishment I won't be revisiting.,Negative
Predict the text's sentiment,Nicest Chinese restaurant I've been in a while.,Positive
Predict the text's sentiment,"Overall, I like there food and the service.",Positive
Predict the text's sentiment,They also now serve Indian naan bread with hummus and some spicy pine nut sauce that was out of this world.,Positive
Predict the text's sentiment,"Probably never coming back, and wouldn't recommend it.",Negative
Predict the text's sentiment,"Friend's pasta -- also bad, he barely touched it.",Negative
Predict the text's sentiment,"Try them in the airport to experience some tasty food and speedy, friendly service.",Positive
Predict the text's sentiment,I love the decor with the Chinese calligraphy wall paper.,Positive
Predict the text's sentiment,Never had anything to complain about here.,Positive
Predict the text's sentiment,The restaurant is very clean and has a family restaurant feel to it.,Positive
Predict the text's sentiment,It was way over fried.,Negative
Predict the text's sentiment,I'm not sure how long we stood there but it was long enough for me to begin to feel awkwardly out of place.,Negative
Predict the text's sentiment,"When I opened the sandwich, I was impressed, but not in a good way.",Negative
Predict the text's sentiment,Will not be back!,Negative
Predict the text's sentiment,There was a warm feeling with the service and I felt like their guest for a special treat.,Positive
Predict the text's sentiment,An extensive menu provides lots of options for breakfast.,Positive
Predict the text's sentiment,"I always order from the vegetarian menu during dinner, which has a wide array of options to choose from.",Positive
Predict the text's sentiment,"I have watched their prices inflate, portions get smaller and management attitudes grow rapidly!",Negative
Predict the text's sentiment,Wonderful lil tapas and the ambience made me feel all warm and fuzzy inside.,Positive
Predict the text's sentiment,"I got to enjoy the seafood salad, with a fabulous vinegrette.",Positive
Predict the text's sentiment,"The wontons were thin, not thick and chewy, almost melt in your mouth.",Positive
Predict the text's sentiment,"Level 5 spicy was perfect, where spice didn't over-whelm the soup.",Positive
Predict the text's sentiment,We were sat right on time and our server from the get go was FANTASTIC!,Positive
Predict the text's sentiment,"Main thing I didn't enjoy is that the crowd is of older crowd, around mid 30s and up.",Negative
Predict the text's sentiment,"When I'm on this side of town, this will definitely be a spot I'll hit up again!",Positive
Predict the text's sentiment,I had to wait over 30 minutes to get my drink and longer to get 2 arepas.,Negative
Predict the text's sentiment,This is a GREAT place to eat!,Positive
Predict the text's sentiment,The jalapeno bacon is soooo good.,Positive
Predict the text's sentiment,The service was poor and thats being nice.,Negative
Predict the text's sentiment,"Food was good, service was good, Prices were good.",Positive
Predict the text's sentiment,The place was not clean and the food oh so stale!,Negative
Predict the text's sentiment,"The chicken dishes are OK, the beef is like shoe leather.",Negative
Predict the text's sentiment,But the service was beyond bad.,Negative
Predict the text's sentiment,"I'm so happy to be here!!!""",Positive
Predict the text's sentiment,Tasted like dirt.,Negative
Predict the text's sentiment,One of the few places in Phoenix that I would definately go back to again .,Positive
Predict the text's sentiment,The block was amazing.,Positive
Predict the text's sentiment,"It's close to my house, it's low-key, non-fancy, affordable prices, good food.",Positive
Predict the text's sentiment,* Both the Hot & Sour & the Egg Flower Soups were absolutely 5 Stars!,Positive
Predict the text's sentiment,My sashimi was poor quality being soggy and tasteless.,Negative
Predict the text's sentiment,Great time - family dinner on a Sunday night.,Positive
Predict the text's sentiment,"the food is not tasty at all, not to say its ""real traditional Hunan style"".",Negative
Predict the text's sentiment,"What did bother me, was the slow service.",Negative
Predict the text's sentiment,The flair bartenders are absolutely amazing!,Positive
Predict the text's sentiment,Their frozen margaritas are WAY too sugary for my taste.,Negative
Predict the text's sentiment,These were so good we ordered them twice.,Positive
Predict the text's sentiment,So in a nutshell: 1) The restaraunt smells like a combination of a dirty fish market and a sewer.,Negative
Predict the text's sentiment,My girlfriend's veal was very bad.,Negative
Predict the text's sentiment,"Unfortunately, it was not good.",Negative
Predict the text's sentiment,I had a pretty satifying experience.,Positive
Predict the text's sentiment,Join the club and get awesome offers via email.,Positive
Predict the text's sentiment,"Perfect for someone (me) who only likes beer ice cold, or in this case, even colder.",Positive
Predict the text's sentiment,Bland and flavorless is a good way of describing the barely tepid meat.,Negative
Predict the text's sentiment,"The chains, which I'm no fan of, beat this place easily.",Negative
Predict the text's sentiment,The nachos are a MUST HAVE!,Positive
Predict the text's sentiment,We will not be coming back.,Negative
Predict the text's sentiment,"I don't have very many words to say about this place, but it does everything pretty well.",Positive
Predict the text's sentiment,"The staff is super nice and very quick even with the crazy crowds of the downtown juries, lawyers, and court staff.",Positive
Predict the text's sentiment,"Great atmosphere, friendly and fast service.",Positive
Predict the text's sentiment,When I received my Pita it was huge it did have a lot of meat in it so thumbs up there.,Positive
Predict the text's sentiment,Once your food arrives it's meh.,Negative
Predict the text's sentiment,Paying $7.85 for a hot dog and fries that looks like it came out of a kid's meal at the Wienerschnitzel is not my idea of a good meal.,Negative
Predict the text's sentiment,The classic Maine Lobster Roll was fantastic.,Positive
Predict the text's sentiment,"My brother in law who works at the mall ate here same day, and guess what he was sick all night too.",Negative
Predict the text's sentiment,So good I am going to have to review this place twice - once hereas a tribute to the place and once as a tribute to an event held here last night.,Positive
Predict the text's sentiment,"The chips and salsa were really good, the salsa was very fresh.",Positive
Predict the text's sentiment,This place is great!!!!!!!!!!!!!!,Positive
Predict the text's sentiment,Mediocre food.,Negative
Predict the text's sentiment,Once you get inside you'll be impressed with the place.,Positive
Predict the text's sentiment,I'm super pissd.,Negative
Predict the text's sentiment,And service was super friendly.,Positive
Predict the text's sentiment,Why are these sad little vegetables so overcooked?,Negative
Predict the text's sentiment,This place was such a nice surprise!,Positive
Predict the text's sentiment,They were golden-crispy and delicious.,Positive
Predict the text's sentiment,"I had high hopes for this place since the burgers are cooked over a charcoal grill, but unfortunately the taste fell flat, way flat.",Negative
Predict the text's sentiment,I could eat their bruschetta all day it is devine.,Positive
Predict the text's sentiment,Not a single employee came out to see if we were OK or even needed a water refill once they finally served us our food.,Negative
Predict the text's sentiment,"Lastly, the mozzarella sticks, they were the best thing we ordered.",Positive
Predict the text's sentiment,"The first time I ever came here I had an amazing experience, I still tell people how awesome the duck was.",Positive
Predict the text's sentiment,The server was very negligent of our needs and made us feel very unwelcome... I would not suggest this place!,Negative
Predict the text's sentiment,The service was terrible though.,Negative
Predict the text's sentiment,"This place is overpriced, not consistent with their boba, and it really is OVERPRICED!",Negative
Predict the text's sentiment,It was packed!!,Negative
Predict the text's sentiment,I love this place.,Positive
Predict the text's sentiment,I can say that the desserts were yummy.,Positive
Predict the text's sentiment,The food was terrible.,Negative
Predict the text's sentiment,The seasonal fruit was fresh white peach puree.,Positive
Predict the text's sentiment,It kept getting worse and worse so now I'm officially done.,Negative
Predict the text's sentiment,This place should honestly be blown up.,Negative
Predict the text's sentiment,But I definitely would not eat here again.,Negative
Predict the text's sentiment,Do not waste your money here!,Negative
Predict the text's sentiment,I love that they put their food in nice plastic containers as opposed to cramming it in little paper takeout boxes.,Positive
Predict the text's sentiment,The cr√™pe was delicate and thin and moist.,Positive
Predict the text's sentiment,Awful service.,Negative
Predict the text's sentiment,Won't ever go here again.,Negative
Predict the text's sentiment,Food quality has been horrible.,Negative
Predict the text's sentiment,For that price I can think of a few place I would have much rather gone.,Negative
Predict the text's sentiment,The service here is fair at best.,Negative
Predict the text's sentiment,"I do love sushi, but I found Kabuki to be over-priced, over-hip and under-services.",Negative
Predict the text's sentiment,Do yourself a favor and stay away from this dish.,Negative
Predict the text's sentiment,Very poor service.,Negative
Predict the text's sentiment,No one at the table thought the food was above average or worth the wait that we had for it.,Negative
Predict the text's sentiment,"Best service and food ever, Maria our server was so good and friendly she made our day.",Positive
Predict the text's sentiment,They were excellent.,Positive
Predict the text's sentiment,I paid the bill but did not tip because I felt the server did a terrible job.,Negative
Predict the text's sentiment,Just had lunch here and had a great experience.,Positive
Predict the text's sentiment,I have never had such bland food which surprised me considering the article we read focused so much on their spices and flavor.,Negative
Predict the text's sentiment,Food is way overpriced and portions are fucking small.,Negative
Predict the text's sentiment,I recently tried Caballero's and I have been back every week since!,Positive
Predict the text's sentiment,"for 40 bucks a head, i really expect better food.",Negative
Predict the text's sentiment,The food came out at a good pace.,Positive
Predict the text's sentiment,"I ate there twice on my last visit, and especially enjoyed the salmon salad.",Positive
Predict the text's sentiment,I won't be back.,Negative
Predict the text's sentiment,We could not believe how dirty the oysters were!,Negative
Predict the text's sentiment,This place deserves no stars.,Negative
Predict the text's sentiment,I would not recommend this place.,Negative
Predict the text's sentiment,"In fact I'm going to round up to 4 stars, just because she was so awesome.",Positive
Predict the text's sentiment,"To my disbelief, each dish qualified as the worst version of these foods I have ever tasted.",Negative
Predict the text's sentiment,"Bad day or not, I have a very low tolerance for rude customer service people, it is your job to be nice and polite, wash dishes otherwise!!",Negative
Predict the text's sentiment,the potatoes were great and so was the biscuit.,Positive
Predict the text's sentiment,I probably would not go here again.,Negative
Predict the text's sentiment,So flavorful and has just the perfect amount of heat.,Positive
Predict the text's sentiment,The price is reasonable and the service is great.,Positive
Predict the text's sentiment,"The Wife hated her meal (coconut shrimp), and our friends really did not enjoy their meals, either.",Negative
Predict the text's sentiment,My fella got the huevos rancheros and they didn't look too appealing.,Negative
Predict the text's sentiment,"Went in for happy hour, great list of wines.",Positive
Predict the text's sentiment,Some may say this buffet is pricey but I think you get what you pay for and this place you are getting quite a lot!,Positive
Predict the text's sentiment,I probably won't be coming back here.,Negative
Predict the text's sentiment,Worst food/service I've had in a while.,Negative
Predict the text's sentiment,"This place is pretty good, nice little vibe in the restaurant.",Positive
Predict the text's sentiment,Talk about great customer service of course we will be back.,Positive
Predict the text's sentiment,"Hot dishes are not hot, cold dishes are close to room temp.I watched staff prepare food with BARE HANDS, no gloves.Everything is deep fried in oil.",Negative
Predict the text's sentiment,I love their fries and their beans.,Positive
Predict the text's sentiment,Always a pleasure dealing with him.,Positive
Predict the text's sentiment,"They have a plethora of salads and sandwiches, and everything I've tried gets my seal of approval.",Positive
Predict the text's sentiment,This place is awesome if you want something light and healthy during the summer.,Positive
Predict the text's sentiment,"For sushi on the Strip, this is the place to go.",Positive
Predict the text's sentiment,"The service was great, even the manager came and helped with our table.",Positive
Predict the text's sentiment,The feel of the dining room was more college cooking course than high class dining and the service was slow at best.,Negative
Predict the text's sentiment,"I started this review with two stars, but I'm editing it to give it only one.",Negative
Predict the text's sentiment,this is the worst sushi i have ever eat besides Costco's.,Negative
Predict the text's sentiment,"All in all an excellent restaurant highlighted by great service, a unique menu, and a beautiful setting.",Positive
Predict the text's sentiment,My boyfriend and i sat at the bar and had a completely delightful experience.,Positive
Predict the text's sentiment,Weird vibe from owners.,Negative
Predict the text's sentiment,There was hardly any meat.,Negative
Predict the text's sentiment,I've had better bagels from the grocery store.,Negative
Predict the text's sentiment,Go To Place for Gyros.,Positive
Predict the text's sentiment,"I love the owner/chef, his one authentic Japanese cool dude!",Positive
Predict the text's sentiment,"Now the burgers aren't as good, the pizza which used to be amazing is doughy and flavorless.",Negative
Predict the text's sentiment,I found a six inch long piece of wire in my salsa.,Negative
Predict the text's sentiment,"The service was terrible, food was mediocre.",Negative
Predict the text's sentiment,We definately enjoyed ourselves.,Positive
Predict the text's sentiment,I ordered Albondigas soup - which was just warm - and tasted like tomato soup with frozen meatballs.,Negative
Predict the text's sentiment,"On three different occasions I asked for well done or medium well, and all three times I got the bloodiest piece of meat on my plate.",Negative
Predict the text's sentiment,I had about two bites and refused to eat anymore.,Negative
Predict the text's sentiment,The service was extremely slow.,Negative
Predict the text's sentiment,"After 20 minutes wait, I got a table.",Negative
Predict the text's sentiment,Seriously killer hot chai latte.,Positive
Predict the text's sentiment,"No allergy warnings on the menu, and the waitress had absolutely no clue as to which meals did or did not contain peanuts.",Negative
Predict the text's sentiment,My boyfriend tried the Mediterranean Chicken Salad and fell in love.,Positive
Predict the text's sentiment,Their rotating beers on tap is also a highlight of this place.,Positive
Predict the text's sentiment,Pricing is a bit of a concern at Mellow Mushroom.,Negative
Predict the text's sentiment,Worst Thai ever.,Negative
Predict the text's sentiment,If you stay in Vegas you must get breakfast here at least once.,Positive
Predict the text's sentiment,I want to first say our server was great and we had perfect service.,Positive
Predict the text's sentiment,The pizza selections are good.,Positive
Predict the text's sentiment,"I had strawberry tea, which was good.",Positive
Predict the text's sentiment,Highly unprofessional and rude to a loyal patron!,Negative
Predict the text's sentiment,"Overall, a great experience.",Positive
Predict the text's sentiment,Spend your money elsewhere.,Negative
Predict the text's sentiment,Their regular toasted bread was equally satisfying with the occasional pats of butter... Mmmm...!,Positive
Predict the text's sentiment,The Buffet at Bellagio was far from what I anticipated.,Negative
Predict the text's sentiment,"And the drinks are WEAK, people!",Negative
Predict the text's sentiment,-My order was not correct.,Negative
Predict the text's sentiment,"Also, I feel like the chips are bought, not made in house.",Negative
Predict the text's sentiment,After the disappointing dinner we went elsewhere for dessert.,Negative
Predict the text's sentiment,The chips and sals a here is amazing!!!!!!!!!!!!!!!!!!!,Positive
Predict the text's sentiment,We won't be returning.,Negative
Predict the text's sentiment,This is my new fav Vegas buffet spot.,Positive
Predict the text's sentiment,I seriously cannot believe that the owner has so many unexperienced employees that all are running around like chickens with their heads cut off.,Negative
Predict the text's sentiment,"Very, very sad.",Negative
Predict the text's sentiment,"i felt insulted and disrespected, how could you talk and judge another human being like that?",Negative
Predict the text's sentiment,"How can you call yourself a steakhouse if you can't properly cook a steak, I don't understand!",Negative
Predict the text's sentiment,I'm not impressed with the concept or the food.,Negative
Predict the text's sentiment,The only thing I wasn't too crazy about was their guacamole as I don't like it pur√©ed.,Negative
Predict the text's sentiment,"There is really nothing for me at postinos, hope your experience is better",Negative
Predict the text's sentiment,I got food poisoning here at the buffet.,Negative
Predict the text's sentiment,They brought a fresh batch of fries and I was thinking yay something warm but no!,Negative
Predict the text's sentiment,"What SHOULD have been a hilarious, yummy Christmas Eve dinner to remember was the biggest fail of the entire trip for us.",Negative
Predict the text's sentiment,"Needless to say, I won't be going back anytime soon.",Negative
Predict the text's sentiment,This place is disgusting!,Negative
Predict the text's sentiment,"Every time I eat here, I see caring teamwork to a professional degree.",Positive
Predict the text's sentiment,The RI style calamari was a joke.,Negative
Predict the text's sentiment,"However, there was so much garlic in the fondue, it was barely edible.",Negative
Predict the text's sentiment,"I could barely stomach the meal, but didn't complain because it was a business lunch.",Negative
Predict the text's sentiment,"It was so bad, I had lost the heart to finish it.",Negative
Predict the text's sentiment,It also took her forever to bring us the check when we asked for it.,Negative
Predict the text's sentiment,We aren't ones to make a scene at restaurants but I just don't get it...definitely lost the love after this one!,Negative
Predict the text's sentiment,Disappointing experience.,Negative
Predict the text's sentiment,"The food is about on par with Denny's, which is to say, not good at all.",Negative
Predict the text's sentiment,"If you want to wait for mediocre food and downright terrible service, then this is the place for you.",Negative
Predict the text's sentiment,WAAAAAAyyyyyyyyyy over rated is all I am saying.,Negative
Predict the text's sentiment,We won't be going back.,Negative
Predict the text's sentiment,The place was fairly clean but the food simply wasn't worth it.,Negative
Predict the text's sentiment,This place lacked style!!,Negative
Predict the text's sentiment,"The sangria was about half of a glass wine full and was $12, ridiculous.",Negative
Predict the text's sentiment,Don't bother coming here.,Negative
Predict the text's sentiment,"The meat was pretty dry, I had the sliced brisket and pulled pork.",Negative
Predict the text's sentiment,"The building itself seems pretty neat, the bathroom is pretty trippy, but I wouldn't eat here again.",Negative
Predict the text's sentiment,It was equally awful.,Negative
Predict the text's sentiment,Probably not in a hurry to go back.,Negative
Predict the text's sentiment,very slow at seating even with reservation.,Negative
Predict the text's sentiment,Not good by any stretch of the imagination.,Negative
Predict the text's sentiment,The cashew cream sauce was bland and the vegetables were undercooked.,Negative
Predict the text's sentiment,"The chipolte ranch dipping sause was tasteless, seemed thin and watered down with no heat.",Negative
Predict the text's sentiment,"It was a bit too sweet, not really spicy enough, and lacked flavor.",Negative
Predict the text's sentiment,I was VERY disappointed!!,Negative
Predict the text's sentiment,This place is horrible and way overpriced.,Negative
Predict the text's sentiment,"Maybe it's just their Vegetarian fare, but I've been twice and I thought it was average at best.",Negative
Predict the text's sentiment,It wasn't busy at all and now we know why.,Negative
Predict the text's sentiment,The tables outside are also dirty a lot of the time and the workers are not always friendly and helpful with the menu.,Negative
Predict the text's sentiment,"The ambiance here did not feel like a buffet setting, but more of a douchey indoor garden for tea and biscuits.",Negative
Predict the text's sentiment,Con: spotty service.,Negative
Predict the text's sentiment,"The fries were not hot, and neither was my burger.",Negative
Predict the text's sentiment,But then they came back cold.,Negative
Predict the text's sentiment,"Then our food came out, disappointment ensued.",Negative
Predict the text's sentiment,The real disappointment was our waiter.,Negative
Predict the text's sentiment,My husband said she was very rude... did not even apologize for the bad food or anything.,Negative
Predict the text's sentiment,The only reason to eat here would be to fill up before a night of binge drinking just to get some carbs in your stomach.,Negative
Predict the text's sentiment,"Insults, profound deuchebaggery, and had to go outside for a smoke break while serving just to solidify it.",Negative
Predict the text's sentiment,If someone orders two tacos don't' you think it may be part of customer service to ask if it is combo or ala cart?,Negative
Predict the text's sentiment,She was quite disappointed although some blame needs to be placed at her door.,Negative
Predict the text's sentiment,After all the rave reviews I couldn't wait to eat here......what a disappointment!,Negative
Predict the text's sentiment,Del Taco is pretty nasty and should be avoided if possible.,Negative
Predict the text's sentiment,It's NOT hard to make a decent hamburger.,Negative
Predict the text's sentiment,But I don't like it.,Negative
Predict the text's sentiment,Hell no will I go back,Negative
Predict the text's sentiment,We've have gotten a much better service from the pizza place next door than the services we received from this restaurant.,Negative
Predict the text's sentiment,"I don't know what the big deal is about this place, but I won't be back ""ya'all"".",Negative
Predict the text's sentiment,I immediately said I wanted to talk to the manager but I did not want to talk to the guy who was doing shots of fireball behind the bar.,Negative
Predict the text's sentiment,The ambiance isn't much better.,Negative
Predict the text's sentiment,"Unfortunately, it only set us up for disapppointment with our entrees.",Negative
Predict the text's sentiment,The food wasn't good.,Negative
Predict the text's sentiment,"Your servers suck, wait, correction, our server Heimer sucked.",Negative
Predict the text's sentiment,What happened next was pretty....off putting.,Negative
Predict the text's sentiment,"too bad cause I know it's family owned, I really wanted to like this place.",Negative
Predict the text's sentiment,Overpriced for what you are getting.,Negative
Predict the text's sentiment,I vomited in the bathroom mid lunch.,Negative
Predict the text's sentiment,"I kept looking at the time and it had soon become 35 minutes, yet still no food.",Negative
Predict the text's sentiment,"I have been to very few places to eat that under no circumstances would I ever return to, and this tops the list.",Negative
Predict the text's sentiment,We started with the tuna sashimi which was brownish in color and obviously wasn't fresh.,Negative
Predict the text's sentiment,Food was below average.,Negative
Predict the text's sentiment,It sure does beat the nachos at the movies but I would expect a little bit more coming from a restaurant.,Negative
Predict the text's sentiment,"All in all, Ha Long Bay was a bit of a flop.",Negative
Predict the text's sentiment,The problem I have is that they charge $11.99 for a sandwich that is no bigger than a Subway sub (which offers better and more amount of vegetables).,Negative
Predict the text's sentiment,Shrimp- When I unwrapped it (I live only 1/2 a mile from Brushfire) it was literally ice cold.,Negative
Predict the text's sentiment,"It lacked flavor, seemed undercooked, and dry.",Negative
Predict the text's sentiment,It really is impressive that the place hasn't closed down.,Negative
Predict the text's sentiment,I would avoid this place if you are staying in the Mirage.,Negative
Predict the text's sentiment,The refried beans that came with my meal were dried out and crusty and the food was bland.,Negative
Predict the text's sentiment,Spend your money and time some place else.,Negative
Predict the text's sentiment,A lady at the table next to us found a live green caterpillar In her salad.,Negative
Predict the text's sentiment,the presentation of the food was awful.,Negative
Predict the text's sentiment,I can't tell you how disappointed I was.,Negative
Predict the text's sentiment,I think food should have flavor and texture and both were lacking.,Negative
Predict the text's sentiment,Appetite instantly gone.,Negative
Predict the text's sentiment,Overall I was not impressed and would not go back.,Negative
Predict the text's sentiment,"The whole experience was underwhelming, and I think we'll just go to Ninja Sushi next time.",Negative
Predict the text's sentiment,"Then, as if I hadn't wasted enough of my life there, they poured salt in the wound by drawing out the time it took to bring the check.",Negative
