text,prompt,target,prediction,string_preds
Jalan DI Panjaitan 13 .,,[],[],NONE
"Itu akan menjadi kesempatan pertama BTS reuni secara langsung dengan fan atau ARMY hampir 2,5 tahun terakhir .",,[],[],NONE
"Dilansir dari situs resmi Oscar , berikut daftar pemenang dan nominasi Academy Awards 2022 .",,[],[],NONE
Ini diperuntukkan bagi pembeli dengan anggaran yang lebih besar .,,[],"[{'aspect': 'anggaran', 'opinion': 'lebih besar', 'sentiment': 'positive'}]","( anggaran, lebih besar, positive )"
"Buka aplikasi nya dan cari bagian Apple Special Event , dan bisa menonton acara secara streaming maupun dapat ditonton ulang .",,[],[],NONE
"Memang tidak salah , karena sebagaimana dilansir dari The Least and Most Stressful Cities Index 2021 yang rilis bulan ini , Jakarta menjadi salah satu kota dengan tingkat stres yang cukup tinggi .",,"[{'aspect': 'tingkat stres', 'opinion': 'cukup tinggi', 'sentiment': 'negative'}]","[{'aspect': 'tingkat stres', 'opinion': 'cukup tinggi', 'sentiment': 'negative'}]","( tingkat stres, cukup tinggi, negative )"
Saksi mata menyebut pria tersebut mengaku memiliki bom di dalam ransel .,,"[{'aspect': 'pria', 'opinion': 'memiliki bom', 'sentiment': 'negative'}]",[],NONE
"Rincian nya adalah CAT 5 seharga Rp 1,5 juta , CAT 4 seharga Rp 2,4 juta , CAT 3 Rp 3,4 juta , CAT 2 seharga Rp 4,4 juta , CAT 1 seharga Rp6 juta , HOLD ON VIP PACKAGE seharga Rp 5,25 juta , PEACHES VIP PACKAGE seharga Rp 6,25 juta , dan GHOST VIP PACKAGE seharga Rp 8.5 juta .",,[],[],NONE
Temuan aset tersebut didasarkan pada hasil analisis keuangan yang dilakukan oleh Pusat Pelaporan dan Analisis Transaksi Keuangan .,,[],[],NONE
Promotor kala itu juga memastikan Stadion Madya GBK bisa menampung hingga 20 ribu penggemar untuk menyaksikan konser Justin Bieber 2022 mendatang .,,[],[],NONE
"Sesi selanjutnya , dari kawasan Ciwidey - Pangalengan ( 22,12 km ) , lalu Pangalengan - Cikajang ( 53,48 km ) , disambung Cikajang - Bantarkalong ( 68,54 km ) , kemudian Bantarkalong - Kertahayu ( 101,48 km ) , hingga total sepanjang 245,62 km .",,[],[],NONE
Sehingga pencapaian net zero emission pada 2060 bisa terealisasi .,,[],"[{'aspect': 'pencapaian net zero emission', 'opinion': 'bisa terealisasi', 'sentiment': 'positive'}]","( pencapaian net zero emission, bisa terealisasi, positive )"
""" Komisi menganggap ada peran gas alam dan nuklir sebagai sarana untuk memfasilitasi transisi menuju masa depan berbasis energi terbarukan , "" kata pernyataan itu , yang dirilis pada hari Sabtu ( 1 / 1 / 2022 ) .",,"[{'aspect': 'gas alam dan nuklir', 'opinion': 'memfasilitasi transisi menuju masa depan berbasis energi terbarukan', 'sentiment': 'positive'}]",[],NONE
"Sehingga , penggemar diwajibkan menyimpan tiket mereka .",,[],[],NONE
"Prasidya Puspa membahas nya bersama Kuasa Usaha Ad Interim KBRI Seoul , Zelda Wulan Kartika . Sejumlah pembalap Moto3 Mandalika girang bermain dengan monyet saat menikmati ' liburan ' jelang beraksi di Sirkuit Mandalika akhir pekan ini , 18 - 20 Maret .",,"[{'aspect': 'pembalap Moto3 Mandalika', 'opinion': 'girang bermain', 'sentiment': 'positive'}]","[{'aspect': 'pembalap Moto3 Mandalika', 'opinion': 'girang bermain dengan monyet', 'sentiment': 'negative'}]","( pembalap Moto3 Mandalika, girang bermain dengan monyet, negative )"
[ Gambas :I nstagram ] Jadwal konser Justin Bieber di Jakarta ditambah menjadi dua hari .,,[],[],NONE
Kunjungan itu mendapatkan sorotan tajam lantaran dilakukan di tengah larangan Presiden Joko Widodo ( Jokowi ) bagi pejabat negara untuk pergi ke luar negeri .,,"[{'aspect': 'Kunjungan', 'opinion': 'mendapatkan sorotan tajam', 'sentiment': 'negative'}, {'aspect': 'Kunjungan', 'opinion': 'dilakukan di tengah larangan', 'sentiment': 'negative'}]","[{'aspect': 'Kunjungan', 'opinion': 'mendapatkan sorotan tajam', 'sentiment': 'negative'}]","( Kunjungan, mendapatkan sorotan tajam, negative )"
"Mereka menampilkan pesan "" Matilah Imperialis Amerika ! "" .",,"[{'aspect': 'pesan', 'opinion': 'Matilah', 'sentiment': 'negative'}]",[],NONE
"Dalam cuitan tersebut , 88rising juga mengunggah foto NIKI , Rich Brian , dan logo 88rising .",,[],[],NONE
"Menurut Firhan , Indonesia adalah pasar kedua paling penting wisata Singapura .",,[],"[{'aspect': 'Indonesia', 'opinion': 'pasar kedua paling penting wisata Singapura', 'sentiment': 'positive'}]","( Indonesia, pasar kedua paling penting wisata Singapura, positive )"
"Pertama , perlu dilakukan peningkatan investasi untuk memastikan suplai energi dapat terpenuhi .",,[],[],NONE
""" Anda berisiko terkena Covid , ke mana pun Anda pergi , selama sisa hidup Anda . Tapi sungguh , untuk sebagian besar orang , itu hanya penyakit yang sangat kecil , jika itu hanya gejala , "" ungkap Fisher .",,[],"[{'aspect': 'Covid', 'opinion': 'hanya gejala', 'sentiment': 'negative'}, {'aspect': 'Covid', 'opinion': 'hanya gejala', 'sentiment': 'negative'}]","( Covid, hanya gejala, negative ) ; ( Covid, hanya gejala, negative )"
"Tak hanya itu , musisi asal Indonesia Rich Brian juga turut menyaksikan konser konser Permission to Dance On Stage - LA .",,[],[],NONE
"Ini karena pengadilan menguatkan keputusan pemerintah untuk membatalkan visa Djokovic lantaran tidak divaksin . Jakarta , CNBC Indonesia - Penyanyi dan penulis lagu Adele baru-baru ini mengunggah video di Instagram yang menunjukkan diri nya berlinang air mata .",,[],"[{'aspect': 'visa Djokovic', 'opinion': 'tidak divaksin', 'sentiment': 'negative'}]","( visa Djokovic, tidak divaksin, negative )"
Pemerintah provinsi Jawa Barat sempat mengusulkan lima pembangunan .,,[],[],NONE
"Lantas , kapan dan pukul berapa race MotoGP Mandalika 2022 akan dimulai ?",,[],[],NONE
"Pekan ini , harga batu bara membukukan kenaikan 61,85 % secara point - to - point .",,"[{'aspect': 'harga batu bara', 'opinion': 'membukukan kenaikan', 'sentiment': 'negative'}]","[{'aspect': 'harga batu bara', 'opinion': 'membukukan kenaikan', 'sentiment': 'positive'}]","( harga batu bara, membukukan kenaikan, positive )"
"Konser ini tayang di stasiun televisi pemerintah pada Minggu ( 2 / 1 ) dan digunakan sebagai alat promosi patriotisme , kesetiaan , dan kemurnian ideologis di kalangan anak-anak .",,[],[],NONE
Penguatan indeks saham akan didorong oleh kenaikan harga komoditi .,,[],"[{'aspect': 'Penguatan indeks saham', 'opinion': 'akan didorong oleh kenaikan harga komoditi', 'sentiment': 'negative'}]","( Penguatan indeks saham, akan didorong oleh kenaikan harga komoditi, negative )"
"Jessica Chastain ( The Eyes of Tammy Faye ) - WINNER Olivia Colman ( The Lost Daughter ) Penelope Cruz ( Parallel Mothers ) Nicole Kidman ( Being the Ricardos ) Kristen Stewart ( Spencer ) Javier Bardem ( Being the Ricardos ) Benedict Cumberbatch ( The Power of the Dog ) Andrew Garfield ( tick , tick ...",,[],[],NONE
"Proyek strategis karena selain besar nya investasi yang dikeluarkan investor , proyek ini juga didominasi oleh produksi gas yang sangat bermanfaat untuk kebutuhan dalam negeri , bukan hanya untuk ekspor .",,"[{'aspect': 'produksi gas', 'opinion': 'sangat bermanfaat untuk kebutuhan dalam negeri', 'sentiment': 'positive'}]","[{'aspect': 'produksi gas', 'opinion': 'sangat bermanfaat untuk kebutuhan dalam negeri', 'sentiment': 'positive'}]","( produksi gas, sangat bermanfaat untuk kebutuhan dalam negeri, positive )"
Keputusan itu disampaikan Adele lewat unggahan di Instagram dengan berurai air mata pada Jumat ( 21 / 1 ) pagi waktu Indonesia .,,"[{'aspect': 'Adele', 'opinion': 'berurai air mata', 'sentiment': 'negative'}]",[],NONE
Ia beserta 34 Gubernur se-Indonesia Senin ( 14 / 3 ) menjalani ritual adat yang disebut Kendi Nusantara di titik nol kilometer IKN .,,[],[],NONE
Sejumlah Proyek Strategis Nasional ( PSN ) yang menjadi andalan Presiden Joko Widodo ( Jokowi ) pun merupakan penghasil gas alam .,,[],[],NONE
Ukuran Ponsel Kabar nya iPhone SE 3 akan memiliki ukuran yang tidak jauh dari pendahulu nya .,,[],[],NONE
"Namun , Jokowi berjanji akan mengubah aturan itu bulan depan .",,[],[],NONE
"Misalnya dari wilayah Lengkong ke Sagaranten , sekarang 99 Km , dengan JTS dibangun cukup 23 Km .",,"[{'aspect': 'JTS', 'opinion': 'cukup 23 Km', 'sentiment': 'positive'}]",[],NONE
""" Masih kami selidiki cuma kami mengejar aliran dana sampai ke sini nanti akan tahu siapa ini pemilik nya , "" jelas nya .",,[],[],NONE
"Juga impor bahan baku / penolong US$ 147.380,2 juta dan barang modal US$ 28.627,0 juta , yang masing-masing lebih tinggi dibandingkan periode Januari - Desember 2020 .",,"[{'aspect': 'impor bahan baku / penolong', 'opinion': 'lebih tinggi', 'sentiment': 'negative'}]",[],"( impor bahan baku / penolong US$ 147.380,2 juta, lebih tinggi, positive )"
"Menurut nya , salah satu agenda kunjungan kerja ke Kaltim adalah memastikan lahan bakal ibu kota baru berstatus tanah negara .",,[],[],NONE
Cocok sekali untuk para pasangan yang sedang menikmati momen bulan madu .,,[],"[{'aspect': 'momen bulan madu', 'opinion': 'Cocok sekali', 'sentiment': 'positive'}]","( momen bulan madu, Cocok sekali, positive )"
"Album versi pertama diisi Rich Brian , NIKI , Joji , Higher Brothers , Keith Ape , dan Sean Evans .",,[],[],NONE
"Berbeda dengan pembalap MotoGP yang sudah melakukan tes pramusim di Sirkuit Mandalika , ini adalah kali pertama bagi pembalap Moto2 dan Moto3 tiba di Lombok .",,[],[],NONE
""" KPBU kita hitung tapi bisa menjadi beban perhitungan juga , seperti masa jabatan kepala daerah , dengan legislatif , karena ini nggak mungkin rasanya kita selesaikan dua tahun ini , "" jelas nya .",,[],"[{'aspect': 'KPBU', 'opinion': 'beban perhitungan', 'sentiment': 'negative'}]","( KPBU, beban perhitungan, negative )"
"Namun begitu , ia berterima kasih pada penggemar yang terus mendukung dan mendoakan kesembuhan nya .",,"[{'aspect': 'penggemar', 'opinion': 'terus mendukung', 'sentiment': 'positive'}, {'aspect': 'penggemar', 'opinion': 'mendoakan kesembuhan', 'sentiment': 'positive'}]","[{'aspect': 'penggemar', 'opinion': 'terus mendukung', 'sentiment': 'positive'}, {'aspect': 'penggemar', 'opinion': 'mendoakan kesembuhan', 'sentiment': 'positive'}]","( penggemar, terus mendukung, positive ) ; ( penggemar, mendoakan kesembuhan, positive )"
"Alih-alih , Indonesia malah memilih menggunakan Liquefied Petroleum Gas ( LPG ) yang sumber nya didominasi dari luar negeri alias impor .",,"[{'aspect': 'Indonesia', 'opinion': 'memilih menggunakan Liquefied Petroleum Gas ( LPG )', 'sentiment': 'negative'}, {'aspect': 'sumber', 'opinion': 'didominasi dari luar negeri alias impor', 'sentiment': 'negative'}]","[{'aspect': 'Liquefied Petroleum Gas ( LPG )', 'opinion': 'lebih memilih', 'sentiment': 'positive'}]","( Liquefied Petroleum Gas ( LPG ), lebih memilih, positive )"
"Jumlah tersebut kemudian mengalami peningkatan dengan hingga 60,6 kargo pada 2019 .",,[],"[{'aspect': 'Jumlah tersebut', 'opinion': 'peningkatan', 'sentiment': 'positive'}]","( Jumlah tersebut, peningkatan, positive )"
"Dalam surat tersebut , objek wisata itu ditutup pada periode 1 - 3 Februari 2022 .",,[],[],NONE
Alhasil pelaku usaha pun bisa mengukur berapa besar investasi yang bakal keluar .,,"[{'aspect': 'pelaku usaha', 'opinion': 'bisa mengukur berapa besar investasi', 'sentiment': 'positive'}]",[],NONE
Pembangunan JTS diharapkan dapat memangkas waktu tempuh sekaligus mengembangkan potensi pariwisata Jabar bagian selatan .,,"[{'aspect': 'Pembangunan JTS', 'opinion': 'dapat memangkas waktu tempuh', 'sentiment': 'positive'}, {'aspect': 'Pembangunan JTS', 'opinion': 'mengembangkan potensi pariwisata', 'sentiment': 'positive'}]","[{'aspect': 'Pembangunan JTS', 'opinion': 'dapat memangkas waktu tempuh', 'sentiment': 'positive'}, {'aspect': 'Pembangunan JTS', 'opinion': 'mengembangkan potensi pariwisata Jabar bagian selatan', 'sentiment': 'positive'}]","( Pembangunan JTS, dapat memangkas waktu tempuh, positive ) ; ( Pembangunan JTS, mengembangkan potensi pariwisata Jabar bagian selatan, positive )"
"Ia bilang , Pemprov Jabar terus berupaya mengembangkan berbagai potensi daerah Jabar bagian selatan .",,"[{'aspect': 'Pemprov Jabar', 'opinion': 'terus berupaya mengembangkan berbagai potensi daerah Jabar bagian selatan', 'sentiment': 'positive'}]","[{'aspect': 'potensi daerah Jabar bagian selatan', 'opinion': 'terus berupaya mengembangkan', 'sentiment': 'positive'}]","( potensi daerah Jabar bagian selatan, terus berupaya mengembangkan, positive )"
"Jadwal MotoGP Indonesia : Pebalap Parade di Jakarta Sebelum Beraksi di Mandalika Sebagai informasi , Grand Prix Indonesia di Sirkuit Mandalika merupakan seri kedua dari kalender MotoGP musim ini .",,[],[],NONE
"Perwakilan West , yang merilis album terbaru artis itu , ' Donda ' , pada Juli 2021 , tidak segera membalas permintaan komentar dari Reuters .",,[],"[{'aspect': 'Donda', 'opinion': 'tidak segera membalas permintaan komentar', 'sentiment': 'negative'}]","( Donda , tidak segera membalas permintaan komentar, negative )"
Proyek ini masuk dalam Peraturan Presiden ( Perpres ) 87 / 2021 tentang Percepatan Pembangunan Kawasan Rebana dan Kawasan Jawa Barat Bagian Selata n yang diteken Presiden Jokowi 9 September 2021 .,,[],[],NONE
Kebijakan wilayah negara yang akan dikunjungi ; 4 .,,[],[],NONE
Korut disebut sering mengadakan konser anak-anak tahunan dalam rangka menyambut Tahun Baru .,,[],[],NONE
"Selain itu , konser ini juga menampilkan protokol pencegahan infeksi virus corona .",,[],[],NONE
Acara tersebut akan diadakan pada pukul 10:00 PT hari Selasa ( 8 / 2 / 2022 ) atau 01:00 WIB Rabu dini hari ( 9 / 2 / 2022 ) .,,[],[],NONE
"Dalam acara itu , Adele akan melakukan dua pertunjukan setiap akhir pekan hingga Sabtu , 16 April 2022 dengan total 12 minggu . Warner Music Group akan membuka ' tempat nongkrong ' di dunia game metaverse , The Sandbox , yang bisa digunakan untuk konser dan berbagai imajinasi musikal lain melibatkan artis kenamaan .",,[],[],NONE
"Antara lain pengembangan kawasan Cirebon , Patimban dan Kertajati , termasuk pengembangan Jabar Selatan Wilayah Jabar Selatan dengan jumlah penduduk 3.771.154 dan luas wilayah 10.059 kilometer persegi ( 28,36 % dari total luas wilayah Jabar ) memang butuh sentuhan pembangunan Pada kawasan ini akan dibangun segmen Jalur Tengah Selatan ( JTS ) yang meliputi daerah Bagbagan , Kiaradua , Lengkong , Sagaranten , Tanggeung , Ciwidey , Pangalengan , Cikajang , Bantar Kalong , dan Kerta Rahayu .",,[],[],NONE
Aliran gas dari Rusia saat ini cukup stabil .,,"[{'aspect': 'Aliran gas dari Rusia', 'opinion': 'cukup stabil', 'sentiment': 'positive'}]","[{'aspect': 'Aliran gas dari Rusia', 'opinion': 'cukup stabil', 'sentiment': 'positive'}]","( Aliran gas dari Rusia, cukup stabil, positive )"
"Akibat nya , 2AM harus menunda konser yang dijadwalkan berlangsung pada Sabtu ( 12 / 2 ) dan Minggu ( 13 / 2 ) .",,"[{'aspect': '2AM', 'opinion': 'menunda konser', 'sentiment': 'negative'}]","[{'aspect': '2AM', 'opinion': 'menunda konser', 'sentiment': 'negative'}]","( 2AM, menunda konser, negative )"
"Dari pasokan gas alam cair untuk domestik tersebut , pasokan untuk sektor kelistrikan menjadi yang paling tinggi .",,"[{'aspect': 'pasokan untuk sektor kelistrikan', 'opinion': 'paling tinggi', 'sentiment': 'positive'}]","[{'aspect': 'pasokan untuk domestik', 'opinion': 'paling tinggi', 'sentiment': 'negative'}]","( pasokan untuk domestik, paling tinggi, negative )"
"Dari kejadian tersebut , menurut BNPB , banjir menjadi bencana yang sering terjadi .",,"[{'aspect': 'banjir', 'opinion': 'sering terjadi', 'sentiment': 'negative'}]","[{'aspect': 'banjir', 'opinion': 'menjadi bencana yang sering terjadi', 'sentiment': 'negative'}]","( banjir, menjadi bencana yang sering terjadi, negative )"
""" Kami sampaikan bahwa , Hammersonic Festival diundur menjadi tanggal 18 Maret 2023 , "" bunyi pengumuman dari akun Instagram resmi Hammersonic , Kamis ( 10 / 3 / 2022 ) .",,"[{'aspect': 'Hammersonic Festival', 'opinion': 'diundur', 'sentiment': 'negative'}]",[],NONE
""" Semua tiket akan dikembalikan sepenuh nya tanpa biaya pengembalian uang , "" kata penyelenggara .",,"[{'aspect': 'tiket', 'opinion': 'akan dikembalikan sepenuh nya', 'sentiment': 'positive'}]","[{'aspect': 'tiket', 'opinion': 'dikembalikan sepenuh nya tanpa biaya pengembalian uang', 'sentiment': 'positive'}]","( tiket, dikembalikan sepenuh nya tanpa biaya pengembalian uang, positive )"
"Turut mendampingi Jokowi dalam penerbangan menuju Provinsi Sumatera Selatan yaitu Menteri Energi dan Sumber Daya Mineral Arifin Tasrif , Menteri Badan Usaha Milik Negara Erick Thohir , Menteri Investasi / Kepala BKPM Bahlil Lahadalia , dan Sekretaris Kabinet Pramono Anung .",,[],[],NONE
"Meski negatif , ia memilih rehat sejenak dari kegiatan musik sampai kondisi nya pulih . Sejumlah penggemar Adele disebut protes akibat pembatalan konser di Las Vegas .",,"[{'aspect': 'penggemar Adele', 'opinion': 'protes', 'sentiment': 'negative'}, {'aspect': 'konser', 'opinion': 'pembatalan', 'sentiment': 'negative'}]","[{'aspect': 'Adele', 'opinion': 'negatif', 'sentiment': 'negative'}, {'aspect': 'Adele', 'opinion': 'protes', 'sentiment': 'negative'}]","( Adele, negatif, negative ) ; ( Adele, protes, negative )"
"Sebelumnya , BTS dijadwalkan untuk menghadiri Grammy Awards ke-64 di Los Angeles .",,[],[],NONE
"Namun mengutip Investing.com , CROFR adalah pusat regulasi pasar keuangan Rusia dan tidak bisa dilacak kebenaran klaim itu .",,"[{'aspect': 'klaim', 'opinion': 'tidak bisa dilacak kebenaran', 'sentiment': 'negative'}]","[{'aspect': 'CROFR', 'opinion': 'tidak bisa dilacak kebenaran klaim', 'sentiment': 'negative'}]","( CROFR, tidak bisa dilacak kebenaran klaim, negative )"
""" Healing boleh juga , "" imbuh nya .",,[],[],NONE
Pengguna platform hanya bisa memprediksi gerak harga aset dan membuat tebakan apakah nilai nya akan naik atau turun dalam jangka waktu tertentu .,,"[{'aspect': 'Pengguna platform', 'opinion': 'hanya bisa memprediksi gerak harga aset', 'sentiment': 'negative'}]",[],NONE
"Dari petinju profesional hingga pengusaha berusia tujuh tahun , YouTuber dengan bayaran tertinggi ini telah membangun kerajaan sendiri di platform media sosial .",,[],"[{'aspect': 'YouTuber', 'opinion': 'bayaran tertinggi', 'sentiment': 'positive'}]","( YouTuber, bayaran tertinggi, positive )"
"Serta juga ada berbagai cabang di beragam negara di seluruh dunia , dikutip dari Euronomics , Jumat ( 4 / 2 / 2022 ) .",,[],[],NONE
Ibrahim belum membeberkan kapan pemeriksaan dilakukan .,,[],[],NONE
""" Perlu ada jadwal pasti bagi acara di Mandalika , misal dalam 3 - 5 tahun ke depan , jadi orang akan lebih berani berinvestasi di segala sektor properti , "" ujar nya .",,[],"[{'aspect': 'berinvestasi', 'opinion': 'lebih berani', 'sentiment': 'positive'}]","( berinvestasi, lebih berani, positive )"
Juga anggaran belanja barang dialokasikan untuk membayar biaya perawatan pasien Covid - 19 di rumah sakit .,,[],[],NONE
Ini adalah rekor tertinggi kenaikan mingguan setidaknya sejak 2008 .,,[],"[{'aspect': 'kenaikan mingguan', 'opinion': 'tertinggi', 'sentiment': 'positive'}]","( kenaikan mingguan, tertinggi, positive )"
"Setiba nya kembali di Bandara Internasional Sultan Mahmud Badaruddin II , Kota Palembang , Jokowi akan melanjutkan perjalanan menuju Kota Tanjung Pinang , Provinsi Kepulauan Riau , dengan menggunakan Pesawat Kepresidenan Indonesia - 1 .",,[],[],NONE
) Will Smith ( King Richard ) - WINNER !,,[],[],NONE
""" Ini berlaku untuk semua orang , seperti yang dilihat masyarakat akhir-akhir ini . Tidak peduli siapa Anda , itu adalah aturan nya . Ikuti aturan nya , Anda bisa datang . Jika Anda tidak mengikuti aturan , Anda tidak bisa datang ( ke Australia ) , "" tutur nya lagi .",,[],[],NONE
"Sebagai bagian dari indikator , Dampak Stres Respons Covid - 19 juga dipertimbangkan , dengan Tokyo memiliki respons terbaik yang menyebabkan stres paling sedikit bagi warga nya .",,"[{'aspect': 'Tokyo', 'opinion': 'respons terbaik', 'sentiment': 'positive'}, {'aspect': 'Tokyo', 'opinion': 'menyebabkan stres paling sedikit', 'sentiment': 'positive'}]","[{'aspect': 'respons', 'opinion': 'terbaik', 'sentiment': 'positive'}, {'aspect': 'respons', 'opinion': 'menyebabkan stres paling sedikit', 'sentiment': 'positive'}]","( respons, terbaik, positive ) ; ( respons, menyebabkan stres paling sedikit, positive )"
""" Ada enggak seneng nya karena kita bakal ada yang macet , yang tadi saya bilang ada demo gitu-gitu , "" ujar Syifa seperti dikutip YouTube Sekretariat Presiden , Sabtu ( 19 / 3 ) .",,[],[],NONE
Proyek itu telah melahirkan dua album yang dirilis Juli 2018 dan Oktober 2019 .,,[],[],NONE
"Kabupaten Pangandaran Kota Surabaya , Kota Mojokerto , Kabupaten Tuban , Kabupaten Mojokerto , Kabupaten Lamongan Direktur Jenderal Bina Administrasi Kewilayahan Kementerian Dalam Negeri Safrizal menjelaskan secara rinci aturan lengkap bagi wilayah Jawa - Bali yang menerapkan PPKM level 1 .",,[],[],NONE
6 .,,[],[],NONE
""" Ikuti aturan , Anda bisa datang . Anda tidak mengikuti aturan , Anda tidak bisa datang , "" ujar Morrison seperti dilansir Channel News Asia , Minggu ( 30 / 1 / 2022 ) .",,[],[],NONE
"Jika sudah menjalani vaksin dan booster , Luhut mempersilahkan masyarakat yang ingin bepergian dengan tetap menerapkan protokol kesehatan "" Kalau memang dia sudah divaksin , sudah 2x , sudah booster , ya jalan-jalan aja gak ada yang perlu dikhawatirkan berlebih , "" kata Luhut .",,[],[],NONE
"Saat itu , volume gas alam cair domestik masih sebesar 14 kargo .",,[],[],NONE
"Namun terdapat 162 konsesi tambang , kehutanan , perkebunan sawit , dan PLTU batu bara di atas wilayah total kawasan IKN seluas 180.000 hektar .",,[],[],NONE
"Nah , itu dia 5 rekomendasi vila yang bisa Anda jadikan pilihan saat staycation di Bali .",,[],[],NONE
""" Iya jadi , besok jam 10.00 , "" kata Gaus saat dihubungi CNNIndonesia.com , Sabtu ( 15 / 1 ) .",,[],[],NONE
"Kota Bandung sendiri saat ini masih menerapkan PPKM level 3 , di mana sesuai aturan kegiatan musik masih perlu pemantau khusus .",,"[{'aspect': 'Kota Bandung', 'opinion': 'masih menerapkan PPKM level 3', 'sentiment': 'negative'}, {'aspect': 'Kota Bandung', 'opinion': 'masih perlu pemantau khusus', 'sentiment': 'negative'}]",[],NONE
"Kemungkinan ada , sebab Ming Chi Ku o telah menyatakan akan ada iPhone SE lebih besar beberapa waktu terakhir .",,[],"[{'aspect': 'iPhone SE', 'opinion': 'lebih besar', 'sentiment': 'positive'}]","( iPhone SE, lebih besar, positive )"
"Desain nya akan mirip dengan model sebelumnya , ungkap Ming Chi Ku o .",,[],"[{'aspect': 'Desain', 'opinion': 'akan mirip', 'sentiment': 'positive'}]","( Desain, akan mirip, positive )"
Di sini Anda akan bisa bersantai di kamar yang terawat bersih serta menikmati kegiatan apapun yang ingin dilakukan tanpa gangguan rutinitas .,,"[{'aspect': 'kamar', 'opinion': 'terawat bersih', 'sentiment': 'positive'}]","[{'aspect': 'kamar', 'opinion': 'terawat bersih', 'sentiment': 'positive'}, {'aspect': 'kamar', 'opinion': 'menikmati kegiatan apapun yang ingin dilakukan tanpa gangguan rutinitas', 'sentiment': 'positive'}]","( kamar, terawat bersih, positive ) ; ( kamar, menikmati kegiatan apapun yang ingin dilakukan tanpa gangguan rutinitas, positive )"
""" Sedangkan pada sektor kritikal , supermarket dan hypermarket sudah dapat beroperasi 100 %, "" Masih dalam koridor Level 1 , untuk kegiatan makan minum ditempat umum diizinkan buka sampai dengan pukul 22.00 dengan kapasitas 100 % .",,"[{'aspect': 'supermarket dan hypermarket', 'opinion': 'dapat beroperasi 100 %,', 'sentiment': 'positive'}]","[{'aspect': 'supermarket', 'opinion': 'sudah dapat beroperasi 100 %', 'sentiment': 'positive'}]","( supermarket, sudah dapat beroperasi 100 %, positive )"
"Selepas itu , Jokowi akan menuju Pasar Baru Tanjung Enim , Kabupaten Muara Enim , untuk menyerahkan bantuan langsung tunai bagi para pedagang .",,[],[],NONE
"Kemudian album kedua diisi penampil di album pertama dan sejumlah musisi yang menyusul bergabung di 88rising , seperti Jackson Wang , August 08 , serta Stephanie Poetri . BTS kembali menyapa ARMY dalam konser Permission to Dance on Stage - Seoul yang berlangsung selama tiga hari .",,[],[],NONE
"Karenanya , perlu ada kepastian jadwal penyelenggaraan acara beberapa waktu ke depan .",,[],[],NONE
""" Jadi tanah kosong yang dia beli kemudian ada pembangunan , "" kata Karta kepada wartawan di lokasi .",,[],"[{'aspect': 'tanah kosong', 'opinion': 'ada pembangunan', 'sentiment': 'negative'}]","( tanah kosong, ada pembangunan, negative )"
"Bank ANZ memprediksi di akhir 2022 , rupiah bakal semakin dekat dengan Rp 14.000 / US$ .",,"[{'aspect': 'rupiah', 'opinion': 'bakal semakin dekat dengan Rp 14.000 / US$', 'sentiment': 'negative'}]",[],NONE
"Dengan situasi tersebut , Dino menyebut peluang untuk perubahan jadwal acara hingga pembatalan sudah mesti dipersiapkan baik oleh promotor pelaksana konser maupun calon penonton .",,[],[],NONE
"Dunia Metaverse populer lainnya adalah Sandbox , tempat perusahaan pengembang real estate virtual Junine Yorio bernama Republic Realm menghabiskan US$ 4,3 juta untuk sebidang lahan virtual .",,[],[],NONE
"Dale Fisher , kepala kelompok kedokteran di Sistem Kesehatan Universitas Nasional Singapura mengatakan risiko keparahan akibat terpapar Covid - 19 bagi mereka yang sudah divaksin pun tidak akan turun .",,"[{'aspect': 'risiko keparahan', 'opinion': 'tidak akan turun', 'sentiment': 'negative'}]","[{'aspect': 'risiko keparahan', 'opinion': 'tidak akan turun', 'sentiment': 'positive'}]","( risiko keparahan, tidak akan turun, positive )"
Masalah nya ketergantungan Eropa terhadap pasokan gas dari Rusia sangat tinggi .,,"[{'aspect': 'ketergantungan Eropa', 'opinion': 'sangat tinggi', 'sentiment': 'negative'}]","[{'aspect': 'ketergantungan Eropa terhadap pasokan gas dari Rusia', 'opinion': 'sangat tinggi', 'sentiment': 'negative'}]","( ketergantungan Eropa terhadap pasokan gas dari Rusia, sangat tinggi, negative )"
"Waketum Partai Golkar itu menyampaikan , pemerintah juga mengusulkan supaya pihak nya ikut mempunyai bayangan terhadap kota yang mau dibangun .",,[],[],NONE
""" Untuk keluar kota memang diizinkan untuk keperluan keluarga kemudian berobat , kemudian alasan bekerja itu diperbolehkan untuk saat ini , "" kata Ricky .",,"[{'aspect': 'keluar kota', 'opinion': 'memang diizinkan', 'sentiment': 'positive'}]",[],NONE
Anda harus berlangganan paket yang telah disediakan lebih dulu untuk live streaming MotoGP di Vision+ dan laman resmi MotoGP ( MotoGP Video Pass ) .,,[],[],NONE
"Pabrik baru akan dianggap sebagai investasi berkelanjutan hingga tahun 2045 dan harus menjalani peningkatan keselamatan selama masa pakai nya untuk memastikan "" standar keselamatan tertinggi dapat dicapai , "" menurut rancangan tersebut .",,[],[],NONE
""" Kedua , promotor dan penonton komitmen untuk menjalankan prokes agar tidak terjadi klaster , "" lanjut nya .",,[],[],NONE
Boom !,,[],[],NONE
"Perlu diketahui , jumlah salur ( lifting ) gas rata-rata selama 2021 tercatat "" hanya "" 5.501 MMSCFD .",,[],[],NONE
"Jika benar , maka harga tersebut lebih murah dari pendahulu nya .",,"[{'aspect': 'harga', 'opinion': 'lebih murah', 'sentiment': 'positive'}]","[{'aspect': 'harga', 'opinion': 'lebih murah', 'sentiment': 'positive'}]","( harga, lebih murah, positive )"
""" Warner Music telah mengamankan properti setara di tepi pantai metaverse , "" kata chief digital officer pengembangan bisnis Oana Ruxandra .",,[],[],NONE
Hal itu disampaikan lantaran suhu udara di Kaltim sudah mulai panas imbas hutan gundul di sejumlah wilayah .,,"[{'aspect': 'suhu udara', 'opinion': 'mulai panas', 'sentiment': 'negative'}, {'aspect': 'hutan', 'opinion': 'gundul', 'sentiment': 'negative'}]","[{'aspect': 'suhu udara', 'opinion': 'sudah mulai panas imbas hutan gundul', 'sentiment': 'negative'}]","( suhu udara, sudah mulai panas imbas hutan gundul, negative )"
4 .,,[],[],NONE
"Itu tidak berarti dia melarang perjalanan , Harris mengatakan dia merencanakan dua perjalanan ke Eropa tahun ini .",,[],"[{'aspect': 'perjalanan', 'opinion': 'melarang', 'sentiment': 'negative'}]","( perjalanan, melarang, negative )"
Bahkan Paris Hilton menyelenggarakan pesta tahun baru di pulau virtual pribadi nya .,,[],[],NONE
3 .,,[],[],NONE
""" Kenapa tanah dan air ? Tentunya adalah kita adalah negara Nusantara yang dari ujung Aceh sampai Papua dan kearifan lokal itu berbeda-beda , dituangkan di dalam sebuah simbolis tanah dan simbolis air dijadikan satu menjadi kalimat Tanah Air . Kira-kira seperti itu , "" ujar Heru .",,[],[],NONE
"Pada Selasa ( 8 / 3 / 2022 ) pukul 17.26 WIB harga gas alam Eropa tercatat Euro 225 / MWh , naik 4,41 % dibandingkan posisi kemarin .",,[],"[{'aspect': 'harga gas alam Eropa', 'opinion': 'naik', 'sentiment': 'positive'}]","( harga gas alam Eropa, naik, positive )"
"Pihak yang telah dimintai keterangan dalam kasus ini , antara lain dari pihak Pemerintah Kota Makassar hingga pemilik tempat acara konser musik tersebut .",,[],[],NONE
"Dalam acara ini , Adele akan melakukan dua pertunjukan setiap akhir pekan hingga Sabtu , 16 April 2022 dengan total 12 minggu .",,[],[],NONE
[ Gambas : Video CNN ] Menteri Energi dan Sumber Daya Mineral ( ESDM ) Arifin Tasrif mengungkapkan PT PLN ( Persero ) sempat mengalami krisis gas alam cair ( liquefied natural gas / LNG ) .,,"[{'aspect': 'PT PLN ( Persero )', 'opinion': 'sempat mengalami krisis gas alam cair ( liquefied natural gas / LNG )', 'sentiment': 'negative'}]","[{'aspect': 'PT PLN ( Persero )', 'opinion': 'sempat mengalami krisis gas alam cair ( liquefied natural gas / LNG )', 'sentiment': 'negative'}]","( PT PLN ( Persero ), sempat mengalami krisis gas alam cair ( liquefied natural gas / LNG ), negative )"
"Juara dunia MotoGP 2021 itu mengukir rekor pada sesi latihan bebas kedua ( FP2 ) dengan catatan waktu 1 menit 31,608 detik .",,"[{'aspect': 'Juara dunia MotoGP 2021', 'opinion': 'mengukir rekor', 'sentiment': 'positive'}]","[{'aspect': 'Juara dunia MotoGP 2021', 'opinion': 'mengukir rekor', 'sentiment': 'positive'}]","( Juara dunia MotoGP 2021, mengukir rekor, positive )"
"Merinci beberapa kategori individu dalam penelitian ini , Reykjavik juga menempati posisi teratas untuk kesetaraan gender dan polusi udara serta suara paling sedikit , sementara Doha adalah yang terbaik untuk keselamatan dan keamanan , Oslo untuk akses kesehatan , dan Bern untuk stres keuangan .",,"[{'aspect': 'Reykjavik', 'opinion': 'posisi teratas untuk kesetaraan gender', 'sentiment': 'positive'}, {'aspect': 'Reykjavik', 'opinion': 'suara paling sedikit', 'sentiment': 'positive'}, {'aspect': 'Doha', 'opinion': 'terbaik untuk keselamatan dan keamanan', 'sentiment': 'positive'}]","[{'aspect': 'kesetaraan gender', 'opinion': 'menempati posisi teratas', 'sentiment': 'positive'}, {'aspect': 'polusi udara', 'opinion': 'paling sedikit', 'sentiment': 'positive'}, {'aspect': 'Doha', 'opinion': 'terbaik untuk keselamatan dan keamanan', 'sentiment': 'positive'}, {'aspect': 'Oslo', 'opinion': 'terbaik untuk akses kesehatan', 'sentiment': 'positive'}, {'aspect': 'Oslo', 'opinion': 'terbaik untuk akses kesehatan', 'sentiment': 'positive'}, {'aspect': 'Oslo', 'opinion': 'terbaik untuk akses kesehatan', 'sentiment': 'positive'}]","( kesetaraan gender, menempati posisi teratas, positive ) ; ( polusi udara, paling sedikit, positive ) ; ( Doha, terbaik untuk keselamatan dan keamanan, positive ) ; ( Oslo, terbaik untuk akses kesehatan, positive ) ; ( Oslo, terbaik untuk akses kesehatan, positive ) ; ( Oslo, terbaik untuk akses kesehatan, positive )"
"Selain budget dan kualitas kenyamanan yang ditawarkan , Anda juga bisa memilih vila di Bali sesuai dengan titik wisata , kuliner , maupun hiburan lain di sekitar penginapan .",,[],[],NONE
"Pembalap asal Italia , Riccardo Rossi , terlihat kegirangan ketika bermain dengan seekor monyet di sebuah tempat di Mandalika .",,"[{'aspect': 'Riccardo Rossi', 'opinion': 'terlihat kegirangan', 'sentiment': 'positive'}]","[{'aspect': 'Riccardo Rossi', 'opinion': 'terlihat kegirangan', 'sentiment': 'positive'}]","( Riccardo Rossi, terlihat kegirangan, positive )"
Sanksi yang dicermati oleh para pelaku pasar adalah upaya untuk menendang Rusia dari jejaring informasi perbankan internasional yang dikenal sebagai SWIFT .,,[],[],NONE
"Berikut detail jadwal balapan MotoGP Mandalika 2022 hari ini , Minggu , 20 Maret 2022 .",,[],[],NONE
Pada 2021 jaringan gas pipa ( jargas ) bertambah sebanyak 126.876 sambungan rumah tangga ( SR ) di 21 kabupaten / kota .,,[],[],NONE
""" Situasi geopolitik yang sangat tidak terduga dan risiko eskalasi lebih lanjut dan sanksi baru kemungkinan akan mendukung harga lebih lanjut , "" kata analis di Refinitiv dalam laporan pagi .",,"[{'aspect': 'Situasi geopolitik', 'opinion': 'sangat tidak terduga', 'sentiment': 'negative'}]","[{'aspect': 'Situasi geopolitik', 'opinion': 'sangat tidak terduga', 'sentiment': 'negative'}, {'aspect': 'risiko eskalasi lebih lanjut', 'opinion': 'mendukung harga lebih lanjut', 'sentiment': 'negative'}, {'aspect': 'sanksi baru', 'opinion': 'mendukung harga lebih lanjut', 'sentiment': 'negative'}]","( Situasi geopolitik, sangat tidak terduga, negative ) ; ( risiko eskalasi lebih lanjut, mendukung harga lebih lanjut, negative ) ; ( sanksi baru, mendukung harga lebih lanjut, negative )"
Negara tersebut bukan anggota Financial Action Task Force ( on Money Laundering ) ( FATF ) yang punya aturan lemah terkait pencucian uang .,,[],"[{'aspect': 'aturan', 'opinion': 'lemah', 'sentiment': 'negative'}]","( aturan, lemah, negative )"
"Hal itu dilakukan untuk meningkatkan perekonomian dan kesejahteraan masyarakat Jabar bagian selatan , perbaikan aksesibilitas dengan pembangunan JTS salah satu cara nya .",,"[{'aspect': 'pembangunan JTS', 'opinion': 'meningkatkan perekonomian dan kesejahteraan masyarakat', 'sentiment': 'positive'}, {'aspect': 'pembangunan JTS', 'opinion': 'perbaikan aksesibilitas', 'sentiment': 'positive'}]","[{'aspect': 'pembangunan JTS', 'opinion': 'meningkatkan perekonomian dan kesejahteraan masyarakat', 'sentiment': 'positive'}]","( pembangunan JTS, meningkatkan perekonomian dan kesejahteraan masyarakat, positive )"
"Semua pertunjukan juga dapat disaksikan langsung di layar lebar , MGM Grand Garden Arena .",,[],[],NONE
Alasan selanjutnya soal kesenangan .,,[],[],NONE
""" Kita kan ini sekarang membangun ibu kota baru , kota baru . Kota baru ini kan disebut smart city , kemudian sustainable city , green city . Kita juga harus melihat contoh-contoh di mana tempat-tempat yang sudah dikategorikan memenuhi slogan-slogan itu , "" kata Doli kepada wartawan di Kompleks Parlemen , Senayan , Jakarta pada Kamis ( 13 / 1 ) .",,[],[],NONE
Aliran ke Slovakia melalui Ukraina tetap pada tingkat tinggi .,,[],[],NONE
10 .,,[],[],NONE
"Tak berlangsung lama dari kabar studi banding luar negeri tersebut , Pansus RUU IKN kembali melakukan studi banding ke perumahan BSD City , Tangerang Selatan , dan Alam Sutera , Tangerang pada Minggu ( 16 / 1 ) .",,[],[],NONE
Padahal Indonesia adalah negara yang memiliki sumber daya alam yang berlimpah .,,"[{'aspect': 'sumber daya alam', 'opinion': 'berlimpah', 'sentiment': 'positive'}]","[{'aspect': 'sumber daya alam', 'opinion': 'melimpah', 'sentiment': 'positive'}]","( sumber daya alam, melimpah, positive )"
Hanya saja ia mengaku kecewa karena Adele membatalkan kurang dari 24 jam konser dimulai .,,"[{'aspect': 'Adele', 'opinion': 'kecewa', 'sentiment': 'negative'}, {'aspect': 'konser', 'opinion': 'membatalkan', 'sentiment': 'negative'}]","[{'aspect': 'Adele', 'opinion': 'kecewa', 'sentiment': 'negative'}, {'aspect': 'Adele', 'opinion': 'membatalkan kurang dari 24 jam konser dimulai', 'sentiment': 'negative'}]","( Adele, kecewa, negative ) ; ( Adele, membatalkan kurang dari 24 jam konser dimulai, negative )"
"Terpisah , Yanto seorang pedagang buah berharap kehadiran Ibu Kota di Kaltim nantinya tidak merusak alam dan ada nya penghijauan .",,[],"[{'aspect': 'kehadiran Ibu Kota', 'opinion': 'tidak merusak alam', 'sentiment': 'positive'}]","( kehadiran Ibu Kota, tidak merusak alam, positive )"
Head in the Clouds Jakarta kala itu juga telah merilis daftar musisi yang menjadi penampil .,,[],[],NONE
Salah satu donasi terbesar yang pernah diberikan IU adalah untuk Tragedi Sewol .,,[],"[{'aspect': 'donasi', 'opinion': 'terbesar', 'sentiment': 'positive'}]","( donasi, terbesar, positive )"
"Acara itu akan ditayangkan secara langsung pada bagian Apple Event dan berfungsi di seluruh browser dari Safari , mozilla , Firefox , Microsoft Edge dan Google Chrome .",,[],[],NONE
"Tak hanya itu , musisi asal Indonesia Rich Brian juga turut menyaksikan konser konser Permission to Dance On Stage - LA .",,[],[],NONE
Rancangan teks hukum yang diedarkan di Brussel selama akhir pekan kemarin berusaha mencari jalan tengah .,,[],[],NONE
Dawn juga mengklaim telah membayar US$ 877 masing-masing untuk empat tiket demi menghadiri pertunjukan Adele .,,[],[],NONE
Tentunya jumlah ini masih sangat minim dan belum semua provinsi teraliri gas pipa .,,"[{'aspect': 'jumlah', 'opinion': 'masih sangat minim', 'sentiment': 'negative'}, {'aspect': 'gas pipa', 'opinion': 'belum semua provinsi teraliri', 'sentiment': 'negative'}]","[{'aspect': 'jumlah', 'opinion': 'masih sangat minim', 'sentiment': 'negative'}, {'aspect': 'gas pipa', 'opinion': 'belum semua provinsi teraliri', 'sentiment': 'negative'}]","( jumlah, masih sangat minim, negative ) ; ( gas pipa, belum semua provinsi teraliri, negative )"
"Manajer Justin , Scooter Braun menyebut situasi itu membuat konser Bieber di Las Vegas ditunda hingga Juni mendatang .",,"[{'aspect': 'konser Bieber di Las Vegas', 'opinion': 'ditunda', 'sentiment': 'negative'}]","[{'aspect': 'konser Bieber di Las Vegas', 'opinion': 'ditunda', 'sentiment': 'negative'}]","( konser Bieber di Las Vegas, ditunda, negative )"
"Berikut sejumlah bocoran terkait iPhone SE terbaru dirangkum dari Cnet , Senin ( 7 / 2 / 2022 ) : Tanggal Perilisan CNet menuliskan Apple telah mengirimkan undangan kepada media untuk sebuah acara pada Selasa , 8 Maret 2022 .",,[],[],NONE
"Sementara sisa nya , dipasok untuk sektor industri .",,[],[],NONE
""" Yang diminati sementara ini rumah sederhana dan menengah , ada yang untuk dihuni maupun dijadikan investasi , baik dijual maupun disewakan lagi , "" kata Ketua Real Estate Indonesia ( REI ) Totok Lusida kepada CNBC Indonesia , Senin ( 21 / 3 / 22 ) .",,[],"[{'aspect': 'rumah', 'opinion': 'sederhana', 'sentiment': 'positive'}, {'aspect': 'rumah', 'opinion': 'ada yang untuk dihuni maupun disewakan lagi', 'sentiment': 'positive'}]","( rumah, sederhana, positive ) ; ( rumah, ada yang untuk dihuni maupun disewakan lagi, positive )"
Deputi Keuangan dan Monetisasi SKK Migas Arief Setiawan Handoko menyampaikan bahwa sektor hulu migas akan menyiapkan 58 kargo gas alam cair yang dipasok dari Kilang Bontang dan Kilang Tangguh di Kalimantan Timur .,,[],[],NONE
""" Kerinduan itu terjawab tatkala Bapak hadir di sini . Masyarakat gegap gempita menyambut Bapak sejak turun dari Bandara Atung Bungsu tadi , "" jelas nya .",,"[{'aspect': 'Kerinduan', 'opinion': 'terjawab', 'sentiment': 'positive'}, {'aspect': 'Masyarakat', 'opinion': 'gegap gempita menyambut', 'sentiment': 'positive'}]","[{'aspect': 'Masyarakat', 'opinion': 'gegap gempita', 'sentiment': 'positive'}]","( Masyarakat, gegap gempita, positive )"
"Seandainya saja , kata dia , pengadaan barang dan jasa pemerintahan secara konsisten membeli produk buatan industri dan UKM dalam negeri , akan memacu pertumbuhan ekonomi .",,"[{'aspect': 'pengadaan barang dan jasa pemerintahan', 'opinion': 'secara konsisten membeli produk buatan industri dan UKM dalam negeri', 'sentiment': 'positive'}, {'aspect': 'pengadaan barang dan jasa pemerintahan', 'opinion': 'akan memacu pertumbuhan ekonomi', 'sentiment': 'positive'}]","[{'aspect': 'pengadaan barang dan jasa pemerintahan', 'opinion': 'secara konsisten membeli produk buatan industri dan UKM dalam negeri', 'sentiment': 'positive'}, {'aspect': 'membeli produk', 'opinion': 'konsisten', 'sentiment': 'positive'}]","( pengadaan barang dan jasa pemerintahan, secara konsisten membeli produk buatan industri dan UKM dalam negeri, positive ) ; ( membeli produk, konsisten, positive )"
""" Jabar Selatan ini memang perlu lebih banyak intervensi pemerintah . Jalan ini bagus sekali untuk tahap awal , "" kata Menteri Agraria dan Tata Ruang ( ATR ) Sofyan Djalil , dalam Rakor bersama Kemenko Marves , mengutup keterangan resmi , Februari lalu .",,"[{'aspect': 'Jalan', 'opinion': 'bagus sekali untuk tahap awal', 'sentiment': 'positive'}]","[{'aspect': 'Jabar Selatan', 'opinion': 'bagus sekali untuk tahap awal', 'sentiment': 'positive'}]","( Jabar Selatan, bagus sekali untuk tahap awal, positive )"
"Kabar teranyar , CMPP berencana melaksanakan Rapat Umum Pemegang Saham Luar Biasa ( RUPSLB ) pada hari ini , mulai pukul 14.00 WIB di Kantor Pusat AirAsia - Gedung Redhouse , Jl. Marsekal Suryadharma No. 1 , Neglasari , Tangerang .",,[],[],NONE
"Ada hampir 300 penumpang yang tewas dalam tragedi tersebut , mayoritas dari mereka adalah anak sekolah .",,"[{'aspect': 'penumpang', 'opinion': 'tewas', 'sentiment': 'negative'}]",[],NONE
"Lanjut ke sebelah ... Konser musik bertajuk Soundfest Bersua yang sedianya menghadirkan penyanyi Tulus di Kota Bandung , Jawa Barat , dibubarkan Satgas Penanganan Covid - 19 , Selasa ( 29 / 3 ) .",,"[{'aspect': 'Soundfest Bersua', 'opinion': 'dibubarkan Satgas Penanganan Covid - 19', 'sentiment': 'negative'}]","[{'aspect': 'Konser musik', 'opinion': 'dibubarkan', 'sentiment': 'negative'}]","( Konser musik, dibubarkan, negative )"
"Lantas apakah IKN Nusantara aman untuk dihuni , meskipun terkandung batu bara , salah satu sumber daya alam yang mudah terbakar ?",,"[{'aspect': 'batu bara', 'opinion': 'mudah terbakar', 'sentiment': 'negative'}]","[{'aspect': 'IKN Nusantara', 'opinion': 'aman untuk dihuni', 'sentiment': 'positive'}, {'aspect': 'IKN Nusantara', 'opinion': 'mengandung batu bara', 'sentiment': 'negative'}, {'aspect': 'sumber daya alam', 'opinion': 'mudah terbakar', 'sentiment': 'positive'}]","( IKN Nusantara, aman untuk dihuni, positive ) ; ( IKN Nusantara, mengandung batu bara, negative ) ; ( sumber daya alam, mudah terbakar, positive )"
"Terkait perkembangan proyek JTS , sempat dilakukan kunjungan Wakil Gubernur ( Wagub ) Jawa Barat ( Jabar ) Uu Ruzhanul Ulum ke lapangan awal September 2021 lalu .",,[],[],NONE
Ketua komite energi Duma Negara menggemakan keputusan Putin sambil menambahkan bahwa negara itu juga harus menerima emas .,,[],[],NONE
"Akan tetapi , ternyata pergerakan harga tersebut bukan berasal dari aktivitas riil melainkan diduga merupakan skema manipula di dalam nya .",,"[{'aspect': 'pergerakan harga', 'opinion': 'bukan berasal dari aktivitas riil', 'sentiment': 'negative'}, {'aspect': 'pergerakan harga', 'opinion': 'skema manipula', 'sentiment': 'negative'}]","[{'aspect': 'pergerakan harga', 'opinion': 'bukan berasal dari aktivitas riil', 'sentiment': 'negative'}, {'aspect': 'pergerakan harga', 'opinion': 'diduga merupakan skema manipula', 'sentiment': 'negative'}]","( pergerakan harga, bukan berasal dari aktivitas riil, negative ) ; ( pergerakan harga, diduga merupakan skema manipula, negative )"
iPhone SE Plus ?,,[],[],NONE
"Meski dikenal dengan rempah nya , Indonesia pun masih mengimpor lada sebanyak 318,68 ribu kilogram dengan nilai US$ 1,52 juta .",,[],[],NONE
Fabio Di Giannatonio juga memasuki musim MotoGP 2022 bersama Gresini Racing .,,[],[],NONE
"Berdasarkan hasil penelusuran Walhi , menunjukkan ada 148 konsesi di antara nya adalah pertambangan batubara , baik yang berstatus Izin Usaha Pertambangan ( IUP ) dan satu di antara nya berstatus Perjanjian Karya Pengusahaan Pertambangan Batubara ( PKP2B ) . Impor Liquefied Petroleum Gas ( LPG ) RI bisa dikatakan semakin parah , terutama dalam enam tahun terakhir ini .",,"[{'aspect': 'Impor Liquefied Petroleum Gas ( LPG ) RI', 'opinion': 'semakin parah', 'sentiment': 'negative'}]","[{'aspect': 'Impor Liquefied Petroleum Gas ( LPG ) RI', 'opinion': 'semakin parah', 'sentiment': 'negative'}]","( Impor Liquefied Petroleum Gas ( LPG ) RI, semakin parah, negative )"
"Di Kabupaten Muara Enim , Jokowi diagendakan untuk melakukan groundbreaking proyek hilirisasi batu bara menjadi dimetil eter ( DME ) .",,[],[],NONE
"Namun The Sandbox merencanakan menggelar acara penjualan Land , nama petakan lahan di peta salah satu game berbasis blockchain ini , pada Maret 2022 .",,[],[],NONE
"Tak hanya itu , BTS turut menampilkan koreografi untuk menghibur ARMY yang sudah menantikan penampilan mereka selama tiga tahun terakhir .",,"[{'aspect': 'ARMY', 'opinion': 'menantikan penampilan', 'sentiment': 'positive'}]","[{'aspect': 'BTS', 'opinion': 'menghibur', 'sentiment': 'positive'}]","( BTS, menghibur, positive )"
"Dengan demikian , jumlah cadangan minyak maupun gas di Tanah Air akan semakin meningkat .",,"[{'aspect': 'jumlah cadangan minyak maupun gas di Tanah Air', 'opinion': 'semakin meningkat', 'sentiment': 'positive'}]","[{'aspect': 'jumlah cadangan minyak maupun gas di Tanah Air', 'opinion': 'semakin meningkat', 'sentiment': 'positive'}]","( jumlah cadangan minyak maupun gas di Tanah Air, semakin meningkat, positive )"
"Pemerintah Korea Selatan melarang penonton konser bertepuk tangan , berteriak , dan berdiri .",,[],"[{'aspect': 'penonton konser', 'opinion': 'bertepuk tangan', 'sentiment': 'negative'}, {'aspect': 'penonton konser', 'opinion': 'berteriak', 'sentiment': 'negative'}]","( penonton konser, bertepuk tangan, negative ) ; ( penonton konser, berteriak, negative )"
"Berdasarkan informasi yang dihimpun , pembubaran konser musik dilakukan sebelum solois Tulus naik ke atas panggung .",,[],"[{'aspect': 'pembubaran konser musik', 'opinion': 'dilakukan sebelum solois Tulus naik ke atas panggung', 'sentiment': 'negative'}]","( pembubaran konser musik, dilakukan sebelum solois Tulus naik ke atas panggung, negative )"
Pemerintah langsung mengambil langkah untuk mengatasi krisis energi tersebut .,,"[{'aspect': 'Pemerintah', 'opinion': 'langsung mengambil langkah', 'sentiment': 'positive'}, {'aspect': 'energi', 'opinion': 'krisis', 'sentiment': 'negative'}]",[],NONE
Celine Dion berharap segera pulih sehingga dapat kembali tampil di atas panggung .,,[],"[{'aspect': 'Celine Dion', 'opinion': 'berharap segera pulih', 'sentiment': 'positive'}]","( Celine Dion, berharap segera pulih, positive )"
Mulai dari penonton yang berdesakkan hingga banyak yang tidak menggunakan masker atau masker nya dicopot .,,"[{'aspect': 'penonton', 'opinion': 'berdesakkan', 'sentiment': 'negative'}, {'aspect': 'penonton', 'opinion': 'banyak yang tidak menggunakan masker', 'sentiment': 'negative'}, {'aspect': 'penonton', 'opinion': 'masker nya dicopot', 'sentiment': 'negative'}]","[{'aspect': 'penonton', 'opinion': 'berdesakkan', 'sentiment': 'negative'}, {'aspect': 'masker', 'opinion': 'dicopot', 'sentiment': 'negative'}]","( penonton, berdesakkan, negative ) ; ( masker, dicopot, negative )"
"Kini , menurut data dari The New York Times pada 19 Februari 2022 , jumlah kasus baru di AS sebanyak 46.210 dengan rata-rata sepekan mencapai 108.240 kasus .",,"[{'aspect': 'jumlah kasus baru di AS', 'opinion': 'mencapai 108.240 kasus', 'sentiment': 'negative'}]",[],NONE
Sekretaris Jenderal DPR Indra Iskandar mengatakan setidaknya ada tiga anggota dewan mengikuti kunjung kerja ke Kazakhstan pada awal 2022 atas undangan pihak Badan Perencanaan dan Pembangunan Nasional ( Bappenas ) .,,[],[],NONE
"Lalu , ada Marco Bezzecchi yang bakal menjadi rekan Luca Marini di VR46 Racing Team .",,[],[],NONE
Steven Spielberg ( West Side Story ) Cruella ( Jenny Beavan ) - WINNER !,,[],[],NONE
""" SE ini berlaku sejak tanggal ditetapkan dan dengan berlaku nya SE ini , maka SE No. 3 / 2022 dicabut dan dinyatakan tidak berlaku , "" bunyi surat edaran tersebut yang dikutip Senin ( 21 / 3 / 2022 ) .",,[],[],NONE
"Pasokan gas alam cair untuk sektor kelistrikan mencapai 54 kargo atau 96,5 persen dari total kargo yang ada .",,[],[],NONE
"Ditaksir mencapai Rp 2,7 triliun .",,[],[],NONE
Luhut termasuk yang setuju segera pembangunan proyek ini .,,[],"[{'aspect': 'pembangunan proyek', 'opinion': 'setuju', 'sentiment': 'positive'}]","( pembangunan proyek, setuju, positive )"
"Konser dalam tur bertajuk Courage itu seharusnya diselenggarakan di sejumlah lokasi , diantara nya Denver , Winnipeg , Saskatoon , Edmontoon , San Francisco , Los Angeles , dan Pittsburgh .",,[],[],NONE
""" Jalan yang sudah ada di bibir pantai itu pun mampu meningkatkan ekonomi dan kesejahteraan , agar lebih mantap lagi , maka Pak Gubernur ingin membuat jalan tengah selatan , "" kata Uu. Uu mengatakan dengan ada nya JTS konektivitas lebih cepat , jalan ditempuh bisa setengah nya .",,"[{'aspect': 'Jalan', 'opinion': 'mampu meningkatkan ekonomi dan kesejahteraan', 'sentiment': 'positive'}, {'aspect': 'JTS', 'opinion': 'konektivitas lebih cepat', 'sentiment': 'positive'}, {'aspect': 'JTS', 'opinion': 'jalan ditempuh bisa setengah nya', 'sentiment': 'positive'}]","[{'aspect': 'Jalan', 'opinion': 'mampu meningkatkan ekonomi dan kesejahteraan', 'sentiment': 'positive'}, {'aspect': 'JTS', 'opinion': 'konektivitas lebih cepat', 'sentiment': 'positive'}, {'aspect': 'JTS', 'opinion': 'jalan ditempuh bisa setengah', 'sentiment': 'positive'}]","( Jalan, mampu meningkatkan ekonomi dan kesejahteraan, positive ) ; ( JTS, konektivitas lebih cepat, positive ) ; ( JTS, jalan ditempuh bisa setengah, positive )"
Pihak penyelenggara juga memastikan bahwa tiket yang sudah dibeli tetap berlaku hingga acara berlangsung tahun depan .,,[],[],NONE
Pembeli tiket akan langsung menerima surat elektronik ( surel ) pemberitahuan untuk informasi lebih detail .,,[],[],NONE
"Sejauh ini , total aset yang disita baru sebesar Rp 43,5 miliar .",,[],[],NONE
"Namun , pemulihan dari cedera otot tampaknya memerlukan lebih banyak waktu dari yang diperkirakan .",,[],"[{'aspect': 'pemulihan dari cedera otot', 'opinion': 'memerlukan lebih banyak waktu', 'sentiment': 'negative'}]","( pemulihan dari cedera otot, memerlukan lebih banyak waktu, negative )"
"RI juga mengimpor kelapa sebanyak 2.473 ton atau turun 46,3 % dibandingkan tahun 2020 sebanyak 4.605 ton .",,[],"[{'aspect': 'impor kelapa', 'opinion': 'turun', 'sentiment': 'negative'}]","( impor kelapa, turun, negative )"
"Lokasi nya di jalur Tanggeung - Padasuka / Cipelah , Kecamatan Cibinong , Cianjur , Jawa Barat ( Jabar ) , jarak nya 70 km dari Kota Bandung dan 200 km dari Ibu Kota Jakarta .",,[],[],NONE
Konser di Dallas merupakan bagian dari tur Farewell Yellow Brick Road Elton John yang dijadwalkan berlangsung pada 25 dan 26 Januari .,,[],[],NONE
Ia dilaporkan memiliki penghasilan US$ 18 juta atau sekitar Rp 258 miliar .,,[],[],NONE
Syifa juga mengaku senang ketika mendengar pemindahan itu .,,"[{'aspect': 'pemindahan', 'opinion': 'senang', 'sentiment': 'positive'}]","[{'aspect': 'Syifa', 'opinion': 'senang', 'sentiment': 'positive'}]","( Syifa, senang, positive )"
"Tetapi yang lain beranggapan bahwa kedua nya tidak layak untuk dianggap sebagai investasi hijau , menunjuk pada emisi karbon dioksida dari pembakaran gas alam dan bahaya lingkungan yang ditimbulkan oleh pembangkit nuklir .",,"[{'aspect': 'pembangkit nuklir', 'opinion': 'tidak layak untuk dianggap sebagai investasi hijau', 'sentiment': 'negative'}]","[{'aspect': 'investasi hijau', 'opinion': 'tidak layak', 'sentiment': 'negative'}]","( investasi hijau, tidak layak, negative )"
Impor LPG RI memang terlihat terus meningkat seiring dengan berhasil nya program konversi minyak tanah ke LPG tabung 3 kilo gram ( kg ) sejak 2007 lalu .,,"[{'aspect': 'Impor LPG RI', 'opinion': 'terlihat terus meningkat', 'sentiment': 'negative'}, {'aspect': 'program konversi minyak tanah ke LPG', 'opinion': 'berhasil', 'sentiment': 'positive'}]","[{'aspect': 'Impor LPG RI', 'opinion': 'terlihat terus meningkat', 'sentiment': 'positive'}]","( Impor LPG RI, terlihat terus meningkat, positive )"
Berikut adalah daftar pebalap yang akan mengikuti parade di Jakarta bersama Presiden Joko Widodo .,,[],[],NONE
"Dalam dot plot kali ini , sebanyak 12 dari 18 anggota FOMC melihat suku bunga bisa dinaikkan sebanyak 3 kali di tahun depan .",,"[{'aspect': 'suku bunga', 'opinion': 'bisa dinaikkan sebanyak 3 kali', 'sentiment': 'negative'}]",[],NONE
"memperlakukan ini seolah-olah kita akan mengobati flu atau pilek , "" kata nya . Jakarta , CNBC Indonesia - Menteri Koordinator Bidang Kemaritiman dan Investasi Luhut Binsar Pandjaitan angkat bicara perihal angka kasus kematian Covid - 19 yang mencapa 111 orang dalam satu hari .",,"[{'aspect': 'kasus kematian Covid - 19', 'opinion': 'mencapa 111 orang', 'sentiment': 'negative'}]","[{'aspect': 'angka kasus kematian Covid - 19', 'opinion': 'mencapa 111 orang', 'sentiment': 'negative'}]","( angka kasus kematian Covid - 19, mencapa 111 orang, negative )"
Ini menjadi konser pertama bagi BTS di negara asal nya setelah tiga tahun absen .,,[],"[{'aspect': 'BTS', 'opinion': 'absen', 'sentiment': 'negative'}]","( BTS, absen, negative )"
""" Perilisan tur di San Diego sukses besar dan Justin bersemangat untuk membawa pertunjukan spektakuler ini kepada para penggemar nya di Las Vegas sesegera mungkin . "" tulis pernyataan tersebut .",,"[{'aspect': 'Perilisan tur di San Diego', 'opinion': 'sukses besar', 'sentiment': 'positive'}, {'aspect': 'Justin', 'opinion': 'bersemangat', 'sentiment': 'positive'}]","[{'aspect': 'Perilisan tur', 'opinion': 'sukses besar', 'sentiment': 'positive'}, {'aspect': 'Justin', 'opinion': 'bersemangat', 'sentiment': 'positive'}]","( Perilisan tur, sukses besar, positive ) ; ( Justin, bersemangat, positive )"
""" Justin tentu saja sangat kecewa , tetapi kesehatan dan keselamatan kru dan penggemar nya selalu menjadi prioritas nomor satu , "" lanjut pernyataan tersebut .",,"[{'aspect': 'Justin', 'opinion': 'sangat kecewa', 'sentiment': 'negative'}]","[{'aspect': 'Justin', 'opinion': 'sangat kecewa', 'sentiment': 'negative'}, {'aspect': 'kesehatan', 'opinion': 'keselamatan', 'sentiment': 'positive'}, {'aspect': 'penggemar', 'opinion': 'selalu menjadi prioritas nomor satu', 'sentiment': 'positive'}]","( Justin, sangat kecewa, negative ) ; ( kesehatan, keselamatan, positive ) ; ( penggemar, selalu menjadi prioritas nomor satu, positive )"
Adapun titik pemberlakuan pembatasan tidak ada yang berubah .,,[],"[{'aspect': 'titik pemberlakuan pembatasan', 'opinion': 'tidak ada yang berubah', 'sentiment': 'positive'}]","( titik pemberlakuan pembatasan, tidak ada yang berubah, positive )"
Belum lagi juga ada jalan yang masuk ke dalam kawasan hutan .,,[],[],NONE
"Oleh sebab itu , Gresini Racing jadi tim independen dengan motor yang disokong Ducati .",,[],"[{'aspect': 'Gresini Racing', 'opinion': 'independen', 'sentiment': 'positive'}]","( Gresini Racing, independen, positive )"
""" Jadi stadion utama itu akan di-maintenance . Kami juga mendukung upaya pemerintah tahun depan , jadi makanya kami memilih stadion madya , "" sambung nya .",,[],"[{'aspect': 'upaya pemerintah', 'opinion': 'mendukung', 'sentiment': 'positive'}]","( upaya pemerintah, mendukung, positive )"
"Tim juga sempat mengunjungi lokasi ibu kota negara baru di Penajam Paser Utara , Kalimantan Timur .",,[],[],NONE
"Penutupan itu tertuang dalam surat yang diteken oleh Bupati Subang , Ruhimat Gubernur Jawa Barat Ridwan Kamil turut merespons konser yang dihadiri penyanyi Tri Suaka , Nabila Maharani dan Zidan di Taman Wisata Anggur Kukulu , Kabupaten Subang .",,[],[],NONE
"Mengutip Antara , Minggu ( 9 / 1 ) pagi , kejadian bencana alam terjadi akibat faktor hidrometeorologi , antara lain banjir , tanah longsor , dan cuaca ekstrem , serta kebakaran hutan dan lahan , termasuk gelombang pasang .",,[],[],NONE
"Doli bilang , peninjauan lapangan ke BSD dan Alam Sutera akan dilakukan pada Minggu ( 16 / 1 ) , setelah pihak nya meninjau Kaltim lebih dahulu .",,[],[],NONE
""" Pas tahu Ibu Kota pindah ke sini kita senang , kalau Kalimantan kan untuk wisata tidak sebanyak di Jakarta gitu , "" pungkas nya .",,"[{'aspect': 'Ibu Kota pindah', 'opinion': 'senang', 'sentiment': 'positive'}]","[{'aspect': 'Kalimantan', 'opinion': 'senang', 'sentiment': 'positive'}]","( Kalimantan, senang, positive )"
""" Kemudian pada 2021 kami bikin pradesain . Konsep pembangunan nya adalah melebarkan jalan-jalan kabupaten dan jalan desa yang masuk dalam trase , ke dalam standar nya jalan provinsi , jadi jalur baru , membuat koridor baru , "" kata nya . Jakarta , CNBC Indonesia - Kasus Covid - 19 yang melandai memberikan angin segar sekaligus kabar bagi masyarakat untuk bisa kembali memulai aktivitas menuju normal .",,"[{'aspect': 'Kasus Covid - 19', 'opinion': 'melandai', 'sentiment': 'positive'}, {'aspect': 'Kasus Covid - 19', 'opinion': 'memberikan angin segar', 'sentiment': 'positive'}, {'aspect': 'Kasus Covid - 19', 'opinion': 'bisa kembali memulai aktivitas menuju normal', 'sentiment': 'positive'}]","[{'aspect': 'Kasus Covid - 19', 'opinion': 'memberikan angin segar', 'sentiment': 'positive'}, {'aspect': 'Kasus Covid - 19', 'opinion': 'membuat koridor baru', 'sentiment': 'positive'}]","( Kasus Covid - 19, memberikan angin segar, positive ) ; ( Kasus Covid - 19, membuat koridor baru, positive )"
Dia hanya mengatakan pemanggilan bakal dilakukan dalam waktu dekat .,,[],[],NONE
"Kemudian , dua bidang tanah di Deliserdang , Sumatera Utara .",,[],[],NONE
Presiden Joko Widodo berkunjung ke Kawasan Titik Nol Kilometer Ibu Kota Negara ( IKN ) Nusantara mulai Senin pagi dan melakukan berbagai kegiatan .,,[],[],NONE
"Pantauan CNNIndonesia.com di lokasi , bangunan rumah yang terletak di salah satu klaster mewah di kawasan Tangerang itu masih belum rampung dikerjakan .",,"[{'aspect': 'bangunan rumah', 'opinion': 'belum rampung dikerjakan', 'sentiment': 'negative'}]","[{'aspect': 'bangunan rumah', 'opinion': 'masih belum rampung dikerjakan', 'sentiment': 'negative'}]","( bangunan rumah, masih belum rampung dikerjakan, negative )"
"Ia mengaku hati nya terasa berat ketika melihat fan atau ARMY tidak bisa ikut bersorak , tepuk tangan , dan berdiri selama konser .",,[],"[{'aspect': 'fan', 'opinion': 'tidak bisa ikut bersorak', 'sentiment': 'negative'}, {'aspect': 'ARMY', 'opinion': 'tepuk tangan', 'sentiment': 'negative'}]","( fan, tidak bisa ikut bersorak, negative ) ; ( ARMY, tepuk tangan, negative )"
"Parade tersebut akan diikuti oleh 20 pebalap yang terdiri dari 16 pebalap kelas MotoGP , 2 dari Moto2 , 1 dari Moto3 , dan 1 dari ajang Asia Talent Cup ( ATC ) .",,[],[],NONE
"Bila penggemar ingin melihat Justin Bieber secara dekat , kategori CAT 1 adalah yang paling dekat dengan panggung , diikuti dengan CAT 2 dan CAT 3 .",,[],[],NONE
"IU , yang merasa hati nya hancur karena tragedi itu , menggelar delapan konser di bulan berikut nya untuk menghormati para korban .",,"[{'aspect': 'IU', 'opinion': 'merasa hati nya hancur', 'sentiment': 'negative'}, {'aspect': 'IU', 'opinion': 'menghormati para korban', 'sentiment': 'positive'}]","[{'aspect': 'IU', 'opinion': 'merasa hati nya hancur', 'sentiment': 'negative'}]","( IU, merasa hati nya hancur, negative )"
"Kepala Dinas Bina Marga dan Tata Ruang Provinsi Jawa Barat Bambang Tirtoyuliono , menjelaskan rencana pembangunan JTS masih berjalan , dan pembangunan terus dikejar karena termasuk dalam proyek strategis Jawa Barat .",,[],"[{'aspect': 'rencana pembangunan JTS', 'opinion': 'masih berjalan', 'sentiment': 'positive'}, {'aspect': 'pembangunan', 'opinion': 'terus dikejar', 'sentiment': 'positive'}]","( rencana pembangunan JTS, masih berjalan, positive ) ; ( pembangunan, terus dikejar, positive )"
"Kemarin , harga gas alam di Henry Hub ( Oklahoma , Amerika Serikat / AS ) ditutup di US$ 5,02 / MMBtu .",,[],"[{'aspect': 'harga gas alam', 'opinion': 'ditutup', 'sentiment': 'negative'}]","( harga gas alam, ditutup, negative )"
"Kajian meliputi stabilitas tanah , potensi air tanah , serta potensi kebencanaan , gerakan tanah , hingga potensi sumber daya alam yang terkandung di dalam nya .",,[],[],NONE
"Javier Bardem , Being the Ricardos Benedict Cumberbatch , The Power of the Dog Andrew Garfield , Tick , Tick ...",,[],[],NONE
"Namun , U. S Recording Academy mengumumkan pada Rabu kemarin bahwa ajang penghargaan bergengsi tersebut ditunda tanpa batas waktu yang ditentukan karena penyebaran varian Omicron COVID - 19 di seluruh negeri .",,"[{'aspect': 'ajang penghargaan bergengsi', 'opinion': 'ditunda tanpa batas waktu yang ditentukan', 'sentiment': 'negative'}]","[{'aspect': 'ajang penghargaan', 'opinion': 'ditunda tanpa batas waktu', 'sentiment': 'negative'}]","( ajang penghargaan, ditunda tanpa batas waktu, negative )"
"Kemudian , disusul oleh pendiri Grup Sinarmas dengan total kekayaan ditaksir mencapai US$ 9,7 miliar atau setara Rp 138,71 triliun .",,[],[],NONE
Adapun link live streaming MotoGP Mandalika akan tersedia pada akhir artikel ini .,,[],[],NONE
Cointelegraph menjelaskan Warner Music ingin menciptakan pengalaman bergaul di ruang digital yang melibatkan para bintang perusahaan .,,[],[],NONE
"Pada kesempatan yang sama , seniman Ratna Riantiarno menyatakan para seniman sudah siap pentas setelah vakum karena pandemi .",,"[{'aspect': 'seniman', 'opinion': 'sudah siap pentas setelah vakum', 'sentiment': 'positive'}]","[{'aspect': 'seniman', 'opinion': 'sudah siap pentas', 'sentiment': 'positive'}]","( seniman, sudah siap pentas, positive )"
"[ Gambas : Video CNN ] "" Pergerakan harga hari ini tidak didasarkan pada perubahan mendasar pada neraca gas Eropa . Namun , pendorong utama di balik kenaikan tajam TTF adalah peningkatan risiko sanksi Eropa yang menargetkan ekspor energi Rusia , "" kata Analis Gas Alam Eropa di Energy Aspects Leon Izbicki , dikutip dari Reuters , Jumat ( 4 / 3 ) .",,"[{'aspect': 'TTF', 'opinion': 'kenaikan tajam', 'sentiment': 'negative'}]","[{'aspect': 'TTF', 'opinion': 'kenaikan tajam', 'sentiment': 'negative'}, {'aspect': 'risiko sanksi Eropa', 'opinion': 'peningkatan', 'sentiment': 'negative'}]","( TTF, kenaikan tajam, negative ) ; ( risiko sanksi Eropa, peningkatan, negative )"
"Sesi latihan bebas pertama ( FP1 ) pada hari Jumat akan diawali oleh kelas Moto3 pada pukul 08.00 - 08.40 WIB , dilanjutkan Moto2 pada pukul 08.55 - 09.35 WIB .",,[],[],NONE
Ia dilaporkan menderita kejang otot yang parah sehingga membuat nya tidak bisa melanjutkan pertunjukan dalam rangkaian Courage World Tour - nya .,,[],"[{'aspect': 'pertunjukan', 'opinion': 'kejang otot yang parah', 'sentiment': 'negative'}, {'aspect': 'pertunjukan', 'opinion': 'tidak bisa melanjutkan', 'sentiment': 'negative'}]","( pertunjukan, kejang otot yang parah, negative ) ; ( pertunjukan, tidak bisa melanjutkan, negative )"
Patut diperhitungkan juga soal pengembangan yang dilakukan oleh para perusahaan teknologi untuk menyentuh Metaverse yang akan membuat peluang cuan lebih besar .,,"[{'aspect': 'Metaverse', 'opinion': 'akan membuat peluang cuan lebih besar', 'sentiment': 'positive'}]","[{'aspect': 'peluang cuan', 'opinion': 'lebih besar', 'sentiment': 'positive'}]","( peluang cuan, lebih besar, positive )"
Ini merupakan seri kedua MotoGP 2022 .,,[],[],NONE
"Sinopsis All Hail , Kisah Ahli Cuaca yang Diusir Andre Taulani dan Dinda Kirana menjadi pemeran baru , menambah keseruan sinetron yang menjadi andalan SCTV ini .",,"[{'aspect': 'sinetron', 'opinion': 'menjadi andalan SCTV', 'sentiment': 'positive'}]","[{'aspect': 'sinetron', 'opinion': 'menambah keseruan', 'sentiment': 'positive'}]","( sinetron, menambah keseruan, positive )"
"Untuk meyakinkan soal platform tersebut , Binomo menuliskan telah bersertifikat CROFR .",,[],[],NONE
"Jika masih bingung menentukan pilihan , cobalah cek 5 rekomendasi vila murah di Bali berikut ini .",,[],[],NONE
"Sebagai informasi , RUU IKN rencana nya bakal disahkn menjadi UU pada Selasa ( 18 / 1 ) .",,[],[],NONE
Jadwal MotoGP Mandalika Sabtu ( 19 / 3 / 2022 ) : FP3 hingga Kualifikasi Siaran langsung MotoGP Mandalika 2022 dapat Anda saksikan di Trans7 dan MNC Sport .,,[],[],NONE
Head in the Clouds merupakan proyek kolektif dari musisi di bawah naungan label 88rising .,,[],[],NONE
""" Ini juga masih kita detailkan , "" jelas nya .",,[],[],NONE
"Sertifikasi ini berperan sebagai jaminan ekstra bahwa penginapan tersebut telah menjaga kebersihan kesehatan , dan keselamatan lingkungan sesuai dengan protokol yang dianjurkan sesuai dengan kondisi pandemi .",,[],[],NONE
""" Pada 10 Februari , Jo Kwon melakukan tes mandiri dan mendapatkan hasil positif , sehingga ia segera pergi ke klinik kesehatan , "" kata agensi seperti dilansir tenasia , Jumat ( 11 / 2 ) .",,"[{'aspect': 'Jo Kwon', 'opinion': 'mendapatkan hasil positif', 'sentiment': 'negative'}]","[{'aspect': 'Jo Kwon', 'opinion': 'mendapatkan hasil positif', 'sentiment': 'positive'}]","( Jo Kwon, mendapatkan hasil positif, positive )"
Pernyataan Zavalny muncul setelah komentar Presiden Vladimir Putin yang menuntut agar negara-negara yang ' tidak bersahabat ' membayar gas Rusia dalam rubel .,,[],[],NONE
Ia mengatakan pembangunan JTS untuk menyempurnakan jalan existing atau yang sudah ada sebelumnya .,,"[{'aspect': 'pembangunan JTS', 'opinion': 'menyempurnakan jalan existing', 'sentiment': 'positive'}]","[{'aspect': 'pembangunan JTS', 'opinion': 'menyempurnakan jalan existing', 'sentiment': 'positive'}]","( pembangunan JTS, menyempurnakan jalan existing, positive )"
"Resmi Pensiun , Ini Data dan Fakta The Doctor Valentino Rossi ( Sumber : Kompas.com/Dandy  Bayu Bramasta , Celvin Moniaga Sipahutar | Editor : Aloysius Gonsaga AE , Inten Esti Pratiwi ) KOMPAS.com - Race atau balapan utama Pertamina Mandalika International Street Circuit akan segera digelar di Sirkuit Mandalika , Lombok Tengah , NTB .",,[],[],NONE
Mereka juga berterima kasih kepada Kim karena telah memberikan ' kebahagiaan ' .,,"[{'aspect': 'Kim', 'opinion': 'berterima kasih', 'sentiment': 'positive'}, {'aspect': 'Kim', 'opinion': ""telah memberikan ' kebahagiaan '"", 'sentiment': 'positive'}]","[{'aspect': 'Kim', 'opinion': 'memberikan  kebahagiaan', 'sentiment': 'positive'}]","( Kim, memberikan  kebahagiaan , positive )"
"Sebagai informasi , balapan MotoGP Indonesia di Sirkuit Mandalika yang memiliki panjang lintasan 4,31 km akan berlangsung 27 lap .",,[],[],NONE
"Pada 2019 , tercatat sebanyak 3,1 juta orang Indonesia yang berkunjung ke Negeri Singa .",,[],[],NONE
Proyek JTS juga menjadi perhatian dari Menko Marves Luhut Binsar Pandjaitan .,,[],"[{'aspect': 'Proyek JTS', 'opinion': 'menjadi perhatian', 'sentiment': 'positive'}]","( Proyek JTS, menjadi perhatian, positive )"
"Berikut Ini Jadwal Lengkap nya Dilansir dari laman resmi MotoGP , race atau balapan untuk kelas MotoGP akan berlangsung pada Minggu ( 20 / 3 / 2022 ) pukul 14.00 WIB .",,[],[],NONE
ASO dibagi dalam tiga tahapan jadwal untuk migrasi ke siaran TV digital .,,[],[],NONE
8 .,,[],[],NONE
""" Upaya memenuhi energi masih terus dilakukan dan potensi migas masih cukup besar . Masih sekitar 20 basin yang baru berproduksi di Indonesia , 27 basin pengeboran dan ada nya discovery ( temuan ) dan masih ada hitung-hitungan untuk masuk ke Plan of Development / PoD ( Rencana Pengembangan ) dari tingkat keekonomian , dan masih ada 69 basin belum dilakukan pengeboran , sementara 12 basin sudah dibor tapi tidak ada discovery ( temuan ) . Ini potensi yang bisa kita lihat ke depan , "" papar nya dalam konferensi pers , Senin ( 17 / 01 / 2022 ) .",,"[{'aspect': 'potensi migas', 'opinion': 'masih cukup besar', 'sentiment': 'positive'}]","[{'aspect': 'Upaya memenuhi energi', 'opinion': 'masih terus dilakukan', 'sentiment': 'positive'}, {'aspect': 'potensi migas', 'opinion': 'masih cukup besar', 'sentiment': 'positive'}, {'aspect': 'potensi migas', 'opinion': 'masih cukup besar', 'sentiment': 'positive'}]","( Upaya memenuhi energi, masih terus dilakukan, positive ) ; ( potensi migas, masih cukup besar, positive ) ; ( potensi migas, masih cukup besar, positive )"
"Bahkan tahun lalu , sejumlah musisi juga mengeluarkan surat terbuka memohon konser bisa digelar .",,[],[],NONE
""" Semua itu kita hitung dulu , nggak lama lagi bisa kita sampaikan , "" jelas Bambang .",,[],[],NONE
"Di akhir video tersebut , Adele mengatakan penampilan di Las Vegas akan dijadwalkan ulang .",,[],[],NONE
"Misalnya , Unicorn Cafe Bali by Brie yang terletak hanya sekitar 50 m saja dari lokasi vila ini .",,[],[],NONE
Pilihan tersebut disesuaikan dengan metode pembayaran yang disukai pembeli .,,[],"[{'aspect': 'metode pembayaran', 'opinion': 'disukai pembeli', 'sentiment': 'positive'}]","( metode pembayaran, disukai pembeli, positive )"
"Selain itu , imbauan tersebut juga berlaku bagi masyarakat yang tidak memiliki komorbid .",,[],[],NONE
"Kebijakan mengenai pintu masuk , tempat karantina , dan kewajiban pemeriksaan Covid - 19 yang ditetapkan oleh Satuan Tugas Penanganan Covid - 19 ; dan 5 .",,[],[],NONE
Penutupan objek wisata tersebut sudah dikeluarkan oleh Pemerintah Kabupaten Subang dengan nomor surat PR .,,[],[],NONE
""" Semoga ini menjadi kabar gembira bagi yang belum dapat tiket nya , informasi mengenai penjualan tiket akan kami umumkan dalam waktu dekat "" tambah nya .",,[],[],NONE
""" Ini akan menjadi kota dengan zero emission yang pertama , kalau bisa nanti ditindaklanjuti ke penggunaan listrik yang lainnya . Pagar Alam akan menjadi kota pertama di Indonesia yang menggunakan energi hijau , "" kata Jokowi dalam Apresiasi Kota Pagar Alam sebagai Kota Energi Hijau , Senin ( 24 / 1 ) .",,"[{'aspect': 'Pagar Alam', 'opinion': 'akan menjadi kota dengan zero emission yang pertama', 'sentiment': 'positive'}, {'aspect': 'Pagar Alam', 'opinion': 'akan menjadi kota pertama di Indonesia yang menggunakan energi hijau', 'sentiment': 'positive'}]","[{'aspect': 'Kota Pagar Alam', 'opinion': 'zero emission', 'sentiment': 'positive'}]","( Kota Pagar Alam, zero emission, positive )"
"Melonjak 6,23 % dari hari sebelumnya .",,[],[],NONE
"Sementara itu , pada akhir pekan ganjil genap ada penambahan tiga lokasi ganjil genap yaitu di sejumlah kawasan wisata seperti Taman Impian Jaya Ancol , Taman Mini Indonesia , dan Ragunan .",,[],[],NONE
"Jumlah cadangan terbukti gas ini masih bisa semakin meningkat , terutama bila kegiatan eksplorasi hulu minyak dan gas bumi ( migas ) terus digalakkan .",,"[{'aspect': 'gas', 'opinion': 'masih bisa semakin meningkat', 'sentiment': 'positive'}]","[{'aspect': 'Jumlah cadangan', 'opinion': 'masih bisa semakin meningkat', 'sentiment': 'positive'}]","( Jumlah cadangan, masih bisa semakin meningkat, positive )"
"Misalnya dari wilayah Lengkong ke Sagaranten , sekarang 99 Km , dengan JTS dibangun cukup 23 Km Ia juga menegaskan pembangunan JTS juga akan mendongkrak potensi desa wisata .",,"[{'aspect': 'JTS', 'opinion': 'cukup 23 Km', 'sentiment': 'positive'}, {'aspect': 'pembangunan JTS', 'opinion': 'akan mendongkrak potensi desa wisata', 'sentiment': 'positive'}]","[{'aspect': 'JTS', 'opinion': 'akan mendongkrak potensi desa wisata', 'sentiment': 'positive'}]","( JTS, akan mendongkrak potensi desa wisata, positive )"
"Sebab , ia merupakan kepala negara kedua yang singgah di kota tersebut setelah Proklamator sekaligus Presiden pertama RI Soekarno .",,[],[],NONE
"Kemudian , Amdal sudah terbit pada 2016 .",,[],[],NONE
"Bahkan , pada 2020 tercatat porsi impor mencapai 80 % dari total kebutuhan LPG nasional .",,"[{'aspect': 'porsi impor', 'opinion': 'mencapai 80 %', 'sentiment': 'negative'}]",[],NONE
""" IMDP telah menangkap seorang pria yang mencoba melewati garis keamanan AT & T ' s Playoff Playlist Live di Monument Circle , "" pernyataan resmi IMDP seperti diberitakan Aceshowbiz pada Minggu ( 9 / 1 ) . "" Petugas IMPD menanggapi , menggeledah tas nya dan tidak menemukan bahan peledak , "" lanjut mereka . Saat ini , pria tersebut masih ditahan dan diselidiki di kantor polisi . Polisi juga pastikan tidak ada ancaman lanjutan dan memastikan konser berlanjut sesuai rencana . Keterangan pihak berwenang lainnya menyebut pria itu berusaha menerobos antrean dalam konser dengan memberi tahu orang di sekitar nya bahwa ia memiliki bom di dalam ransel nya . Akibat kejadian tersebut , konser Doja Cat sempat tertunda beberapa saat , namun kembali berlanjut usai penangkapan . Hingga Senin ( 9 / 1 ) pihak Doja Cat belum memberikan pernyataan terkait insiden tersebut . Sebelumnya , Doja Cat harus batal tampil di sisa tur iHeartRadio Jingle Ball pada Desember lalu . Hal itu disebabkan karena diri nya positif Covid - 19 . "" Saya sedih untuk membagikan bahwa saya baru saja dites positif ( Covid - 19 ) juga dan tidak akan lagi dapat tampil di sisa iHeartRadio Jingle Ball Tour , "" tulis Doja dalam sebuah pernyataan yang dibagikan di Instagram . Doja Cat mengaku semangat nya turun karena batal tampil di konser yang akan berlangsung di Philadelphia , Washington D.C. , Atlanta , dan Miami . Namun , ia menyebut kondisi nya baik-baik saja dan berharap segera pulih . Konser anak-anak yang diselenggarakan di Korea Utara menampilkan propaganda anti- Amerika Serikat hingga pencegahan Covid - 19 .",,"[{'aspect': 'pria', 'opinion': 'mencoba melewati garis keamanan', 'sentiment': 'negative'}, {'aspect': 'Petugas IMPD', 'opinion': 'tidak menemukan bahan peledak', 'sentiment': 'positive'}, {'aspect': 'konser', 'opinion': 'tidak ada ancaman lanjutan', 'sentiment': 'positive'}, {'aspect': 'pria', 'opinion': 'berusaha menerobos antrean', 'sentiment': 'negative'}, {'aspect': 'pria', 'opinion': 'memiliki bom', 'sentiment': 'negative'}, {'aspect': 'konser Doja Cat', 'opinion': 'tertunda', 'sentiment': 'negative'}, {'aspect': 'Doja Cat', 'opinion': 'harus batal tampil', 'sentiment': 'negative'}, {'aspect': 'Doja Cat', 'opinion': 'positif Covid - 19', 'sentiment': 'negative'}, {'aspect': 'Doja Cat', 'opinion': 'positif ( Covid - 19 )', 'sentiment': 'negative'}, {'aspect': 'Doja', 'opinion': 'tidak akan lagi dapat tampil', 'sentiment': 'negative'}, {'aspect': 'Doja Cat', 'opinion': 'semangat nya turun', 'sentiment': 'negative'}, {'aspect': 'Doja Cat', 'opinion': 'batal tampil', 'sentiment': 'negative'}, {'aspect': 'Konser anak-anak', 'opinion': 'menampilkan propaganda anti- Amerika', 'sentiment': 'negative'}]","[{'aspect': 'konser', 'opinion': 'tertunda beberapa saat', 'sentiment': 'negative'}, {'aspect': 'pria', 'opinion': 'berusaha menerobos antrean', 'sentiment': 'negative'}, {'aspect': 'pria', 'opinion': 'tidak akan lagi dapat tampil di sisa iHeartRadio Jingle Ball', 'sentiment': 'negative'}, {'aspect': 'pria', 'opinion': 'tidak akan lagi dapat tampil di sisa iHeartRadio Jingle Ball', 'sentiment': 'negative'}]","( konser, tertunda beberapa saat, negative ) ; ( pria, berusaha menerobos antrean, negative ) ; ( pria, tidak akan lagi dapat tampil di sisa iHeartRadio Jingle Ball, negative ) ; ( pria, tidak akan lagi dapat tampil di sisa iHeartRadio Jingle Ball, negative )"
"Sementara itu , status vaksinasi West tidak diketahui .",,"[{'aspect': 'status vaksinasi West', 'opinion': 'tidak diketahui', 'sentiment': 'negative'}]","[{'aspect': 'status vaksinasi West', 'opinion': 'tidak diketahui', 'sentiment': 'negative'}]","( status vaksinasi West, tidak diketahui, negative )"
Prancis memimpin koalisi tahun ini yang mencakup negara-negara di Eropa Timur - wilayah yang paling bergantung pada batu bara di benua itu - untuk mendapatkan energi nuklir dan gas alam yang diklasifikasikan sebagai investasi berkelanjutan .,,[],[],NONE
"Data BPS menunjukkan , Indonesia masih mengimpor barang migas , pupuk , minyak nabati , kulit hingga tekstil .",,[],[],"( Indonesia, masih mengimpor barang migas, kulit hingga tekstil, negative )"
"Kanye menikah dengan Kim Kardashian , sosialita ternama yang menjadi bagian dari keluarga Kardashian . Pihak asosiasi promotor menilai konser musik nantinya sudah bisa dijalankan meski belum diketahui secara pasti kapan pandemi akan berakhir .",,[],"[{'aspect': 'konser musik', 'opinion': 'sudah bisa dijalankan', 'sentiment': 'positive'}]","( konser musik, sudah bisa dijalankan, positive )"
"Tayang di SCTV , Trio Gabut Kursus Imam dibintangi oleh Billy Syahputra , Ge Pamungkas dan Harta Yudana .",,[],[],NONE
Para pebalap MotoGP akan mulai mengaspal untuk menjalani sesi FP1 pada pukul 09.50 - 10.35 WIB .,,[],[],NONE
"Namun , dia mengatakan persyaratan tergantung pada status hubungan luar negeri negara pengimpor dengan Rusia .",,[],[],NONE
"Di penginapan ini , Anda bisa merasakan pengalaman berbeda menginap di kamar dengan view Monkey Forest yang langsung terhampar indah langsung di luar jendela kamar .",,"[{'aspect': 'penginapan', 'opinion': 'merasakan pengalaman berbeda', 'sentiment': 'positive'}]","[{'aspect': 'menginap', 'opinion': 'bisa merasakan pengalaman berbeda', 'sentiment': 'positive'}, {'aspect': 'view Monkey Forest', 'opinion': 'langsung terhampar indah', 'sentiment': 'positive'}]","( menginap, bisa merasakan pengalaman berbeda, positive ) ; ( view Monkey Forest, langsung terhampar indah, positive )"
Jalan Gatot Subroto 9 .,,[],[],NONE
Para penonton terlihat tidak menjaga jarak dan beberapa tak menggunakan masker .,,"[{'aspect': 'penonton', 'opinion': 'tidak menjaga jarak', 'sentiment': 'negative'}, {'aspect': 'penonton', 'opinion': 'tak menggunakan masker', 'sentiment': 'negative'}]","[{'aspect': 'penonton', 'opinion': 'tidak menjaga jarak', 'sentiment': 'negative'}, {'aspect': 'penonton', 'opinion': 'tak menggunakan masker', 'sentiment': 'negative'}]","( penonton, tidak menjaga jarak, negative ) ; ( penonton, tak menggunakan masker, negative )"
"Jumlah cadangan terbukti gas ini masih bisa semakin meningkat , terutama bila kegiatan eksplorasi hulu minyak dan gas bumi ( migas ) terus digalakkan .",,"[{'aspect': 'gas', 'opinion': 'masih bisa semakin meningkat', 'sentiment': 'positive'}]","[{'aspect': 'Jumlah cadangan', 'opinion': 'masih bisa semakin meningkat', 'sentiment': 'positive'}]","( Jumlah cadangan, masih bisa semakin meningkat, positive )"
""" Kami telah melalui begitu banyak hal dan semua itu belum siap . Saya minta maaf , "" kata Adele .",,"[{'aspect': 'Adele', 'opinion': 'belum siap', 'sentiment': 'negative'}]","[{'aspect': 'Adele', 'opinion': 'belum siap', 'sentiment': 'negative'}]","( Adele, belum siap, negative )"
"CNBC Indonesia mencatat , Raffi memiliki beberapa sumber pendapatan utama di antara nya adalah konten YouTube , acara televisi , menjadi duta merek ( brand ambassador ) hingga iklan dan endorsement dari akun Instagram .",,[],[],NONE
"Ini akan menjadi sentimen yang kuat untuk harga gas , tambah mereka .",,[],"[{'aspect': 'harga gas', 'opinion': 'kuat', 'sentiment': 'positive'}]","( harga gas, kuat, positive )"
"Sumber energi utama Kota Pagar Alam berasal dari 3 pembangkit EBT yakni Pembangkit Listrik Tenaga Minihidro ( PLTM ) Green Lahat dengan kapasitas 9,99 Megawatt , Pembangkit Listrik Tenaga Panas Bumi ( PLTP ) Lumut Balai dengan kapasitas 55 Megawatt , dan PLTP Rantau Dedap dengan kapasitas 91,2 Megawatt .",,[],[],NONE
"Sebab , tidak hanya sekali , The Fed bisa menaikkan suku bunga hingga 3 kali di tahun ini .",,"[{'aspect': 'The Fed', 'opinion': 'bisa menaikkan suku bunga hingga 3 kali', 'sentiment': 'negative'}]","[{'aspect': 'The Fed', 'opinion': 'bisa menaikkan suku bunga hingga 3 kali', 'sentiment': 'positive'}]","( The Fed, bisa menaikkan suku bunga hingga 3 kali, positive )"
"Menurut nya , tak ada hal yang perlu dikhawatirkan terkait hal itu .",,[],"[{'aspect': 'hal itu', 'opinion': 'tak ada hal yang perlu dikhawatirkan', 'sentiment': 'positive'}]","( hal itu, tak ada hal yang perlu dikhawatirkan, positive )"
""" Apabila salah satu izin nya tak keluar , maka konser tidak boleh dilaksanakan , "" kata Asep . BTS akan melanjutkan konser Permission to Dance di Las Vegas , Amerika Serikat .",,[],[],NONE
Face ID iPhone SE 3 juga dikabarkan akan memiliki fitur Face ID .,,[],[],NONE
"Di Indonesia , Badan Pengawas Perdagangan Berjangka Komoditi ( Bappebti ) memasukkan Binomo dalam daftar investasi bodong karena tidak terdaftar dan berizin dari regulator tanah air .",,"[{'aspect': 'Binomo', 'opinion': 'investasi bodong', 'sentiment': 'negative'}, {'aspect': 'Binomo', 'opinion': 'tidak terdaftar dan berizin', 'sentiment': 'negative'}]","[{'aspect': 'Binomo', 'opinion': 'daftar investasi bodong', 'sentiment': 'negative'}, {'aspect': 'Binomo', 'opinion': 'tidak terdaftar dan berizin', 'sentiment': 'negative'}]","( Binomo, daftar investasi bodong, negative ) ; ( Binomo, tidak terdaftar dan berizin, negative )"
"Ketua Satgas Waspada Investasi Tongam Lumban Tobing berkata , aktivitas platform Binomo Cs tidak bisa dikatakan sebagai trading karena tak ada barang yang diperdagangkan di sana .",,"[{'aspect': 'platform Binomo Cs', 'opinion': 'tidak bisa dikatakan sebagai trading', 'sentiment': 'negative'}, {'aspect': 'platform Binomo Cs', 'opinion': 'tak ada barang yang diperdagangkan', 'sentiment': 'negative'}]","[{'aspect': 'aktivitas platform Binomo Cs', 'opinion': 'tidak bisa dikatakan sebagai trading', 'sentiment': 'negative'}]","( aktivitas platform Binomo Cs, tidak bisa dikatakan sebagai trading, negative )"
""" Kita akan membuat , mewujudkan , obsesi seperti apa yang ada di BSD atau di Alam Sutera . Arti nya , bukanlah sesuatu yang mustahil , sesuatu yang tidak kita wujudkan sebuah ibu kota negara baru ditempatkan di Kalimantan Timur , "" ujar nya .",,[],[],NONE
"Sebagai informasi , sejak 2012 , hulu migas sudah mulai memasok gas alam cair untuk kebutuhan dalam negeri .",,[],[],NONE
Pemerintah Inggris telah memblokir kapal pengiriman dari Rusia .,,"[{'aspect': 'Pemerintah Inggris', 'opinion': 'memblokir kapal pengiriman dari Rusia', 'sentiment': 'negative'}]","[{'aspect': 'Pemerintah Inggris', 'opinion': 'memblokir kapal pengiriman dari Rusia', 'sentiment': 'negative'}]","( Pemerintah Inggris, memblokir kapal pengiriman dari Rusia, negative )"
iPhone SE 3 juga akan dapat beberapa pembaruan .,,[],[],NONE
Akan tetapi belum diketahui apakah Mandra akan ikut bermain bersama Rano Karno di sinetron yang tayang di RCTI ini .,,[],[],NONE
"Uang itu dimaksudkan sebagai ' Pelumas ' , istilah yang terungkap dalam pengadilan , agar meloloskan proyek Wisma Atlet SEA Games Palembang , Sumatera Selatan , senilai Rp 191 miliar . Istilah healing kerap disampaikan anak muda masa kini ketika ingin berlibur untuk menghilangkan stres dari aktivitas sehari-hari .",,[],"[{'aspect': 'Anak muda masa kini', 'opinion': 'menghilangkan stres', 'sentiment': 'positive'}]","( Anak muda masa kini, menghilangkan stres, positive )"
Acara bergengsi itu dihadiri secara langsung oleh para nominee dan sejumlah selebritas dunia yang sebelumnya telah berpose di karpet merah .,,[],"[{'aspect': 'acara', 'opinion': 'bergengsi', 'sentiment': 'positive'}]","( acara, bergengsi, positive )"
"Padahal , bila jargas ini digalakkan dan juga industri / komersial menggunakan gas alam , maka tentunya ini bisa berperan mengurangi pemakaian LPG , dan pada akhirnya bisa berkontribusi mengurangi impor LPG .",,"[{'aspect': 'jargas', 'opinion': 'bisa berperan mengurangi pemakaian LPG', 'sentiment': 'positive'}, {'aspect': 'jargas', 'opinion': 'bisa berkontribusi mengurangi impor LPG', 'sentiment': 'positive'}]","[{'aspect': 'jargas', 'opinion': 'bisa berperan mengurangi pemakaian LPG', 'sentiment': 'positive'}, {'aspect': 'jargas', 'opinion': 'bisa berkontribusi mengurangi impor LPG', 'sentiment': 'positive'}]","( jargas, bisa berperan mengurangi pemakaian LPG, positive ) ; ( jargas, bisa berkontribusi mengurangi impor LPG, positive )"
"Agensi itu tidak hanya terkenal di negara asal nya , Korea Selatan , tetapi juga di Indonesia , melalui sejumlah musisi yang hit seperti Super Junior , Girls ' Generation , atau pun SHINee . Agensi yang didirikan oleh Lee Soo Man pada 1995 tersebut juga dianggap sebagai salah satu perusahaan yang sukses membawa gelombang budaya Korea alias hallyu ke ranah internasional . Mantan anggota DPR dari Fraksi Partai Demokrat Angelina Sondakh alias Angie diizinkan keluar kota untuk keperluan keluarga , pribadi , maupun pekerjaan saat masa cuti jelang bebas murni .",,"[{'aspect': 'Agensi', 'opinion': 'terkenal', 'sentiment': 'positive'}, {'aspect': 'Agensi', 'opinion': 'sukses membawa gelombang budaya Korea alias hallyu', 'sentiment': 'positive'}, {'aspect': 'Angelina Sondakh', 'opinion': 'diizinkan keluar kota', 'sentiment': 'positive'}]","[{'aspect': 'Agensi', 'opinion': 'sukses membawa gelombang budaya Korea alias hallyu ke ranah internasional', 'sentiment': 'positive'}, {'aspect': 'Agensi', 'opinion': 'sukses membawa gelombang budaya Korea alias hallyu ke ranah internasional', 'sentiment': 'positive'}]","( Agensi, sukses membawa gelombang budaya Korea alias hallyu ke ranah internasional, positive ) ; ( Agensi, sukses membawa gelombang budaya Korea alias hallyu ke ranah internasional, positive )"
Asep pun memastikan di lokasi saat ini tidak ada lagi keramaian .,,[],"[{'aspect': 'Asep', 'opinion': 'memastikan', 'sentiment': 'positive'}, {'aspect': 'Asep', 'opinion': 'tidak ada lagi keramaian', 'sentiment': 'positive'}]","( Asep, memastikan, positive ) ; ( Asep, tidak ada lagi keramaian, positive )"
Beberapa PSN penghasil gas tersebut antara lain : 1 Proyek Gas Laut Dalam ( Indonesia Deepwater Development / IDD ) Masih ada dua hub yang belum diproduksi yaitu Gendalo dan Gehem Hub .,,[],[],NONE
Kementerian Kominfo juga telah memaparkan mekanisme pembagian STB dalam Rapat Dengar Pendapat dengan Komisi I beberapa waktu lalu .,,[],[],NONE
Hal ini tertuang dalam Instruksi Menteri Dalam Negeri ( Inmendagri ) 18 / 2022 .,,[],[],NONE
"Dia menjelaskan , permasalahan energi untuk PLN ini sebenarnya telah dibahas sejak tahun lalu .",,[],[],NONE
"Konser yang semula dijadwalkan pada 3 November mendatang juga akan digelar satu hari sebelumnya , 2 November 2022 di lokasi yang sama , Stadion Madya Gelora Bung Karno .",,[],[],NONE
"Bas Eickhout , seorang anggota parlemen Hijau dari Belanda , mengatakan bahwa mengklasifikasikan gas alam sebagai investasi hijau akan berarti "" seluruh kepemimpinan iklim Uni Eropa menjadi sia-sia . "" Eickhout menambahkan : "" Hal itu juga akan mengirimkan sinyal yang salah ke dunia . Jika Eropa mulai menyerukan gas sebagai investasi hijau , lalu apa alasan bagi Uni Afrika untuk tidak sepenuh nya menggunakan gas juga ? "" Dia mengatakan debat telah menjadi "" pertarungan proksi "" di antara para pemimpin nasional untuk masa depan energi di blok tersebut .",,[],"[{'aspect': 'kepemimpinan iklim', 'opinion': 'menjadi sia-sia', 'sentiment': 'negative'}]","( kepemimpinan iklim, menjadi sia-sia, negative )"
"Sejak itu , dia telah mengeluarkan banyak album dan bahkan merambah ke dunia seni peran dengan membintangi sejumlah serial yang disukai para penggemar . Jakarta , CNBC Indonesia - Sebagian orang geleng-geleng kepala ketika sejumlah investor dan artis memutuskan untuk membeli kavling tanah di Metaverse .",,[],"[{'aspect': 'album', 'opinion': 'mengeluarkan banyak', 'sentiment': 'positive'}, {'aspect': 'serial', 'opinion': 'disukai para penggemar', 'sentiment': 'positive'}]","( album, mengeluarkan banyak, positive ) ; ( serial, disukai para penggemar, positive )"
"Keputusan menunda Grammy Awards 2022 diambil lewat pertimbangan dan analisis yang cermat dengan berbagai pihak , termasuk pejabat setempat hingga sejumlah pakar kesehatan . SMTOWN LIVE 2022 menjadi konser daring Korea yang paling banyak disaksikan secara streaming .",,"[{'aspect': 'Grammy Awards 2022', 'opinion': 'menunda', 'sentiment': 'negative'}, {'aspect': 'pertimbangan', 'opinion': 'cermat', 'sentiment': 'positive'}, {'aspect': 'SMTOWN LIVE 2022', 'opinion': 'paling banyak disaksikan secara streaming', 'sentiment': 'positive'}]","[{'aspect': 'Grammy Awards 2022', 'opinion': 'paling banyak disaksikan secara streaming', 'sentiment': 'positive'}]","( Grammy Awards 2022, paling banyak disaksikan secara streaming, positive )"
Salah satu nya kunjungan kerja Pansus RUU IKN DPR ke Kazakhstan pada 2 - 5 Januari 2022 .,,[],[],NONE
Ketua DPR Puan Maharani mengaku sedang menunggu hasil pembahasan Pansus RUU IKN DPR dengan pemerintah terkait pasal-pasal yang dituangkan di draf RUU IKN .,,[],[],NONE
Junine Yurio mengungkapkan bahwa perusahaan telah menjual 100 pulau pribadi virtual tahun lalu masing-masing seharga US$ 15.000 .,,"[{'aspect': 'perusahaan', 'opinion': 'telah menjual 100 pulau pribadi virtual', 'sentiment': 'positive'}]",[],NONE
"Berikut nya , Jawa Tengah dengan 159 kejadian , dan Jawa Timur dengan 130 kejadian .",,[],[],NONE
Polisi pun menempelkan spanduk penyitaan di lokasi tersebut .,,[],[],NONE
""" Kita percaya hasil vaksinasi kita , dosis 1 maupun 2 berjalan baik . Disiplin kita juga selama jalan baik . Kemudian penanganan komorbid , "" jelas nya .",,"[{'aspect': 'vaksinasi', 'opinion': 'berjalan baik', 'sentiment': 'positive'}, {'aspect': 'Disiplin', 'opinion': 'selama jalan baik', 'sentiment': 'positive'}]","[{'aspect': 'hasil vaksinasi', 'opinion': 'berjalan baik', 'sentiment': 'positive'}, {'aspect': 'Disiplin', 'opinion': 'selama jalan baik', 'sentiment': 'positive'}]","( hasil vaksinasi, berjalan baik, positive ) ; ( Disiplin, selama jalan baik, positive )"
"Masyarakat , kata Luhut , harus tetap waspada .",,[],[],NONE
"Ini merupakan tanggapan atas keputusan Berlin bulan lalu untuk menghentikan pembukaan pipa Nord Stream 2 baru yang kontroversial Jakarta , CNBC Indonesia - Harga minyak dunia kembali ambles , pelemahan harga minyak dunia terjadi menyusul ada nya kebijakan Presiden Amerika Serikat Joe Biden .",,"[{'aspect': 'Harga minyak dunia', 'opinion': 'kembali ambles', 'sentiment': 'negative'}]","[{'aspect': 'Harga minyak dunia', 'opinion': 'kembali ambles', 'sentiment': 'negative'}, {'aspect': 'Harga minyak dunia', 'opinion': 'pelemahan harga minyak dunia', 'sentiment': 'negative'}]","( Harga minyak dunia, kembali ambles, negative ) ; ( Harga minyak dunia, pelemahan harga minyak dunia, negative )"
