text,target,raw_prediction,editdistance_prediction
"Tlnglah pak @kemdikbud_RI penyebaran kuota bljr nya lebih merata, soalnya sy blm dpt kuota",[],"[{'aspect': 'penyebaran kuota', 'opinion': 'bljr nya lebih merata', 'sentiment': 'positive'}, {'aspect': 'kuota', 'opinion': 'blm dpt', 'sentiment': 'negative'}]","[{'aspect': 'penyebaran kuota', 'opinion': 'bljr nya lebih merata,', 'sentiment': 'positive'}, {'aspect': 'kuota', 'opinion': 'blm dpt', 'sentiment': 'negative'}]"
"Secara fungsi berfungsi dengan baik , hanya saja sebaiknya step step dalam pembayaran disederhanakan karena my pertamina RIBET BANGET BGST . Karena membayar melalui apps membutuhkan waktu yang lebih lama dibandingkan tunai . Tinggal User Experience nya yg dipersingkat","[{'aspect': 'pembayaran', 'opinion': 'RIBET BANGET', 'sentiment': 'negative'}, {'aspect': 'my pertamina', 'opinion': 'berfungsi dengan baik', 'sentiment': 'positive'}, {'aspect': 'my pertamina', 'opinion': 'BGST', 'sentiment': 'negative'}, {'aspect': 'membayar', 'opinion': 'membutuhkan waktu yang lebih lama', 'sentiment': 'negative'}]","[{'aspect': 'fungsi', 'opinion': 'berfungsi dengan baik', 'sentiment': 'positive'}, {'aspect': 'pembayaran', 'opinion': 'memakan waktu yang lebih lama', 'sentiment': 'negative'}, {'aspect': 'User Experience', 'opinion': 'dipersingkat', 'sentiment': 'negative'}]","[{'aspect': 'fungsi', 'opinion': 'berfungsi dengan baik', 'sentiment': 'positive'}, {'aspect': 'pembayaran', 'opinion': 'membutuhkan waktu yang lebih lama', 'sentiment': 'negative'}, {'aspect': 'User Experience', 'opinion': 'dipersingkat', 'sentiment': 'negative'}]"
"isi survei online dapet pulsa 10k butuh 1 bulan, dan harus rajin ngisi. NGGAK CUMAN INSTALL 1 APK",[],"[{'aspect': 'isi survei online', 'opinion': 'dapet pulsa 10k butuh 1 bulan', 'sentiment': 'positive'}, {'aspect': 'isi survei online', 'opinion': 'harus rajin ngisi.', 'sentiment': 'negative'}]","[{'aspect': 'isi survei online', 'opinion': 'dapet pulsa 10k butuh 1 bulan,', 'sentiment': 'positive'}, {'aspect': 'isi survei online', 'opinion': 'harus rajin ngisi.', 'sentiment': 'negative'}]"
"Problem Pembelajaran Jarak jauh ( PBJJ ) bukan sekadar persoalan teknologi , tapi lebih ke persoalan pedagogi . Guru gagal menyampaikain pelajaran dengan baik . Imbas nya , nilai ujian siswa anjlok selama penerapan pjj .","[{'aspect': 'menyampaikain pelajaran', 'opinion': 'gagal menyampaikain pelajaran dengan baik', 'sentiment': 'negative'}, {'aspect': 'nilai', 'opinion': 'anjlok', 'sentiment': 'negative'}]","[{'aspect': 'Guru', 'opinion': 'tidak mampu menyampaikain pelajaran dengan baik', 'sentiment': 'negative'}, {'aspect': 'menyampaikain pelajaran', 'opinion': 'gagal', 'sentiment': 'negative'}, {'aspect': 'nilai', 'opinion': 'anjlok', 'sentiment': 'negative'}]","[{'aspect': 'Guru', 'opinion': 'guru gagal menyampaikain pelajaran dengan baik', 'sentiment': 'negative'}, {'aspect': 'menyampaikain pelajaran', 'opinion': 'gagal', 'sentiment': 'negative'}, {'aspect': 'nilai', 'opinion': 'anjlok', 'sentiment': 'negative'}]"
"mohon ditindaklanjuti. Tanggal 02 Juli saya beli Pertamax dg menggunakan aplikasi my Pertamina tapi gagal, akhirnya saya bayar cash. Tetapi setelah sampai di rumah,saya cek saldo Link saya sudah terpotong.",[],"[{'aspect': 'beli Pertamax', 'opinion': 'gagal', 'sentiment': 'negative'}]","[{'aspect': 'beli Pertamax', 'opinion': 'gagal,', 'sentiment': 'negative'}]"
"Rasanya Entrasol Quick Start lumayan oke lah yah , .. harga nya juga bersahabat dan mudah di cari juga di mini mart terdekat , ...","[{'aspect': 'Rasanya', 'opinion': 'lumayan oke', 'sentiment': 'positive'}, {'aspect': 'harga', 'opinion': 'bersahabat', 'sentiment': 'positive'}, {'aspect': 'di cari', 'opinion': 'mudah', 'sentiment': 'positive'}]","[{'aspect': 'Rasa', 'opinion': 'lumayan oke', 'sentiment': 'positive'}, {'aspect': 'harga', 'opinion': 'bersahabat', 'sentiment': 'positive'}, {'aspect': 'di cari', 'opinion': 'mudah', 'sentiment': 'positive'}]","[{'aspect': 'rasanya', 'opinion': 'lumayan oke', 'sentiment': 'positive'}, {'aspect': 'harga', 'opinion': 'bersahabat', 'sentiment': 'positive'}, {'aspect': 'di cari', 'opinion': 'mudah', 'sentiment': 'positive'}]"
@BlibliCare halo min ini semalem saya isi emoney di blibli pembayaran menggunakan gopay 200k tapi kok barusan saya cek di indomaret saldonya blm masuk ya? tp transaksi sukses. tlg konfrimasinya,[],"[{'aspect': 'saldo', 'opinion': 'blm masuk', 'sentiment': 'negative'}]","[{'aspect': 'halo', 'opinion': 'blm masuk', 'sentiment': 'negative'}]"
Mo nanya dehh guyss kalau aloclair gel itu obat apa sihh? masa kemarin bokap gue beli obat itu tapi ga tau kegunaannya apa zzz,[],"[{'aspect': 'kegunaan', 'opinion': 'ga tau', 'sentiment': 'negative'}]","[{'aspect': 'kegunaannya', 'opinion': 'ga tau', 'sentiment': 'negative'}]"
"Mendapatkan vaksin bukan berarti kita secara otomatis akan terbebas dari virus corona. Pasalnya, perlu waktu agar vaksin bisa bekerja untuk menciptakan antibodi melawan Covid-19 ini.",[],"[{'aspect': 'Mendapatkan vaksin', 'opinion': 'bukan berarti kita secara otomatis akan terbebas dari virus corona', 'sentiment': 'negative'}, {'aspect': 'vaksin', 'opinion': 'perlu waktu', 'sentiment': 'positive'}]","[{'aspect': 'Mendapatkan vaksin', 'opinion': 'bukan berarti kita secara otomatis akan terbebas dari virus corona.', 'sentiment': 'negative'}, {'aspect': 'vaksin', 'opinion': 'perlu waktu', 'sentiment': 'positive'}]"
"Gojek Driver sangat ramah , penjemputan nya cepat , kemampuan mengendara nya bagus dan nyaman , tidak terlalu lambat ataupun ngebut . Driver juga sangat baik membolehkan penumpang untuk berhenti sebentar jika ada yang ingin di beli di tepi jalan . Terimakasih , pertahankan pelayanan baik ini","[{'aspect': 'Driver', 'opinion': 'sangat ramah', 'sentiment': 'positive'}, {'aspect': 'Driver', 'opinion': 'tidak terlalu lambat ataupun ngebut', 'sentiment': 'positive'}, {'aspect': 'penjemputan', 'opinion': 'cepat', 'sentiment': 'positive'}, {'aspect': 'kemampuan mengendara', 'opinion': 'bagus', 'sentiment': 'positive'}, {'aspect': 'kemampuan mengendara', 'opinion': 'nyaman', 'sentiment': 'positive'}, {'aspect': 'Driver', 'opinion': 'sangat baik', 'sentiment': 'positive'}, {'aspect': 'Driver', 'opinion': 'membolehkan penumpang untuk berhenti sebentar', 'sentiment': 'positive'}, {'aspect': 'pelayanan', 'opinion': 'baik', 'sentiment': 'positive'}]","[{'aspect': 'Driver', 'opinion': 'sangat ramah', 'sentiment': 'positive'}, {'aspect': 'penjemputan', 'opinion': 'cepat', 'sentiment': 'positive'}, {'aspect': 'kemampuan mengendara', 'opinion': 'bagus', 'sentiment': 'positive'}, {'aspect': 'kemampuan mengendara', 'opinion': 'nyaman', 'sentiment': 'positive'}, {'aspect': 'kemampuan mengendara', 'opinion': 'tidak terlalu lambat ataupun ngebut', 'sentiment': 'positive'}, {'aspect': 'Driver', 'opinion': 'sangat baik memperbolehkan penumpang untuk berhenti sebentar', 'sentiment': 'positive'}, {'aspect': 'Driver', 'opinion': 'melarang penumpang untuk berhenti sebentar', 'sentiment': 'positive'}]","[{'aspect': 'Driver', 'opinion': 'sangat ramah', 'sentiment': 'positive'}, {'aspect': 'penjemputan', 'opinion': 'cepat', 'sentiment': 'positive'}, {'aspect': 'kemampuan mengendara', 'opinion': 'bagus', 'sentiment': 'positive'}, {'aspect': 'kemampuan mengendara', 'opinion': 'nyaman', 'sentiment': 'positive'}, {'aspect': 'kemampuan mengendara', 'opinion': 'tidak terlalu lambat ataupun ngebut', 'sentiment': 'positive'}, {'aspect': 'Driver', 'opinion': 'sangat baik membolehkan penumpang untuk berhenti sebentar', 'sentiment': 'positive'}, {'aspect': 'Driver', 'opinion': 'membolehkan penumpang untuk berhenti sebentar', 'sentiment': 'positive'}]"
"Kurang nikmat dan ga enak sekali rasanya lovamil tuh cukup sekali saja saya mencoba nya karna terlalu manis dan kurang nikmat rasanya sejauh ini kurang bagus , kandungan nya juga kurang lengkap","[{'aspect': 'rasanya', 'opinion': 'Kurang nikmat', 'sentiment': 'negative'}, {'aspect': 'rasanya', 'opinion': 'ga enak sekali', 'sentiment': 'negative'}, {'aspect': 'rasanya', 'opinion': 'terlalu manis', 'sentiment': 'negative'}, {'aspect': 'rasanya', 'opinion': 'kurang nikmat', 'sentiment': 'negative'}, {'aspect': 'rasanya', 'opinion': 'kurang bagus', 'sentiment': 'negative'}, {'aspect': 'kandungan', 'opinion': 'kurang lengkap', 'sentiment': 'negative'}]","[{'aspect': 'rasanya', 'opinion': 'Kurang nikmat', 'sentiment': 'negative'}, {'aspect': 'mencoba', 'opinion': 'terlalu manis', 'sentiment': 'negative'}, {'aspect': 'mencoba', 'opinion': 'kurang enak', 'sentiment': 'negative'}, {'aspect': 'kandungan', 'opinion': 'kurang lengkap', 'sentiment': 'negative'}]","[{'aspect': 'rasanya', 'opinion': 'Kurang nikmat', 'sentiment': 'negative'}, {'aspect': 'mencoba', 'opinion': 'terlalu manis', 'sentiment': 'negative'}, {'aspect': 'mencoba', 'opinion': 'kurang lengkap', 'sentiment': 'negative'}, {'aspect': 'kandungan', 'opinion': 'kurang lengkap', 'sentiment': 'negative'}]"
"Saya mencoba memakai My Pertamina di 3 SPBU, hanya satu SPBU yang dengan baik merespon. Sedang di dua SPBU yang lain, petugasnya menyatakan tidak bisa transaksi dengan My Pertamina.",[],"[{'aspect': 'memakai', 'opinion': 'dengan baik merespon', 'sentiment': 'positive'}, {'aspect': 'transaksi', 'opinion': 'tidak bisa', 'sentiment': 'negative'}]","[{'aspect': 'memakai', 'opinion': 'dengan baik merespon.', 'sentiment': 'positive'}, {'aspect': 'transaksi', 'opinion': 'tidak bisa', 'sentiment': 'negative'}]"
"Aplikasi my pertamina dibuat dengan sangat rapi dan baik , pembeli senang nih . Tapi transaksi nya repot banget kesel !","[{'aspect': 'my pertamina', 'opinion': 'sangat rapi', 'sentiment': 'positive'}, {'aspect': 'my pertamina', 'opinion': 'baik', 'sentiment': 'positive'}, {'aspect': 'my pertamina', 'opinion': 'senang', 'sentiment': 'positive'}, {'aspect': 'transaksi', 'opinion': 'repot banget', 'sentiment': 'negative'}, {'aspect': 'transaksi', 'opinion': 'kesel', 'sentiment': 'negative'}]","[{'aspect': 'My pertamina', 'opinion': 'sangat rapi', 'sentiment': 'positive'}, {'aspect': 'my pertamina', 'opinion': 'baik', 'sentiment': 'positive'}, {'aspect': 'my pertamina', 'opinion': 'senang', 'sentiment': 'positive'}, {'aspect': 'transaksi', 'opinion': 'repot banget kesel', 'sentiment': 'negative'}]","[{'aspect': 'my pertamina', 'opinion': 'sangat rapi', 'sentiment': 'positive'}, {'aspect': 'my pertamina', 'opinion': 'baik', 'sentiment': 'positive'}, {'aspect': 'my pertamina', 'opinion': 'senang', 'sentiment': 'positive'}, {'aspect': 'transaksi', 'opinion': 'repot banget kesel', 'sentiment': 'negative'}]"
"Saya pernah coba belanja pertama kali d bli bli com. Setelah Brg nyampe trus saya mau mengkonfirmasi bahwa brg tsb nyampe, eh tau2 udah otomatis transaksi selesai. Ngga ada tenggat waktunya, yg saya khawatir siapa tahu brg yg kita pesan rusak, maka kita nggak bisa komplain. Itu aja kekurangan nya. Tolong d perbaiki",[],"[{'aspect': 'transaksi', 'opinion': 'selesai. Ngga ada tenggat waktunya', 'sentiment': 'negative'}, {'aspect': 'transaksi', 'opinion': 'nggak bisa komplain', 'sentiment': 'negative'}]","[{'aspect': 'transaksi', 'opinion': 'selesai. ngga ada tenggat waktunya,', 'sentiment': 'negative'}, {'aspect': 'transaksi', 'opinion': 'nggak bisa komplain.', 'sentiment': 'negative'}]"
"Johnson ' s Baby Powder Blossoms bedak nya baby yg kurang enak dipakai . Wangi nya kurang lembut , efek nya bikin iritasi di kulit baby juga , menurut ku sih kurang top lah produk nya johnson ' s baby yg ini ,","[{'aspect': ""Johnson ' s Baby Powder Blossoms"", 'opinion': 'kurang top', 'sentiment': 'negative'}, {'aspect': 'dipakai', 'opinion': 'kurang enak', 'sentiment': 'negative'}, {'aspect': 'Wangi', 'opinion': 'kurang lembut', 'sentiment': 'negative'}, {'aspect': 'efek', 'opinion': 'bikin iritasi di kulit baby', 'sentiment': 'negative'}]","[{'aspect': 'dipakai', 'opinion': 'kurang enak', 'sentiment': 'negative'}, {'aspect': 'Wangi', 'opinion': 'kurang lembut', 'sentiment': 'negative'}, {'aspect': 'efek', 'opinion': 'bikin iritasi', 'sentiment': 'negative'}, {'aspect': 'johnson  s baby', 'opinion': 'kurang top', 'sentiment': 'negative'}]","[{'aspect': 'dipakai', 'opinion': 'kurang enak', 'sentiment': 'negative'}, {'aspect': 'Wangi', 'opinion': 'kurang lembut', 'sentiment': 'negative'}, {'aspect': 'efek', 'opinion': 'bikin iritasi', 'sentiment': 'negative'}, {'aspect': ""johnson ' s baby"", 'opinion': 'kurang top', 'sentiment': 'negative'}]"
"Aplikasi my pertamina ini keren banget , menjawab semua keluhan customer yang antre nya gak mufakat . Plis tapi ini yang tau cuma segelintir orang alias gak ada publikasi luas soal penggunaan my pertamina . Ditambah mesin yang di pom sering error .","[{'aspect': 'my pertamina', 'opinion': 'keren banget', 'sentiment': 'positive'}, {'aspect': 'my pertamina', 'opinion': 'menjawab semua keluhan customer', 'sentiment': 'positive'}, {'aspect': 'publikasi', 'opinion': 'gak ada', 'sentiment': 'negative'}, {'aspect': 'my pertamina', 'opinion': 'yang tau cuma segelintir orang', 'sentiment': 'negative'}, {'aspect': 'mesin', 'opinion': 'sering error', 'sentiment': 'negative'}]","[{'aspect': 'My pertamina', 'opinion': 'keren banget', 'sentiment': 'positive'}, {'aspect': 'My pertamina', 'opinion': 'menjawab semua keluhan customer yang antre nya gak mufakat', 'sentiment': 'negative'}, {'aspect': 'my pertamina', 'opinion': 'gak ada publikasi luas', 'sentiment': 'negative'}, {'aspect': 'mesin', 'opinion': 'sering error', 'sentiment': 'negative'}]","[{'aspect': 'my pertamina', 'opinion': 'keren banget', 'sentiment': 'positive'}, {'aspect': 'my pertamina', 'opinion': 'menjawab semua keluhan customer yang antre nya gak mufakat', 'sentiment': 'negative'}, {'aspect': 'my pertamina', 'opinion': 'gak ada publikasi luas', 'sentiment': 'negative'}, {'aspect': 'mesin', 'opinion': 'sering error', 'sentiment': 'negative'}]"
"Sumpah , biaya wisuda emang mahal kaya gini ya ??? kan cuma online , kuliah online jg gak bener . duh gusti hamba merasa rugi dengan kuliah online , materi gk maksimal , wisuda mahal . Kuliah offline lebih bagus . materi paham , biarpun biaya wisuda mahal , tapi tetep seru .","[{'aspect': 'biaya', 'opinion': 'mahal', 'sentiment': 'negative'}, {'aspect': 'kuliah online', 'opinion': 'gak bener', 'sentiment': 'negative'}, {'aspect': 'kuliah online', 'opinion': 'rugi', 'sentiment': 'negative'}, {'aspect': 'materi', 'opinion': 'gk maksimal', 'sentiment': 'negative'}, {'aspect': 'wisuda', 'opinion': 'mahal', 'sentiment': 'negative'}, {'aspect': 'Kuliah offline', 'opinion': 'lebih bagus', 'sentiment': 'positive'}, {'aspect': 'materi', 'opinion': 'paham', 'sentiment': 'positive'}, {'aspect': 'wisuda', 'opinion': 'tetep seru', 'sentiment': 'positive'}]","[{'aspect': 'biaya wisuda', 'opinion': 'mahal', 'sentiment': 'negative'}, {'aspect': 'kuliah online', 'opinion': 'gak bener', 'sentiment': 'negative'}, {'aspect': 'kuliah online', 'opinion': 'merasa rugi', 'sentiment': 'negative'}, {'aspect': 'materi', 'opinion': 'gk maksimal', 'sentiment': 'negative'}, {'aspect': 'materi', 'opinion': 'paham', 'sentiment': 'negative'}, {'aspect': 'Biaya wisuda', 'opinion': 'mahal', 'sentiment': 'negative'}]","[{'aspect': 'biaya wisuda', 'opinion': 'mahal', 'sentiment': 'negative'}, {'aspect': 'kuliah online', 'opinion': 'gak bener', 'sentiment': 'negative'}, {'aspect': 'kuliah online', 'opinion': 'merasa rugi', 'sentiment': 'negative'}, {'aspect': 'materi', 'opinion': 'gk maksimal', 'sentiment': 'negative'}, {'aspect': 'materi', 'opinion': 'paham', 'sentiment': 'negative'}, {'aspect': 'biaya wisuda', 'opinion': 'mahal', 'sentiment': 'negative'}]"
"Pagi ini di Kec. Jombang, Penggerak PKB berusaha terus membantu menurunkan laju Covid 19. Semangat",[],"[{'aspect': 'Penggerak PKB', 'opinion': 'berusaha terus membantu menurunkan laju Covid 19', 'sentiment': 'positive'}]","[{'aspect': 'Penggerak PKB', 'opinion': 'berusaha terus membantu menurunkan laju covid 19.', 'sentiment': 'positive'}]"
"Pengiriman cepat ga pake lama , Slalu PUAS ! ! ! Harga terjangkau , Packing sllu safety dan rapu , Dan yg terpenting min belanja 50 rb sllu freeong / nambah ongkir sdkit aja thanks blibli .","[{'aspect': 'Pengiriman', 'opinion': 'cepat', 'sentiment': 'positive'}, {'aspect': 'Pengiriman', 'opinion': 'ga pake lama', 'sentiment': 'positive'}, {'aspect': 'Harga', 'opinion': 'terjangkau', 'sentiment': 'positive'}, {'aspect': 'Packing', 'opinion': 'sllu safety', 'sentiment': 'positive'}, {'aspect': 'Packing', 'opinion': 'rapu', 'sentiment': 'positive'}, {'aspect': 'ongkir', 'opinion': 'sllu freeong', 'sentiment': 'positive'}, {'aspect': 'ongkir', 'opinion': 'nambah ongkir sdkit aja', 'sentiment': 'positive'}, {'aspect': 'blibli', 'opinion': 'PUAS', 'sentiment': 'positive'}]","[{'aspect': 'Pengiriman', 'opinion': 'cepat', 'sentiment': 'positive'}, {'aspect': 'Pengiriman', 'opinion': 'ga pake lama', 'sentiment': 'positive'}, {'aspect': 'Pengiriman', 'opinion': 'Slalu PUAS', 'sentiment': 'positive'}, {'aspect': 'Pengiriman', 'opinion': 'Slalu PUAS', 'sentiment': 'positive'}, {'aspect': 'Harga', 'opinion': 'terjangkau', 'sentiment': 'positive'}, {'aspect': 'Packing', 'opinion': 'safety', 'sentiment': 'positive'}, {'aspect': 'Packing', 'opinion': 'rapi', 'sentiment': 'positive'}, {'aspect': 'ongkir', 'opinion': 'nambah ongkir sdkit', 'sentiment': 'positive'}]","[{'aspect': 'Pengiriman', 'opinion': 'cepat', 'sentiment': 'positive'}, {'aspect': 'Pengiriman', 'opinion': 'ga pake lama', 'sentiment': 'positive'}, {'aspect': 'Pengiriman', 'opinion': 'Slalu PUAS', 'sentiment': 'positive'}, {'aspect': 'Pengiriman', 'opinion': 'Slalu PUAS', 'sentiment': 'positive'}, {'aspect': 'Harga', 'opinion': 'terjangkau', 'sentiment': 'positive'}, {'aspect': 'Packing', 'opinion': 'safety', 'sentiment': 'positive'}, {'aspect': 'Packing', 'opinion': 'rapu', 'sentiment': 'positive'}, {'aspect': 'ongkir', 'opinion': 'nambah ongkir sdkit', 'sentiment': 'positive'}]"
Tolong untuk lebih di tingkatkan lagi pelayanan pembayaran.nya dengan mengunakan aplikasi ini. Karna saya sudah sering di tolak membayar mengunakan aplikasi ini di berberapa SPBU dengan berbagai macam alasan,[],"[{'aspect': 'pembayaran', 'opinion': 'sering di tolak', 'sentiment': 'negative'}]","[{'aspect': 'pelayanan', 'opinion': 'sering di tolak', 'sentiment': 'negative'}]"
"SPBU yang memakai bisa My Pertamina, biasanya bersih dan pelayanannya bagus. Tapi kalau ada SPBU My Pertamina tapi terkendala sinyal seperti jalan tol Semarang Solo Km 429, alat baca barkode cuma jadi pajangan. Setahu saya sudah setahun lebih nggak berfungsi.",[],"[{'aspect': 'My Pertamina', 'opinion': 'bersih', 'sentiment': 'positive'}, {'aspect': 'pelayanan', 'opinion': 'bagus', 'sentiment': 'positive'}, {'aspect': 'pelayanan', 'opinion': 'bagus', 'sentiment': 'positive'}, {'aspect': 'alat baca barkode', 'opinion': 'cuma jadi pajangan', 'sentiment': 'negative'}]","[{'aspect': 'My Pertamina', 'opinion': 'bersih', 'sentiment': 'positive'}, {'aspect': 'pelayanannya', 'opinion': 'bagus.', 'sentiment': 'positive'}, {'aspect': 'pelayanannya', 'opinion': 'bagus.', 'sentiment': 'positive'}, {'aspect': 'alat baca barkode', 'opinion': 'cuma jadi pajangan.', 'sentiment': 'negative'}]"
"Jujur aja , fitur-fitur yang ada di blibli lengkap banget . Mulai dari pembayaran , pembelian barang , angsuran dan lainlain semuanya ada . Blibli mantap ! sukses terus blibli","[{'aspect': 'fitur-fitur', 'opinion': 'lengkap banget', 'sentiment': 'positive'}, {'aspect': 'pembayaran', 'opinion': 'ada', 'sentiment': 'positive'}, {'aspect': 'angsuran', 'opinion': 'ada', 'sentiment': 'positive'}, {'aspect': 'Blibli', 'opinion': 'mantap', 'sentiment': 'positive'}]","[{'aspect': 'fitur-fitur', 'opinion': 'lengkap banget', 'sentiment': 'positive'}, {'aspect': 'pembayaran', 'opinion': 'semua ada', 'sentiment': 'positive'}, {'aspect': 'pembelian barang', 'opinion': 'semuanya ada', 'sentiment': 'positive'}, {'aspect': 'blibli', 'opinion': 'mantap', 'sentiment': 'positive'}]","[{'aspect': 'fitur-fitur', 'opinion': 'lengkap banget', 'sentiment': 'positive'}, {'aspect': 'pembayaran', 'opinion': 'semuanya ada', 'sentiment': 'positive'}, {'aspect': 'pembelian barang', 'opinion': 'semuanya ada', 'sentiment': 'positive'}, {'aspect': 'blibli', 'opinion': 'mantap', 'sentiment': 'positive'}]"
"""Hal baik butuh waktu"" maksudnya apa coba,di cek ga ada updetan udah bolak balik keluar akun, matiin hp cabut kartu tetep aja sama kaya gitu juga,cara memperbaiki nya bagaimana ? Karena kita yg ingin beli sesuatu jadi sulit sangat sulit selalu ada kendala, jangan lah mentingin promo ini itu dulu fokus aja perbaiki sistemnya untuk kenyamanan semua Terimakasih",[],"[{'aspect': 'updetan', 'opinion': 'ga ada', 'sentiment': 'negative'}, {'aspect': 'beli sesuatu', 'opinion': 'sangat sulit', 'sentiment': 'negative'}, {'aspect': 'beli sesuatu', 'opinion': 'selalu ada kendala', 'sentiment': 'negative'}]","[{'aspect': 'updetan', 'opinion': 'ga ada', 'sentiment': 'negative'}, {'aspect': 'beli sesuatu', 'opinion': 'sangat sulit', 'sentiment': 'negative'}, {'aspect': 'beli sesuatu', 'opinion': 'selalu ada kendala,', 'sentiment': 'negative'}]"
"Payah anjir, padahal gw pake grabbike tiap hari tapi gadapet promo. Boros banget gue anjir wkwkwk",[],"[{'aspect': 'pake', 'opinion': 'Payah', 'sentiment': 'negative'}, {'aspect': 'promo', 'opinion': 'gadapet', 'sentiment': 'negative'}, {'aspect': 'grabbike', 'opinion': 'Boros banget', 'sentiment': 'negative'}]","[{'aspect': 'pake', 'opinion': 'Payah', 'sentiment': 'negative'}, {'aspect': 'promo.', 'opinion': 'gadapet', 'sentiment': 'negative'}, {'aspect': 'grabbike', 'opinion': 'Boros banget', 'sentiment': 'negative'}]"
"@MyPertaminaI Kenapa saldo link di my pertamina saya belum masuk,padahal d aplikasi link sudah masuk",[],"[{'aspect': 'saldo link', 'opinion': 'belum masuk', 'sentiment': 'negative'}, {'aspect': 'link', 'opinion': 'sudah masuk', 'sentiment': 'positive'}]","[{'aspect': 'saldo link', 'opinion': 'sudah masuk', 'sentiment': 'negative'}, {'aspect': 'link', 'opinion': 'sudah masuk', 'sentiment': 'positive'}]"
"Kuota bantuan belajarku cuma kepake buat google classroom, baiknya gimana yaaaa",[],"[{'aspect': 'Kuota bantuan belajar', 'opinion': 'cuma kepake buat google classroom', 'sentiment': 'negative'}]","[{'aspect': 'kuota bantuan belajarku', 'opinion': 'cuma kepake buat google classroom,', 'sentiment': 'negative'}]"
"Mohon dibantu, Setelah update versi terbaru pada tanggal 9 des 2020, tiap buka aplikasi My Pertamina tidak bisa ""Sayangnya, My pertamina telah berhenti"" kok jadi gini.....",[],"[{'aspect': 'buka', 'opinion': 'tidak bisa', 'sentiment': 'negative'}, {'aspect': 'My pertamina', 'opinion': 'telah berhenti', 'sentiment': 'negative'}]","[{'aspect': 'buka', 'opinion': 'tidak bisa', 'sentiment': 'negative'}, {'aspect': 'My pertamina', 'opinion': 'telah berhenti""', 'sentiment': 'negative'}]"
Betul ... Kementerian Pendidikan gagal ... tidak ada perancangan kurikulum . Tidak membantu guru2 untuk melakukan pengajaran online .. Guru pun kurang inisiatif dalam mengajar,"[{'aspect': 'Kementerian Pendidikan', 'opinion': 'gagal', 'sentiment': 'negative'}, {'aspect': 'Kementerian Pendidikan', 'opinion': 'Tidak membantu guru2', 'sentiment': 'negative'}, {'aspect': 'mengajar', 'opinion': 'kurang inisiatif', 'sentiment': 'negative'}]","[{'aspect': 'Kementerian Pendidikan', 'opinion': 'gagal', 'sentiment': 'negative'}, {'aspect': 'rancangan kurikulum', 'opinion': 'tidak ada', 'sentiment': 'negative'}, {'aspect': 'mengajar online', 'opinion': 'Kurang inisiatif', 'sentiment': 'negative'}]","[{'aspect': 'Kementerian Pendidikan', 'opinion': 'gagal', 'sentiment': 'negative'}, {'aspect': 'perancangan kurikulum', 'opinion': 'tidak ada', 'sentiment': 'negative'}, {'aspect': 'pengajaran online', 'opinion': 'kurang inisiatif', 'sentiment': 'negative'}]"
Haha..aku pakainya toped and blibli ..shopee jarang bgt makai..padahal biasanya cewe demen shopee..tp kok aku lbh demen toped ma blibli yak,[],"[{'aspect': 'pakai', 'opinion': 'toped', 'sentiment': 'positive'}, {'aspect': 'shopee', 'opinion': 'lbh demen', 'sentiment': 'positive'}]","[{'aspect': 'pakainya', 'opinion': 'toped', 'sentiment': 'positive'}, {'aspect': '..shopee', 'opinion': 'lbh demen', 'sentiment': 'positive'}]"
Pak @nadiemmakarim apakah semester genap 2021 sekolah / kampus masih daring ? Krn sebentar lagi sdh masuk semester genap 2021 sedangkan sekolah / kampus yg sdh mengumumkan pembelajaran daring masih sedikit..sb g org tua kami jadi bingung mesti bgmn .. PJJ sudah tidak bisa diandalkan pak . Siswa dan mahasiswa gak bisa memahami materi dan tugas yang numpuk selama kebijakan belajar di rumah .,"[{'aspect': 'PJJ', 'opinion': 'sudah tidak bisa diandalkan', 'sentiment': 'negative'}, {'aspect': 'memahami materi', 'opinion': 'gak bisa', 'sentiment': 'negative'}, {'aspect': 'tugas', 'opinion': 'numpuk', 'sentiment': 'negative'}]","[{'aspect': 'pembelajaran daring', 'opinion': 'masih sedikit', 'sentiment': 'negative'}, {'aspect': 'PJJ', 'opinion': 'tidak bisa diandalkan', 'sentiment': 'negative'}, {'aspect': 'memahami materi', 'opinion': 'gak bisa memahami materi dan tugas yang numpuk', 'sentiment': 'negative'}]","[{'aspect': 'pembelajaran daring', 'opinion': 'masih sedikit..sb', 'sentiment': 'negative'}, {'aspect': 'PJJ', 'opinion': 'tidak bisa diandalkan', 'sentiment': 'negative'}, {'aspect': 'memahami materi', 'opinion': 'gak bisa memahami materi dan tugas yang numpuk', 'sentiment': 'negative'}]"
"Apa yang kami dapatkan dari fakultas dengan membayar UKT dalam nominal tetap sama seperti sebelum pandemi tidak sesuai dengan fasilitas yang diberikan. Mohon bantuannya, Pak Menteri yang terhormat.",[],"[{'aspect': 'pembayaran UKT', 'opinion': 'tidak sesuai', 'sentiment': 'negative'}]","[{'aspect': 'membayar ukt', 'opinion': 'tidak sesuai', 'sentiment': 'negative'}]"
Fadli zon bisa gak gak kritik orang mulu ? Pede karena kerjaan mu bagus boleh tapi jangan menjatuhkan kerjaan orang lain . Norak itu,"[{'aspect': 'Fadli zon', 'opinion': 'kritik orang mulu', 'sentiment': 'negative'}, {'aspect': 'Fadli zon', 'opinion': 'menjatuhkan kerjaan orang lain', 'sentiment': 'negative'}, {'aspect': 'Fadli zon', 'opinion': 'Norak', 'sentiment': 'negative'}, {'aspect': 'kerjaan', 'opinion': 'bagus', 'sentiment': 'positive'}]","[{'aspect': 'Fadli zon', 'opinion': 'bisa gak kritik orang mulu', 'sentiment': 'positive'}, {'aspect': 'Fadli zon', 'opinion': 'Pede', 'sentiment': 'positive'}, {'aspect': 'kerjaan', 'opinion': 'bagus', 'sentiment': 'positive'}, {'aspect': 'kerjaan', 'opinion': 'menjatuhkan kerjaan orang lain', 'sentiment': 'negative'}]","[{'aspect': 'Fadli zon', 'opinion': 'gak gak kritik orang mulu', 'sentiment': 'positive'}, {'aspect': 'Fadli zon', 'opinion': 'Pede', 'sentiment': 'positive'}, {'aspect': 'kerjaan', 'opinion': 'bagus', 'sentiment': 'positive'}, {'aspect': 'kerjaan', 'opinion': 'menjatuhkan kerjaan orang lain', 'sentiment': 'negative'}]"
gimana sih gojek ini . Aplikator mulai kacau udh ada double order yang jauh di duluin yang deket di jadi kedua harus nya bisa menyesuaikan mana dulu order yang harus diselesaikan liat jarak yang terdekat saya nunggu makanan jadi lebih lama,"[{'aspect': 'Aplikator', 'opinion': 'mulai kacau', 'sentiment': 'negative'}, {'aspect': 'nunggu makanan', 'opinion': 'lebih lama', 'sentiment': 'negative'}]","[{'aspect': 'Gojek', 'opinion': 'mulai kacau', 'sentiment': 'negative'}, {'aspect': 'Gojek', 'opinion': 'double order', 'sentiment': 'negative'}, {'aspect': 'Gojek', 'opinion': 'jauh di duluin', 'sentiment': 'negative'}, {'aspect': 'Gojek', 'opinion': 'harus nya bisa menyesuaikan mana dulu order yang harus diselesaikan', 'sentiment': 'negative'}, {'aspect': 'order', 'opinion': 'lebih lama', 'sentiment': 'negative'}]","[{'aspect': 'gojek', 'opinion': 'mulai kacau', 'sentiment': 'negative'}, {'aspect': 'gojek', 'opinion': 'double order', 'sentiment': 'negative'}, {'aspect': 'gojek', 'opinion': 'jauh di duluin', 'sentiment': 'negative'}, {'aspect': 'gojek', 'opinion': 'harus nya bisa menyesuaikan mana dulu order yang harus diselesaikan', 'sentiment': 'negative'}, {'aspect': 'order', 'opinion': 'lebih lama', 'sentiment': 'negative'}]"
Terima kasih Kak Susanti sudah tertarik dengan blibli.com. Terus tingkatkan transaksinya agar mendapatkan layanann paylater dan tambah lagi bintangnya ya / Regina,[],"[{'aspect': 'blibli.com', 'opinion': 'tertarik', 'sentiment': 'positive'}]","[{'aspect': 'blibli.com.', 'opinion': 'tertarik', 'sentiment': 'positive'}]"
aku blm bisa pakai PayLater..menu blm tersedia krn terbatas kota2 tertentu..sayang daahh,[],"[{'aspect': 'pakai', 'opinion': 'blm bisa', 'sentiment': 'negative'}, {'aspect': 'PayLater', 'opinion': 'blm tersedia', 'sentiment': 'negative'}]","[{'aspect': 'pakai', 'opinion': 'blm bisa', 'sentiment': 'negative'}, {'aspect': 'pakai', 'opinion': 'blm tersedia', 'sentiment': 'negative'}]"
"Kuliah online sore ini menyenangkan sekali , seperti les private mwehehehe . padahal kemarin ribet banget . dosen yang ini asik pas jelasin materi . beda sama dosen matkul kemarin yang baperan mwehehehe","[{'aspect': 'Kuliah online', 'opinion': 'menyenangkan sekali', 'sentiment': 'positive'}, {'aspect': 'Kuliah online', 'opinion': 'ribet banget', 'sentiment': 'negative'}, {'aspect': 'jelasin materi', 'opinion': 'asik', 'sentiment': 'positive'}, {'aspect': 'dosen', 'opinion': 'baperan', 'sentiment': 'negative'}]","[{'aspect': 'Kuliah online', 'opinion': 'menyenangkan sekali', 'sentiment': 'positive'}, {'aspect': 'Kuliah online', 'opinion': 'seperti les private mwehehe', 'sentiment': 'positive'}, {'aspect': 'dosen', 'opinion': 'ribet banget', 'sentiment': 'negative'}, {'aspect': 'dosen', 'opinion': 'baperan', 'sentiment': 'negative'}]","[{'aspect': 'Kuliah online', 'opinion': 'menyenangkan sekali', 'sentiment': 'positive'}, {'aspect': 'Kuliah online', 'opinion': 'seperti les private mwehehehe', 'sentiment': 'positive'}, {'aspect': 'dosen', 'opinion': 'ribet banget', 'sentiment': 'negative'}, {'aspect': 'dosen', 'opinion': 'baperan', 'sentiment': 'negative'}]"
"Kurang pas sih kalau merger. Toh beda lini usaha. Lebih baik Tokped gaet bukalapak atau Blibli buat gabung, biar bisa ngalahin shopee",[],"[{'aspect': 'merger', 'opinion': 'Kurang pas', 'sentiment': 'negative'}, {'aspect': 'merger', 'opinion': 'beda lini usaha.', 'sentiment': 'negative'}, {'aspect': 'Tokped', 'opinion': 'gaet bukalapak atau Blibli', 'sentiment': 'negative'}]","[{'aspect': 'merger.', 'opinion': 'Kurang pas', 'sentiment': 'negative'}, {'aspect': 'merger.', 'opinion': 'beda lini usaha.', 'sentiment': 'negative'}, {'aspect': 'Tokped', 'opinion': 'gaet bukalapak atau Blibli', 'sentiment': 'negative'}]"
Grab Aplikasi yang sangat membantu . . ba nyak promo nya . paling sering gunain grab express nya . . ba nyak driver yang ramah . . Apk ini bener 2 membantu dimasa pandemi ini bisa beli makanan dengan mudah,"[{'aspect': 'Aplikasi', 'opinion': 'sangat membantu', 'sentiment': 'positive'}, {'aspect': 'promo', 'opinion': 'ba nyak', 'sentiment': 'positive'}, {'aspect': 'driver', 'opinion': 'ramah', 'sentiment': 'positive'}, {'aspect': 'Apk', 'opinion': 'bener 2 membantu', 'sentiment': 'positive'}, {'aspect': 'beli makanan', 'opinion': 'bisa beli makanan dengan mudah', 'sentiment': 'positive'}]","[{'aspect': 'Aplikasi', 'opinion': 'sangat membantu', 'sentiment': 'positive'}, {'aspect': 'promo', 'opinion': 'ba nyak', 'sentiment': 'positive'}, {'aspect': 'gunain', 'opinion': 'ba nyak', 'sentiment': 'positive'}, {'aspect': 'beli makanan', 'opinion': 'bisa dengan mudah', 'sentiment': 'positive'}]","[{'aspect': 'Aplikasi', 'opinion': 'sangat membantu', 'sentiment': 'positive'}, {'aspect': 'promo', 'opinion': 'ba nyak', 'sentiment': 'positive'}, {'aspect': 'gunain', 'opinion': 'ba nyak', 'sentiment': 'positive'}, {'aspect': 'beli makanan', 'opinion': 'makanan dengan mudah', 'sentiment': 'positive'}]"
"Keren dan cukup membantu . Udah pake kurang lebih 5 tahun . Cukup banyak perkembangan dan inovasi yg memudahkan . Mulai dari jasa yg ditawarkan , fleksibilitas dalam memberi tip untuk driver , akurasi lokasi , dll. Terimakasih grab !","[{'aspect': 'perkembangan', 'opinion': 'Cukup banyak', 'sentiment': 'positive'}, {'aspect': 'perkembangan', 'opinion': 'memudahkan', 'sentiment': 'positive'}, {'aspect': 'grab', 'opinion': 'Keren', 'sentiment': 'positive'}, {'aspect': 'grab', 'opinion': 'cukup membantu', 'sentiment': 'positive'}]","[{'aspect': 'pake', 'opinion': 'Keren', 'sentiment': 'positive'}, {'aspect': 'pake', 'opinion': 'cukup membantu', 'sentiment': 'positive'}, {'aspect': 'pake', 'opinion': 'cukup membantu', 'sentiment': 'positive'}, {'aspect': 'inovasi', 'opinion': 'memudahkan', 'sentiment': 'positive'}, {'aspect': 'memberi tip', 'opinion': 'kemudahan', 'sentiment': 'positive'}, {'aspect': 'memberi tip', 'opinion': 'fleksibilitas', 'sentiment': 'positive'}, {'aspect': 'memberi tip', 'opinion': 'memudahkan', 'sentiment': 'positive'}]","[{'aspect': 'pake', 'opinion': 'Keren', 'sentiment': 'positive'}, {'aspect': 'pake', 'opinion': 'cukup membantu', 'sentiment': 'positive'}, {'aspect': 'pake', 'opinion': 'cukup membantu', 'sentiment': 'positive'}, {'aspect': 'inovasi', 'opinion': 'memudahkan', 'sentiment': 'positive'}, {'aspect': 'memberi tip', 'opinion': 'memudahkan', 'sentiment': 'positive'}, {'aspect': 'memberi tip', 'opinion': 'fleksibilitas', 'sentiment': 'positive'}, {'aspect': 'memberi tip', 'opinion': 'memudahkan', 'sentiment': 'positive'}]"
"ak perna coba ngezoom pas PJJ , tp sumpa KUOTA BELAJAR NGGA BERKURANG SAMA SEKALI JANGANKAN ZOOM GCLASS AJA GA BISA","[{'aspect': 'KUOTA BELAJAR', 'opinion': 'NGGA BERKURANG SAMA SEKALI', 'sentiment': 'negative'}, {'aspect': 'ZOOM', 'opinion': 'GA BISA', 'sentiment': 'negative'}]","[{'aspect': 'BELAJAR', 'opinion': 'SUMPA KUOTA', 'sentiment': 'negative'}, {'aspect': 'KUOTA', 'opinion': 'BELAJAR', 'sentiment': 'negative'}, {'aspect': 'ZOOM GCLASS', 'opinion': 'GA BISA', 'sentiment': 'negative'}]","[{'aspect': 'BELAJAR', 'opinion': 'sumpa kuota', 'sentiment': 'negative'}, {'aspect': 'KUOTA', 'opinion': 'BELAJAR', 'sentiment': 'negative'}, {'aspect': 'ZOOM GCLASS', 'opinion': 'GA BISA', 'sentiment': 'negative'}]"
"Kuota bantuan di stop, bantuan bulanan gada, ukt full, fasilitas kampus gada yg digunain sama sekali hmm indahnya kuliah online",[],"[{'aspect': 'Kuota bantuan', 'opinion': 'di stop', 'sentiment': 'negative'}, {'aspect': 'bantuan bulanan', 'opinion': 'gadaAS ukt full', 'sentiment': 'negative'}, {'aspect': 'fasilitas kampus', 'opinion': 'gada yg digunain sama sekali', 'sentiment': 'negative'}]","[{'aspect': 'Kuota bantuan', 'opinion': 'di stop,', 'sentiment': 'negative'}, {'aspect': 'bantuan bulanan', 'opinion': 'gada, ukt full,', 'sentiment': 'negative'}, {'aspect': 'fasilitas kampus', 'opinion': 'gada yg digunain sama sekali', 'sentiment': 'negative'}]"
"Tolong di perbaiki Bug, payment belum dibayar tetapi sudah ada notif pembayara berhasil, eh di cek benaran sudah dibayar, padahal belum melakukan pembayaran tetapi status sudah sukses, selang 3 hari barang datang, tlong di perbaiki bug nya.",[],"[{'aspect': 'payment', 'opinion': 'belum dibayar', 'sentiment': 'negative'}, {'aspect': 'payment', 'opinion': 'sudah ada notif pembayara berhasil', 'sentiment': 'negative'}, {'aspect': 'pembayaran', 'opinion': 'sudah sukses', 'sentiment': 'positive'}, {'aspect': 'barang', 'opinion': 'datang', 'sentiment': 'positive'}]","[{'aspect': 'payment', 'opinion': 'belum dibayar', 'sentiment': 'negative'}, {'aspect': 'payment', 'opinion': 'sudah ada notif pembayara berhasil,', 'sentiment': 'negative'}, {'aspect': 'pembayaran', 'opinion': 'sudah sukses,', 'sentiment': 'positive'}, {'aspect': 'barang', 'opinion': 'datang,', 'sentiment': 'positive'}]"
Sebagai guru menurut ku lebih bagus yang kedua sih . Karena Sekolah Daring bener-bener tidak efektif . Nyaris timbul efek samping yang merugikan anak .,"[{'aspect': 'Sekolah Daring', 'opinion': 'bener-bener tidak efektif', 'sentiment': 'negative'}, {'aspect': 'Sekolah Daring', 'opinion': 'Nyaris timbul efek samping', 'sentiment': 'negative'}, {'aspect': 'Sekolah Daring', 'opinion': 'merugikan anak', 'sentiment': 'negative'}]","[{'aspect': 'guru', 'opinion': 'lebih bagus', 'sentiment': 'positive'}, {'aspect': 'Sekolah Daring', 'opinion': 'bener-bener tidak efektif', 'sentiment': 'negative'}, {'aspect': 'Efek Samping', 'opinion': 'merugikan anak', 'sentiment': 'negative'}]","[{'aspect': 'guru', 'opinion': 'lebih bagus', 'sentiment': 'positive'}, {'aspect': 'Sekolah Daring', 'opinion': 'bener-bener tidak efektif', 'sentiment': 'negative'}, {'aspect': 'efek samping', 'opinion': 'merugikan anak', 'sentiment': 'negative'}]"
"Setuju . Pembelajaran jarak jauh memang solusi paling aman , tapi tidak menutup mata , banyak sekali tantangan nya ..","[{'aspect': 'Pembelajaran jarak jauh', 'opinion': 'solusi paling aman', 'sentiment': 'positive'}, {'aspect': 'Pembelajaran jarak jauh', 'opinion': 'banyak sekali tantangan', 'sentiment': 'negative'}]","[{'aspect': 'Pembelajaran jarak jauh', 'opinion': 'solusi paling aman', 'sentiment': 'positive'}, {'aspect': 'Pembelajaran jarak jauh', 'opinion': 'tidak menutup mata', 'sentiment': 'positive'}, {'aspect': 'Tantangan', 'opinion': 'banyak sekali', 'sentiment': 'positive'}]","[{'aspect': 'Pembelajaran jarak jauh', 'opinion': 'solusi paling aman', 'sentiment': 'positive'}, {'aspect': 'Pembelajaran jarak jauh', 'opinion': 'tidak menutup mata', 'sentiment': 'positive'}, {'aspect': 'tantangan', 'opinion': 'banyak sekali', 'sentiment': 'positive'}]"
"Tolong lah, jangan minta di update mulu baru bisa dibuka. Gak semua orang mau utk update aplikasi.",[],"[{'aspect': 'dibuka', 'opinion': 'Gak semua orang mau', 'sentiment': 'negative'}]","[{'aspect': 'dibuka.', 'opinion': 'Gak semua orang mau', 'sentiment': 'negative'}]"
"Dari segi harga , memang maxim murah banget ya ' ,,, cuman untuk peta gps jelek ny , utk tentuin titik lokasi ny susah / ribet","[{'aspect': 'harga', 'opinion': 'murah banget', 'sentiment': 'positive'}, {'aspect': 'peta gps', 'opinion': 'jelek', 'sentiment': 'negative'}, {'aspect': 'titik lokasi', 'opinion': 'susah', 'sentiment': 'negative'}, {'aspect': 'titik lokasi', 'opinion': 'ribet', 'sentiment': 'negative'}]","[{'aspect': 'harga', 'opinion': 'murah banget', 'sentiment': 'positive'}, {'aspect': 'peta', 'opinion': 'jelek', 'sentiment': 'negative'}, {'aspect': 'penentuan titik lokasi', 'opinion': 'susah', 'sentiment': 'negative'}, {'aspect': 'penentuan titik lokasi', 'opinion': 'ribet', 'sentiment': 'negative'}]","[{'aspect': 'harga', 'opinion': 'murah banget', 'sentiment': 'positive'}, {'aspect': 'peta', 'opinion': 'jelek', 'sentiment': 'negative'}, {'aspect': 'tentuin titik lokasi', 'opinion': 'susah', 'sentiment': 'negative'}, {'aspect': 'tentuin titik lokasi', 'opinion': 'ribet', 'sentiment': 'negative'}]"
Beredar sebuah pesan di Facebook yang menyebutkan penerima vaksin corona tak perlu memakai masker. Cek faktanya.,[],"[{'aspect': 'penerima vaksin corona', 'opinion': 'tak perlu memakai masker', 'sentiment': 'positive'}]","[{'aspect': 'penerima vaksin corona', 'opinion': 'tak perlu memakai masker.', 'sentiment': 'positive'}]"
Halo admin @pertamina mohon informasinya di SPBU berikut apa benar untuk pembayaran dengan@MyPertaminaID tidak bisa digunakan? Karena tidak ada penjelasan dari operator SPBU terkait kenapa tidak bisa digunakannya aplikasi my pertamina.,[],"[{'aspect': 'digunakan', 'opinion': 'tidak bisa', 'sentiment': 'negative'}, {'aspect': 'penjelasan', 'opinion': 'tidak ada', 'sentiment': 'negative'}]","[{'aspect': 'digunakan?', 'opinion': 'tidak bisa', 'sentiment': 'negative'}, {'aspect': 'penjelasan', 'opinion': 'tidak ada', 'sentiment': 'negative'}]"
"Apaan sih nih blibli tmbh lama . . mau masukin keranjang ajj g bs gmn mau beli . . parah . . td us ajj minta update , tp fasilitas tmbh g jelas . . tp promony bagus n vriatifff","[{'aspect': 'blibli', 'opinion': 'tmbh lama', 'sentiment': 'negative'}, {'aspect': 'blibli', 'opinion': 'parah', 'sentiment': 'negative'}, {'aspect': 'masukin keranjang', 'opinion': 'g bs', 'sentiment': 'negative'}, {'aspect': 'fasilitas', 'opinion': 'tmbh g jelas', 'sentiment': 'negative'}, {'aspect': 'promony', 'opinion': 'bagus', 'sentiment': 'positive'}, {'aspect': 'promony', 'opinion': 'vriatifff', 'sentiment': 'positive'}]","[{'aspect': 'blibli', 'opinion': 'tmbh lama', 'sentiment': 'negative'}, {'aspect': 'masukin keranjang', 'opinion': 'g bs', 'sentiment': 'negative'}, {'aspect': 'masukin keranjang', 'opinion': 'parah', 'sentiment': 'negative'}, {'aspect': 'beli', 'opinion': 'td us ajj minta update', 'sentiment': 'negative'}, {'aspect': 'fasilitas', 'opinion': 'g jelas', 'sentiment': 'negative'}, {'aspect': 'promo', 'opinion': 'bagus', 'sentiment': 'positive'}, {'aspect': 'promo', 'opinion': 'vriatifff', 'sentiment': 'positive'}]","[{'aspect': 'blibli', 'opinion': 'tmbh lama', 'sentiment': 'negative'}, {'aspect': 'masukin keranjang', 'opinion': 'g bs', 'sentiment': 'negative'}, {'aspect': 'masukin keranjang', 'opinion': 'parah', 'sentiment': 'negative'}, {'aspect': 'beli', 'opinion': 'td us ajj minta update', 'sentiment': 'negative'}, {'aspect': 'fasilitas', 'opinion': 'g jelas', 'sentiment': 'negative'}, {'aspect': 'promony', 'opinion': 'bagus', 'sentiment': 'positive'}, {'aspect': 'promony', 'opinion': 'vriatifff', 'sentiment': 'positive'}]"
"Program Mengajar Dari Rumah di Batch II kali ini , antara lain kegiatan nya sangat seru , memberikan tambahan pengalaman pribadi","[{'aspect': 'kegiatan', 'opinion': 'sangat seru', 'sentiment': 'positive'}, {'aspect': 'kegiatan', 'opinion': 'memberikan tambahan pengalaman pribadi', 'sentiment': 'positive'}]","[{'aspect': 'Kegiatan', 'opinion': 'sangat seru', 'sentiment': 'positive'}]","[{'aspect': 'kegiatan', 'opinion': 'sangat seru', 'sentiment': 'positive'}]"
"@alfamart @sahabatalfamart min mau nanya, gunanya tersedia pembayaran cashless dengan GoPay itu apa ya? Ini kasirnya yg males atau nakal apa gimana? Saya bayar belanja pakai GoPay sebagai org biasa gak bisa, giliran ada driver Gojek bayar pakai gopay setelah saya kok bisa?",[],"[{'aspect': 'pembayaran cashless', 'opinion': 'ada', 'sentiment': 'negative'}, {'aspect': 'kasir', 'opinion': 'males', 'sentiment': 'negative'}, {'aspect': 'bayar belanja', 'opinion': 'nakal', 'sentiment': 'negative'}, {'aspect': 'bayar belanja', 'opinion': 'gak bisa', 'sentiment': 'negative'}]","[{'aspect': 'pembayaran cashless', 'opinion': 'ada', 'sentiment': 'negative'}, {'aspect': 'kasirnya', 'opinion': 'males', 'sentiment': 'negative'}, {'aspect': 'bayar belanja', 'opinion': 'nakal', 'sentiment': 'negative'}, {'aspect': 'bayar belanja', 'opinion': 'gak bisa,', 'sentiment': 'negative'}]"
"Abang-abang grab, gojek, maxim, indriver, nujek, okejek dan bago driver mau ga ya anter pejati dan tirta dari Pura ke Merajan? Ini hujan banget mana lumayan juga kalo jalan kaki. cry parah",[],"[{'aspect': 'Abang-abang', 'opinion': 'hujan banget', 'sentiment': 'negative'}, {'aspect': 'driver', 'opinion': 'bago', 'sentiment': 'negative'}, {'aspect': 'jalan kaki', 'opinion': 'hujan banget', 'sentiment': 'negative'}, {'aspect': 'driver', 'opinion': 'parah', 'sentiment': 'negative'}]","[{'aspect': 'Abang-abang', 'opinion': 'hujan banget', 'sentiment': 'negative'}, {'aspect': 'driver', 'opinion': 'bago', 'sentiment': 'negative'}, {'aspect': 'jalan kaki.', 'opinion': 'hujan banget', 'sentiment': 'negative'}, {'aspect': 'driver', 'opinion': 'parah', 'sentiment': 'negative'}]"
"bantuan kuota gadapet, ukt selama pandemi gadipotong alias full. welcome to unsika. hadeuh",[],"[{'aspect': 'bantuan kuota', 'opinion': 'gadapet', 'sentiment': 'negative'}, {'aspect': 'bantuan kuota', 'opinion': 'gadipotong', 'sentiment': 'negative'}, {'aspect': 'bantuan kuota', 'opinion': 'unsika', 'sentiment': 'negative'}]","[{'aspect': 'bantuan kuota', 'opinion': 'gadapet,', 'sentiment': 'negative'}, {'aspect': 'bantuan kuota', 'opinion': 'gadipotong', 'sentiment': 'negative'}, {'aspect': 'bantuan kuota', 'opinion': 'unsika.', 'sentiment': 'negative'}]"
