text,prompt,target,raw_prediction,editdistance_prediction,cut_predictions,remove_predictions,string_preds,n_token,true_format,pos_tag,is_tokenized_well,error_type
""" Apabila salah satu izin nya tak keluar , maka konser tidak boleh dilaksanakan , "" kata Asep . BTS akan melanjutkan konser Permission to Dance di Las Vegas , Amerika Serikat .",ekstraksi triplet aste :,[],"[{'aspect': 'izin', 'opinion': 'tidak keluar', 'sentiment': 'negative'}, {'aspect': 'konser', 'opinion': 'tidak boleh dilaksanakan', 'sentiment': 'negative'}]","[{'aspect': 'izin', 'opinion': 'tak keluar', 'sentiment': 'negative'}, {'aspect': 'konser', 'opinion': 'tidak boleh dilaksanakan', 'sentiment': 'negative'}]","[{'aspect': 'izin', 'opinion': 'tak keluar', 'sentiment': 'negative'}, {'aspect': 'konser', 'opinion': 'tidak boleh dilaksanakan', 'sentiment': 'negative'}]","[{'aspect': 'izin', 'opinion': 'tak keluar', 'sentiment': 'negative'}, {'aspect': 'konser', 'opinion': 'tidak boleh dilaksanakan', 'sentiment': 'negative'}]","( izin, tidak keluar, negative ) ; ( konser, tidak boleh dilaksanakan, negative )",48,True,"[{'entity': 'B-SYM', 'score': 0.9997551, 'index': 0, 'word': 'Ġ""', 'start': 0, 'end': 1}, {'entity': 'B-CSN', 'score': 0.9959376, 'index': 1, 'word': 'ĠApabila', 'start': 2, 'end': 9}, {'entity': 'B-KUA', 'score': 0.9766951, 'index': 2, 'word': 'Ġsalah', 'start': 10, 'end': 15}, {'entity': 'B-KUA', 'score': 0.9859154, 'index': 3, 'word': 'Ġsatu', 'start': 16, 'end': 20}, {'entity': 'B-NNO', 'score': 0.9977164, 'index': 4, 'word': 'Ġizin', 'start': 21, 'end': 25}, {'entity': 'B-PRK', 'score': 0.919099, 'index': 5, 'word': 'Ġnya', 'start': 26, 'end': 29}, {'entity': 'B-NEG', 'score': 0.99712026, 'index': 6, 'word': 'Ġtak', 'start': 30, 'end': 33}, {'entity': 'B-VBI', 'score': 0.99508756, 'index': 7, 'word': 'Ġkeluar', 'start': 34, 'end': 40}, {'entity': 'B-SYM', 'score': 0.99975103, 'index': 8, 'word': 'Ġ,', 'start': 41, 'end': 42}, {'entity': 'B-CSN', 'score': 0.9975556, 'index': 9, 'word': 'Ġmaka', 'start': 43, 'end': 47}, {'entity': 'B-NNO', 'score': 0.9993125, 'index': 10, 'word': 'Ġkonser', 'start': 48, 'end': 54}, {'entity': 'B-NEG', 'score': 0.9980855, 'index': 11, 'word': 'Ġtidak', 'start': 55, 'end': 60}, {'entity': 'B-ADV', 'score': 0.99898535, 'index': 12, 'word': 'Ġboleh', 'start': 61, 'end': 66}, {'entity': 'B-VBP', 'score': 0.9534896, 'index': 13, 'word': 'Ġdilaksanakan', 'start': 67, 'end': 79}, {'entity': 'B-SYM', 'score': 0.99975103, 'index': 14, 'word': 'Ġ,', 'start': 80, 'end': 81}, {'entity': 'B-SYM', 'score': 0.9997677, 'index': 15, 'word': 'Ġ""', 'start': 82, 'end': 83}, {'entity': 'B-VBT', 'score': 0.9992494, 'index': 16, 'word': 'Ġkata', 'start': 84, 'end': 88}, {'entity': 'B-NNP', 'score': 0.59080034, 'index': 17, 'word': 'ĠAsep', 'start': 89, 'end': 93}, {'entity': 'B-SYM', 'score': 0.99974734, 'index': 18, 'word': 'Ġ.', 'start': 94, 'end': 95}, {'entity': 'B-NNP', 'score': 0.98352146, 'index': 19, 'word': 'ĠBTS', 'start': 96, 'end': 99}, {'entity': 'B-ADK', 'score': 0.99930906, 'index': 20, 'word': 'Ġakan', 'start': 100, 'end': 104}, {'entity': 'B-VBT', 'score': 0.99562585, 'index': 21, 'word': 'Ġmelanjutkan', 'start': 105, 'end': 116}, {'entity': 'B-NNO', 'score': 0.99931955, 'index': 22, 'word': 'Ġkonser', 'start': 117, 'end': 123}, {'entity': 'B-NNP', 'score': 0.97001296, 'index': 23, 'word': 'ĠPerm', 'start': 124, 'end': 128}, {'entity': 'B-NNP', 'score': 0.9818494, 'index': 24, 'word': 'ission', 'start': 128, 'end': 134}, {'entity': 'B-NNP', 'score': 0.9811999, 'index': 25, 'word': 'Ġto', 'start': 135, 'end': 137}, {'entity': 'B-NNP', 'score': 0.9847686, 'index': 26, 'word': 'ĠDance', 'start': 138, 'end': 143}, {'entity': 'B-PPO', 'score': 0.99956816, 'index': 27, 'word': 'Ġdi', 'start': 144, 'end': 146}, {'entity': 'B-NNO', 'score': 0.82900625, 'index': 28, 'word': 'ĠLas', 'start': 147, 'end': 150}, {'entity': 'B-NNP', 'score': 0.57086205, 'index': 29, 'word': 'ĠVegas', 'start': 151, 'end': 156}, {'entity': 'B-SYM', 'score': 0.99974996, 'index': 30, 'word': 'Ġ,', 'start': 157, 'end': 158}, {'entity': 'B-NNP', 'score': 0.8729878, 'index': 31, 'word': 'ĠAmerika', 'start': 159, 'end': 166}, {'entity': 'B-NNP', 'score': 0.94718593, 'index': 32, 'word': 'ĠSerikat', 'start': 167, 'end': 174}, {'entity': 'B-SYM', 'score': 0.99974614, 'index': 33, 'word': 'Ġ.', 'start': 175, 'end': 176}]",True,1
""" SE ini berlaku sejak tanggal ditetapkan dan dengan berlaku nya SE ini , maka SE No. 3 / 2022 dicabut dan dinyatakan tidak berlaku , "" bunyi surat edaran tersebut yang dikutip Senin ( 21 / 3 / 2022 ) .",ekstraksi triplet aste :,[],"[{'aspect': 'SE No. 3 / 2022', 'opinion': 'dicabut', 'sentiment': 'negative'}, {'aspect': 'SE No. 3 / 2022', 'opinion': 'dinyatakan tidak berlaku', 'sentiment': 'negative'}]","[{'aspect': 'SE No. 3 / 2022', 'opinion': 'dicabut', 'sentiment': 'negative'}, {'aspect': 'SE No. 3 / 2022', 'opinion': 'dinyatakan tidak berlaku', 'sentiment': 'negative'}]","[{'aspect': 'SE No. 3 / 2022', 'opinion': 'dicabut', 'sentiment': 'negative'}, {'aspect': 'SE No. 3 / 2022', 'opinion': 'dinyatakan tidak berlaku', 'sentiment': 'negative'}]","[{'aspect': 'SE No. 3 / 2022', 'opinion': 'dicabut', 'sentiment': 'negative'}, {'aspect': 'SE No. 3 / 2022', 'opinion': 'dinyatakan tidak berlaku', 'sentiment': 'negative'}]","( SE No. 3 / 2022, dicabut, negative ) ; ( SE No. 3 / 2022, dinyatakan tidak berlaku, negative )",61,True,"[{'entity': 'B-SYM', 'score': 0.9995946, 'index': 0, 'word': 'Ġ""', 'start': 0, 'end': 1}, {'entity': 'B-NNO', 'score': 0.8693169, 'index': 1, 'word': 'ĠSE', 'start': 2, 'end': 4}, {'entity': 'B-ART', 'score': 0.9985524, 'index': 2, 'word': 'Ġini', 'start': 5, 'end': 8}, {'entity': 'B-VBI', 'score': 0.9913858, 'index': 3, 'word': 'Ġberlaku', 'start': 9, 'end': 16}, {'entity': 'B-PPO', 'score': 0.9946346, 'index': 4, 'word': 'Ġsejak', 'start': 17, 'end': 22}, {'entity': 'B-NNO', 'score': 0.9974879, 'index': 5, 'word': 'Ġtanggal', 'start': 23, 'end': 30}, {'entity': 'B-VBP', 'score': 0.9977301, 'index': 6, 'word': 'Ġditetapkan', 'start': 31, 'end': 41}, {'entity': 'B-CCN', 'score': 0.99921477, 'index': 7, 'word': 'Ġdan', 'start': 42, 'end': 45}, {'entity': 'B-PPO', 'score': 0.9899283, 'index': 8, 'word': 'Ġdengan', 'start': 46, 'end': 52}, {'entity': 'B-VBI', 'score': 0.97690886, 'index': 9, 'word': 'Ġberlaku', 'start': 53, 'end': 60}, {'entity': 'B-ART', 'score': 0.6360003, 'index': 10, 'word': 'Ġnya', 'start': 61, 'end': 64}, {'entity': 'B-NNO', 'score': 0.90724266, 'index': 11, 'word': 'ĠSE', 'start': 65, 'end': 67}, {'entity': 'B-ART', 'score': 0.99774194, 'index': 12, 'word': 'Ġini', 'start': 68, 'end': 71}, {'entity': 'B-SYM', 'score': 0.9997224, 'index': 13, 'word': 'Ġ,', 'start': 72, 'end': 73}, {'entity': 'B-CSN', 'score': 0.9962458, 'index': 14, 'word': 'Ġmaka', 'start': 74, 'end': 78}, {'entity': 'B-NNO', 'score': 0.9583189, 'index': 15, 'word': 'ĠSE', 'start': 79, 'end': 81}, {'entity': 'B-NNO', 'score': 0.8060514, 'index': 16, 'word': 'ĠNo', 'start': 82, 'end': 84}, {'entity': 'B-NNO', 'score': 0.6473585, 'index': 17, 'word': '.', 'start': 84, 'end': 85}, {'entity': 'B-NUM', 'score': 0.9995184, 'index': 18, 'word': 'Ġ3', 'start': 86, 'end': 87}, {'entity': 'B-SYM', 'score': 0.9987268, 'index': 19, 'word': 'Ġ/', 'start': 88, 'end': 89}, {'entity': 'B-NUM', 'score': 0.9993316, 'index': 20, 'word': 'Ġ2022', 'start': 90, 'end': 94}, {'entity': 'B-VBP', 'score': 0.99184495, 'index': 21, 'word': 'Ġdicabut', 'start': 95, 'end': 102}, {'entity': 'B-CCN', 'score': 0.9992761, 'index': 22, 'word': 'Ġdan', 'start': 103, 'end': 106}, {'entity': 'B-VBP', 'score': 0.996971, 'index': 23, 'word': 'Ġdinyatakan', 'start': 107, 'end': 117}, {'entity': 'B-NEG', 'score': 0.99844533, 'index': 24, 'word': 'Ġtidak', 'start': 118, 'end': 123}, {'entity': 'B-VBI', 'score': 0.97846186, 'index': 25, 'word': 'Ġberlaku', 'start': 124, 'end': 131}, {'entity': 'B-SYM', 'score': 0.9997131, 'index': 26, 'word': 'Ġ,', 'start': 132, 'end': 133}, {'entity': 'B-SYM', 'score': 0.99933004, 'index': 27, 'word': 'Ġ""', 'start': 134, 'end': 135}, {'entity': 'B-VBT', 'score': 0.70652115, 'index': 28, 'word': 'Ġbunyi', 'start': 136, 'end': 141}, {'entity': 'B-NNO', 'score': 0.99739826, 'index': 29, 'word': 'Ġsurat', 'start': 142, 'end': 147}, {'entity': 'B-NNO', 'score': 0.9877538, 'index': 30, 'word': 'Ġedaran', 'start': 148, 'end': 154}, {'entity': 'B-ART', 'score': 0.9981857, 'index': 31, 'word': 'Ġtersebut', 'start': 155, 'end': 163}, {'entity': 'B-PRR', 'score': 0.9988105, 'index': 32, 'word': 'Ġyang', 'start': 164, 'end': 168}, {'entity': 'B-VBP', 'score': 0.9968534, 'index': 33, 'word': 'Ġdikutip', 'start': 169, 'end': 176}, {'entity': 'B-NNO', 'score': 0.57123464, 'index': 34, 'word': 'ĠSenin', 'start': 177, 'end': 182}, {'entity': 'B-SYM', 'score': 0.9995485, 'index': 35, 'word': 'Ġ(', 'start': 183, 'end': 184}, {'entity': 'B-NUM', 'score': 0.99946886, 'index': 36, 'word': 'Ġ21', 'start': 185, 'end': 187}, {'entity': 'B-SYM', 'score': 0.9965868, 'index': 37, 'word': 'Ġ/', 'start': 188, 'end': 189}, {'entity': 'B-NUM', 'score': 0.9995579, 'index': 38, 'word': 'Ġ3', 'start': 190, 'end': 191}, {'entity': 'B-SYM', 'score': 0.99704105, 'index': 39, 'word': 'Ġ/', 'start': 192, 'end': 193}, {'entity': 'B-NUM', 'score': 0.9993455, 'index': 40, 'word': 'Ġ2022', 'start': 194, 'end': 198}, {'entity': 'B-SYM', 'score': 0.9996574, 'index': 41, 'word': 'Ġ)', 'start': 199, 'end': 200}, {'entity': 'B-SYM', 'score': 0.9996859, 'index': 42, 'word': 'Ġ.', 'start': 201, 'end': 202}]",True,1
Luhut termasuk yang setuju segera pembangunan proyek ini .,ekstraksi triplet aste :,[],"[{'aspect': 'Luhut', 'opinion': 'setuju segera pembangunan proyek', 'sentiment': 'positive'}]","[{'aspect': 'Luhut', 'opinion': 'setuju segera pembangunan proyek', 'sentiment': 'positive'}]","[{'aspect': 'Luhut', 'opinion': 'setuju segera pembangunan proyek', 'sentiment': 'positive'}]","[{'aspect': 'Luhut', 'opinion': 'setuju segera pembangunan proyek', 'sentiment': 'positive'}]","( Luhut, setuju segera pembangunan proyek, positive )",19,True,"[{'entity': 'B-NNO', 'score': 0.7169634, 'index': 0, 'word': 'ĠLuhut', 'start': 0, 'end': 5}, {'entity': 'B-ADJ', 'score': 0.634838, 'index': 1, 'word': 'Ġtermasuk', 'start': 6, 'end': 14}, {'entity': 'B-PRR', 'score': 0.99899524, 'index': 2, 'word': 'Ġyang', 'start': 15, 'end': 19}, {'entity': 'B-VBI', 'score': 0.9980738, 'index': 3, 'word': 'Ġsetuju', 'start': 20, 'end': 26}, {'entity': 'B-ADK', 'score': 0.9973333, 'index': 4, 'word': 'Ġsegera', 'start': 27, 'end': 33}, {'entity': 'B-NNO', 'score': 0.9965587, 'index': 5, 'word': 'Ġpembangunan', 'start': 34, 'end': 45}, {'entity': 'B-NNO', 'score': 0.99866164, 'index': 6, 'word': 'Ġproyek', 'start': 46, 'end': 52}, {'entity': 'B-ART', 'score': 0.99950683, 'index': 7, 'word': 'Ġini', 'start': 53, 'end': 56}, {'entity': 'B-SYM', 'score': 0.99976116, 'index': 8, 'word': 'Ġ.', 'start': 57, 'end': 58}]",True,1
"Menurut nya , tak ada hal yang perlu dikhawatirkan terkait hal itu .",ekstraksi triplet aste :,[],"[{'aspect': 'hal', 'opinion': 'tak ada', 'sentiment': 'positive'}]","[{'aspect': 'hal', 'opinion': 'tak ada', 'sentiment': 'positive'}]","[{'aspect': 'hal', 'opinion': 'tak ada', 'sentiment': 'positive'}]","[{'aspect': 'hal', 'opinion': 'tak ada', 'sentiment': 'positive'}]","( hal, tak ada, positive )",24,True,"[{'entity': 'B-PPO', 'score': 0.8756924, 'index': 0, 'word': 'ĠMenurut', 'start': 0, 'end': 7}, {'entity': 'B-PRK', 'score': 0.92259103, 'index': 1, 'word': 'Ġnya', 'start': 8, 'end': 11}, {'entity': 'B-SYM', 'score': 0.99956125, 'index': 2, 'word': 'Ġ,', 'start': 12, 'end': 13}, {'entity': 'B-NEG', 'score': 0.9974989, 'index': 3, 'word': 'Ġtak', 'start': 14, 'end': 17}, {'entity': 'B-VBE', 'score': 0.99025893, 'index': 4, 'word': 'Ġada', 'start': 18, 'end': 21}, {'entity': 'B-NNO', 'score': 0.9978115, 'index': 5, 'word': 'Ġhal', 'start': 22, 'end': 25}, {'entity': 'B-PRR', 'score': 0.99830973, 'index': 6, 'word': 'Ġyang', 'start': 26, 'end': 30}, {'entity': 'B-ADV', 'score': 0.99256855, 'index': 7, 'word': 'Ġperlu', 'start': 31, 'end': 36}, {'entity': 'B-VBP', 'score': 0.99508697, 'index': 8, 'word': 'Ġdikhawatirkan', 'start': 37, 'end': 50}, {'entity': 'B-VBP', 'score': 0.8536574, 'index': 9, 'word': 'Ġterkait', 'start': 51, 'end': 58}, {'entity': 'B-NNO', 'score': 0.99746525, 'index': 10, 'word': 'Ġhal', 'start': 59, 'end': 62}, {'entity': 'B-ART', 'score': 0.9984816, 'index': 11, 'word': 'Ġitu', 'start': 63, 'end': 66}, {'entity': 'B-SYM', 'score': 0.99954337, 'index': 12, 'word': 'Ġ.', 'start': 67, 'end': 68}]",True,1
"Kanye menikah dengan Kim Kardashian , sosialita ternama yang menjadi bagian dari keluarga Kardashian . Pihak asosiasi promotor menilai konser musik nantinya sudah bisa dijalankan meski belum diketahui secara pasti kapan pandemi akan berakhir .",ekstraksi triplet aste :,[],"[{'aspect': 'konser musik', 'opinion': 'sudah bisa dijalankan', 'sentiment': 'positive'}]","[{'aspect': 'konser musik', 'opinion': 'sudah bisa dijalankan', 'sentiment': 'positive'}]","[{'aspect': 'konser musik', 'opinion': 'sudah bisa dijalankan', 'sentiment': 'positive'}]","[{'aspect': 'konser musik', 'opinion': 'sudah bisa dijalankan', 'sentiment': 'positive'}]","( konser musik, sudah bisa dijalankan, positive )",48,True,"[{'entity': 'B-NNP', 'score': 0.94476414, 'index': 0, 'word': 'ĠK', 'start': 0, 'end': 1}, {'entity': 'B-NNP', 'score': 0.98473626, 'index': 1, 'word': 'anye', 'start': 1, 'end': 5}, {'entity': 'B-VBT', 'score': 0.6251706, 'index': 2, 'word': 'Ġmenikah', 'start': 6, 'end': 13}, {'entity': 'B-PPO', 'score': 0.9967487, 'index': 3, 'word': 'Ġdengan', 'start': 14, 'end': 20}, {'entity': 'B-NNO', 'score': 0.9199782, 'index': 4, 'word': 'ĠKim', 'start': 21, 'end': 24}, {'entity': 'B-NNP', 'score': 0.9960414, 'index': 5, 'word': 'ĠKard', 'start': 25, 'end': 29}, {'entity': 'B-NNP', 'score': 0.998102, 'index': 6, 'word': 'ash', 'start': 29, 'end': 32}, {'entity': 'B-NNP', 'score': 0.99832386, 'index': 7, 'word': 'ian', 'start': 32, 'end': 35}, {'entity': 'B-SYM', 'score': 0.99985147, 'index': 8, 'word': 'Ġ,', 'start': 36, 'end': 37}, {'entity': 'B-NNO', 'score': 0.9713885, 'index': 9, 'word': 'Ġsosial', 'start': 38, 'end': 44}, {'entity': 'B-NNO', 'score': 0.9731837, 'index': 10, 'word': 'ita', 'start': 44, 'end': 47}, {'entity': 'B-VBP', 'score': 0.8729049, 'index': 11, 'word': 'Ġternama', 'start': 48, 'end': 55}, {'entity': 'B-PRR', 'score': 0.9994111, 'index': 12, 'word': 'Ġyang', 'start': 56, 'end': 60}, {'entity': 'B-VBL', 'score': 0.998855, 'index': 13, 'word': 'Ġmenjadi', 'start': 61, 'end': 68}, {'entity': 'B-NNO', 'score': 0.9872039, 'index': 14, 'word': 'Ġbagian', 'start': 69, 'end': 75}, {'entity': 'B-PPO', 'score': 0.99950874, 'index': 15, 'word': 'Ġdari', 'start': 76, 'end': 80}, {'entity': 'B-NNO', 'score': 0.9984074, 'index': 16, 'word': 'Ġkeluarga', 'start': 81, 'end': 89}, {'entity': 'B-NNP', 'score': 0.9917013, 'index': 17, 'word': 'ĠKard', 'start': 90, 'end': 94}, {'entity': 'B-NNP', 'score': 0.99843305, 'index': 18, 'word': 'ash', 'start': 94, 'end': 97}, {'entity': 'B-NNP', 'score': 0.99833834, 'index': 19, 'word': 'ian', 'start': 97, 'end': 100}, {'entity': 'B-SYM', 'score': 0.9997919, 'index': 20, 'word': 'Ġ.', 'start': 101, 'end': 102}, {'entity': 'B-NNO', 'score': 0.996842, 'index': 21, 'word': 'ĠPihak', 'start': 103, 'end': 108}, {'entity': 'B-NNO', 'score': 0.9553986, 'index': 22, 'word': 'Ġasosiasi', 'start': 109, 'end': 117}, {'entity': 'B-NNO', 'score': 0.9897273, 'index': 23, 'word': 'Ġpromotor', 'start': 118, 'end': 126}, {'entity': 'B-VBT', 'score': 0.9975268, 'index': 24, 'word': 'Ġmenilai', 'start': 127, 'end': 134}, {'entity': 'B-NNO', 'score': 0.9988438, 'index': 25, 'word': 'Ġkonser', 'start': 135, 'end': 141}, {'entity': 'B-NNO', 'score': 0.998206, 'index': 26, 'word': 'Ġmusik', 'start': 142, 'end': 147}, {'entity': 'B-NNO', 'score': 0.996994, 'index': 27, 'word': 'Ġnantinya', 'start': 148, 'end': 156}, {'entity': 'B-ADK', 'score': 0.9995771, 'index': 28, 'word': 'Ġsudah', 'start': 157, 'end': 162}, {'entity': 'B-ADV', 'score': 0.9969765, 'index': 29, 'word': 'Ġbisa', 'start': 163, 'end': 167}, {'entity': 'B-VBP', 'score': 0.9937844, 'index': 30, 'word': 'Ġdijalankan', 'start': 168, 'end': 178}, {'entity': 'B-CSN', 'score': 0.9981591, 'index': 31, 'word': 'Ġmeski', 'start': 179, 'end': 184}, {'entity': 'B-ADK', 'score': 0.998066, 'index': 32, 'word': 'Ġbelum', 'start': 185, 'end': 190}, {'entity': 'B-VBP', 'score': 0.9980964, 'index': 33, 'word': 'Ġdiketahui', 'start': 191, 'end': 200}, {'entity': 'B-PPO', 'score': 0.9986519, 'index': 34, 'word': 'Ġsecara', 'start': 201, 'end': 207}, {'entity': 'B-ADV', 'score': 0.79495496, 'index': 35, 'word': 'Ġpasti', 'start': 208, 'end': 213}, {'entity': 'B-PRI', 'score': 0.9701845, 'index': 36, 'word': 'Ġkapan', 'start': 214, 'end': 219}, {'entity': 'B-NNP', 'score': 0.9582704, 'index': 37, 'word': 'Ġpand', 'start': 220, 'end': 224}, {'entity': 'B-NNP', 'score': 0.9412015, 'index': 38, 'word': 'emi', 'start': 224, 'end': 227}, {'entity': 'B-ADK', 'score': 0.99960095, 'index': 39, 'word': 'Ġakan', 'start': 228, 'end': 232}, {'entity': 'B-VBI', 'score': 0.99622726, 'index': 40, 'word': 'Ġberakhir', 'start': 233, 'end': 241}, {'entity': 'B-SYM', 'score': 0.99978226, 'index': 41, 'word': 'Ġ.', 'start': 242, 'end': 243}]",True,1
""" Komisi menganggap ada peran gas alam dan nuklir sebagai sarana untuk memfasilitasi transisi menuju masa depan berbasis energi terbarukan , "" kata pernyataan itu , yang dirilis pada hari Sabtu ( 1 / 1 / 2022 ) .",ekstraksi triplet aste :,"[{'aspect': 'gas alam dan nuklir', 'opinion': 'memfasilitasi transisi menuju masa depan berbasis energi terbarukan', 'sentiment': 'positive'}]",[],[],[],[],NONE,54,True,"[{'entity': 'B-SYM', 'score': 0.9997681, 'index': 0, 'word': 'Ġ""', 'start': 0, 'end': 1}, {'entity': 'B-NNO', 'score': 0.89221984, 'index': 1, 'word': 'ĠKomisi', 'start': 2, 'end': 8}, {'entity': 'B-VBT', 'score': 0.99713314, 'index': 2, 'word': 'Ġmenganggap', 'start': 9, 'end': 19}, {'entity': 'B-VBE', 'score': 0.99645597, 'index': 3, 'word': 'Ġada', 'start': 20, 'end': 23}, {'entity': 'B-NNO', 'score': 0.9983222, 'index': 4, 'word': 'Ġperan', 'start': 24, 'end': 29}, {'entity': 'B-NNO', 'score': 0.9932729, 'index': 5, 'word': 'Ġgas', 'start': 30, 'end': 33}, {'entity': 'B-NNO', 'score': 0.87453645, 'index': 6, 'word': 'Ġalam', 'start': 34, 'end': 38}, {'entity': 'B-CCN', 'score': 0.99949586, 'index': 7, 'word': 'Ġdan', 'start': 39, 'end': 42}, {'entity': 'B-NNO', 'score': 0.9939622, 'index': 8, 'word': 'Ġnuklir', 'start': 43, 'end': 49}, {'entity': 'B-PPO', 'score': 0.9990257, 'index': 9, 'word': 'Ġsebagai', 'start': 50, 'end': 57}, {'entity': 'B-NNO', 'score': 0.9960295, 'index': 10, 'word': 'Ġsarana', 'start': 58, 'end': 64}, {'entity': 'B-PPO', 'score': 0.999498, 'index': 11, 'word': 'Ġuntuk', 'start': 65, 'end': 70}, {'entity': 'B-VBT', 'score': 0.9875372, 'index': 12, 'word': 'Ġmemfasilitasi', 'start': 71, 'end': 84}, {'entity': 'B-NNO', 'score': 0.996135, 'index': 13, 'word': 'Ġtransisi', 'start': 85, 'end': 93}, {'entity': 'B-PPO', 'score': 0.73975974, 'index': 14, 'word': 'Ġmenuju', 'start': 94, 'end': 100}, {'entity': 'B-NNO', 'score': 0.9971614, 'index': 15, 'word': 'Ġmasa', 'start': 101, 'end': 105}, {'entity': 'B-NNO', 'score': 0.99626344, 'index': 16, 'word': 'Ġdepan', 'start': 106, 'end': 111}, {'entity': 'B-VBI', 'score': 0.92072415, 'index': 17, 'word': 'Ġberbasis', 'start': 112, 'end': 120}, {'entity': 'B-NNO', 'score': 0.9891761, 'index': 18, 'word': 'Ġenergi', 'start': 121, 'end': 127}, {'entity': 'B-VBI', 'score': 0.45215946, 'index': 19, 'word': 'Ġterbarukan', 'start': 128, 'end': 138}, {'entity': 'B-SYM', 'score': 0.9998196, 'index': 20, 'word': 'Ġ,', 'start': 139, 'end': 140}, {'entity': 'B-SYM', 'score': 0.9995982, 'index': 21, 'word': 'Ġ""', 'start': 141, 'end': 142}, {'entity': 'B-VBT', 'score': 0.9990884, 'index': 22, 'word': 'Ġkata', 'start': 143, 'end': 147}, {'entity': 'B-NNO', 'score': 0.99925286, 'index': 23, 'word': 'Ġpernyataan', 'start': 148, 'end': 158}, {'entity': 'B-ART', 'score': 0.99676776, 'index': 24, 'word': 'Ġitu', 'start': 159, 'end': 162}, {'entity': 'B-SYM', 'score': 0.99981207, 'index': 25, 'word': 'Ġ,', 'start': 163, 'end': 164}, {'entity': 'B-PRR', 'score': 0.99951124, 'index': 26, 'word': 'Ġyang', 'start': 165, 'end': 169}, {'entity': 'B-VBP', 'score': 0.9971085, 'index': 27, 'word': 'Ġdirilis', 'start': 170, 'end': 177}, {'entity': 'B-PPO', 'score': 0.99949, 'index': 28, 'word': 'Ġpada', 'start': 178, 'end': 182}, {'entity': 'B-NNO', 'score': 0.99895954, 'index': 29, 'word': 'Ġhari', 'start': 183, 'end': 187}, {'entity': 'B-NNP', 'score': 0.6333538, 'index': 30, 'word': 'ĠSabtu', 'start': 188, 'end': 193}, {'entity': 'B-SYM', 'score': 0.9997533, 'index': 31, 'word': 'Ġ(', 'start': 194, 'end': 195}, {'entity': 'B-NUM', 'score': 0.999607, 'index': 32, 'word': 'Ġ1', 'start': 196, 'end': 197}, {'entity': 'B-SYM', 'score': 0.9956917, 'index': 33, 'word': 'Ġ/', 'start': 198, 'end': 199}, {'entity': 'B-NUM', 'score': 0.99959546, 'index': 34, 'word': 'Ġ1', 'start': 200, 'end': 201}, {'entity': 'B-SYM', 'score': 0.9977481, 'index': 35, 'word': 'Ġ/', 'start': 202, 'end': 203}, {'entity': 'B-NUM', 'score': 0.9995684, 'index': 36, 'word': 'Ġ2022', 'start': 204, 'end': 208}, {'entity': 'B-SYM', 'score': 0.99979836, 'index': 37, 'word': 'Ġ)', 'start': 209, 'end': 210}, {'entity': 'B-SYM', 'score': 0.99977297, 'index': 38, 'word': 'Ġ.', 'start': 211, 'end': 212}]",True,2
Alhasil pelaku usaha pun bisa mengukur berapa besar investasi yang bakal keluar .,ekstraksi triplet aste :,"[{'aspect': 'pelaku usaha', 'opinion': 'bisa mengukur berapa besar investasi', 'sentiment': 'positive'}]",[],[],[],[],NONE,22,True,"[{'entity': 'B-NNO', 'score': 0.55355394, 'index': 0, 'word': 'ĠAlhasil', 'start': 0, 'end': 7}, {'entity': 'B-NNO', 'score': 0.99497765, 'index': 1, 'word': 'Ġpelaku', 'start': 8, 'end': 14}, {'entity': 'B-NNO', 'score': 0.9835202, 'index': 2, 'word': 'Ġusaha', 'start': 15, 'end': 20}, {'entity': 'B-PAR', 'score': 0.99573034, 'index': 3, 'word': 'Ġpun', 'start': 21, 'end': 24}, {'entity': 'B-ADV', 'score': 0.9973406, 'index': 4, 'word': 'Ġbisa', 'start': 25, 'end': 29}, {'entity': 'B-VBT', 'score': 0.8086998, 'index': 5, 'word': 'Ġmengukur', 'start': 30, 'end': 38}, {'entity': 'B-PRI', 'score': 0.7700067, 'index': 6, 'word': 'Ġberapa', 'start': 39, 'end': 45}, {'entity': 'B-ADJ', 'score': 0.9887461, 'index': 7, 'word': 'Ġbesar', 'start': 46, 'end': 51}, {'entity': 'B-NNO', 'score': 0.995618, 'index': 8, 'word': 'Ġinvestasi', 'start': 52, 'end': 61}, {'entity': 'B-PRR', 'score': 0.99858356, 'index': 9, 'word': 'Ġyang', 'start': 62, 'end': 66}, {'entity': 'B-ADK', 'score': 0.9986343, 'index': 10, 'word': 'Ġbakal', 'start': 67, 'end': 72}, {'entity': 'B-VBI', 'score': 0.99486697, 'index': 11, 'word': 'Ġkeluar', 'start': 73, 'end': 79}, {'entity': 'B-SYM', 'score': 0.99966824, 'index': 12, 'word': 'Ġ.', 'start': 80, 'end': 81}]",True,2
Mulai dari penonton yang berdesakkan hingga banyak yang tidak menggunakan masker atau masker nya dicopot .,ekstraksi triplet aste :,"[{'aspect': 'penonton', 'opinion': 'berdesakkan', 'sentiment': 'negative'}, {'aspect': 'penonton', 'opinion': 'banyak yang tidak menggunakan masker', 'sentiment': 'negative'}, {'aspect': 'penonton', 'opinion': 'masker nya dicopot', 'sentiment': 'negative'}]",[],[],[],[],NONE,28,True,"[{'entity': 'B-VBI', 'score': 0.95604974, 'index': 0, 'word': 'ĠMulai', 'start': 0, 'end': 5}, {'entity': 'B-PPO', 'score': 0.99877125, 'index': 1, 'word': 'Ġdari', 'start': 6, 'end': 10}, {'entity': 'B-NNO', 'score': 0.9982395, 'index': 2, 'word': 'Ġpenonton', 'start': 11, 'end': 19}, {'entity': 'B-PRR', 'score': 0.99907327, 'index': 3, 'word': 'Ġyang', 'start': 20, 'end': 24}, {'entity': 'B-VBI', 'score': 0.91975886, 'index': 4, 'word': 'Ġberd', 'start': 25, 'end': 29}, {'entity': 'B-VBI', 'score': 0.7049203, 'index': 5, 'word': 'es', 'start': 29, 'end': 31}, {'entity': 'B-VBI', 'score': 0.5641401, 'index': 6, 'word': 'akkan', 'start': 31, 'end': 36}, {'entity': 'B-PPO', 'score': 0.9403011, 'index': 7, 'word': 'Ġhingga', 'start': 37, 'end': 43}, {'entity': 'B-KUA', 'score': 0.9954123, 'index': 8, 'word': 'Ġbanyak', 'start': 44, 'end': 50}, {'entity': 'B-PRR', 'score': 0.9990741, 'index': 9, 'word': 'Ġyang', 'start': 51, 'end': 55}, {'entity': 'B-NEG', 'score': 0.9983169, 'index': 10, 'word': 'Ġtidak', 'start': 56, 'end': 61}, {'entity': 'B-VBT', 'score': 0.99769646, 'index': 11, 'word': 'Ġmenggunakan', 'start': 62, 'end': 73}, {'entity': 'B-NNO', 'score': 0.9087722, 'index': 12, 'word': 'Ġmasker', 'start': 74, 'end': 80}, {'entity': 'B-CCN', 'score': 0.9990934, 'index': 13, 'word': 'Ġatau', 'start': 81, 'end': 85}, {'entity': 'B-NNO', 'score': 0.93460625, 'index': 14, 'word': 'Ġmasker', 'start': 86, 'end': 92}, {'entity': 'B-PRK', 'score': 0.9444932, 'index': 15, 'word': 'Ġnya', 'start': 93, 'end': 96}, {'entity': 'B-VBP', 'score': 0.96876836, 'index': 16, 'word': 'Ġdicopot', 'start': 97, 'end': 104}, {'entity': 'B-SYM', 'score': 0.9996427, 'index': 17, 'word': 'Ġ.', 'start': 105, 'end': 106}]",True,2
"Mereka menampilkan pesan "" Matilah Imperialis Amerika ! "" .",ekstraksi triplet aste :,"[{'aspect': 'pesan', 'opinion': 'Matilah', 'sentiment': 'negative'}]",[],[],[],[],NONE,21,True,"[{'entity': 'B-PRN', 'score': 0.99491274, 'index': 0, 'word': 'ĠMereka', 'start': 0, 'end': 6}, {'entity': 'B-VBT', 'score': 0.989421, 'index': 1, 'word': 'Ġmenampilkan', 'start': 7, 'end': 18}, {'entity': 'B-NNO', 'score': 0.9942925, 'index': 2, 'word': 'Ġpesan', 'start': 19, 'end': 24}, {'entity': 'B-SYM', 'score': 0.9994443, 'index': 3, 'word': 'Ġ""', 'start': 25, 'end': 26}, {'entity': 'B-NNO', 'score': 0.9874143, 'index': 4, 'word': 'ĠMat', 'start': 27, 'end': 30}, {'entity': 'B-NNO', 'score': 0.9867595, 'index': 5, 'word': 'ilah', 'start': 30, 'end': 34}, {'entity': 'B-NNO', 'score': 0.977647, 'index': 6, 'word': 'ĠIm', 'start': 35, 'end': 37}, {'entity': 'B-NNO', 'score': 0.7909167, 'index': 7, 'word': 'peri', 'start': 37, 'end': 41}, {'entity': 'B-NNO', 'score': 0.9613761, 'index': 8, 'word': 'alis', 'start': 41, 'end': 45}, {'entity': 'B-NNP', 'score': 0.95093817, 'index': 9, 'word': 'ĠAmerika', 'start': 46, 'end': 53}, {'entity': 'B-SYM', 'score': 0.99942905, 'index': 10, 'word': 'Ġ!', 'start': 54, 'end': 55}, {'entity': 'B-SYM', 'score': 0.9994362, 'index': 11, 'word': 'Ġ""', 'start': 56, 'end': 57}, {'entity': 'B-SYM', 'score': 0.9994179, 'index': 12, 'word': 'Ġ.', 'start': 58, 'end': 59}]",True,2
Masalah nya ketergantungan Eropa terhadap pasokan gas dari Rusia sangat tinggi .,ekstraksi triplet aste :,"[{'aspect': 'ketergantungan Eropa', 'opinion': 'sangat tinggi', 'sentiment': 'negative'}]",[],[],[],[],NONE,22,True,"[{'entity': 'B-NNO', 'score': 0.99684876, 'index': 0, 'word': 'ĠMasalah', 'start': 0, 'end': 7}, {'entity': 'B-PRK', 'score': 0.79420257, 'index': 1, 'word': 'Ġnya', 'start': 8, 'end': 11}, {'entity': 'B-NNO', 'score': 0.98502064, 'index': 2, 'word': 'Ġketergantungan', 'start': 12, 'end': 26}, {'entity': 'B-NNO', 'score': 0.7155441, 'index': 3, 'word': 'ĠEropa', 'start': 27, 'end': 32}, {'entity': 'B-PPO', 'score': 0.9979613, 'index': 4, 'word': 'Ġterhadap', 'start': 33, 'end': 41}, {'entity': 'B-NNO', 'score': 0.99422884, 'index': 5, 'word': 'Ġpasokan', 'start': 42, 'end': 49}, {'entity': 'B-NNO', 'score': 0.9952036, 'index': 6, 'word': 'Ġgas', 'start': 50, 'end': 53}, {'entity': 'B-PPO', 'score': 0.99929583, 'index': 7, 'word': 'Ġdari', 'start': 54, 'end': 58}, {'entity': 'B-NNO', 'score': 0.71320087, 'index': 8, 'word': 'ĠRusia', 'start': 59, 'end': 64}, {'entity': 'B-ADV', 'score': 0.9957163, 'index': 9, 'word': 'Ġsangat', 'start': 65, 'end': 71}, {'entity': 'B-ADJ', 'score': 0.9894098, 'index': 10, 'word': 'Ġtinggi', 'start': 72, 'end': 78}, {'entity': 'B-SYM', 'score': 0.9985885, 'index': 11, 'word': 'Ġ.', 'start': 79, 'end': 80}]",True,2
"memperlakukan ini seolah-olah kita akan mengobati flu atau pilek , "" kata nya . Jakarta , CNBC Indonesia - Menteri Koordinator Bidang Kemaritiman dan Investasi Luhut Binsar Pandjaitan angkat bicara perihal angka kasus kematian Covid - 19 yang mencapa 111 orang dalam satu hari .",ekstraksi triplet aste :,"[{'aspect': 'kasus kematian Covid - 19', 'opinion': 'mencapa 111 orang', 'sentiment': 'negative'}]","[{'aspect': 'angka kasus kematian Covid - 19', 'opinion': 'mencapa 111 orang dalam satu hari', 'sentiment': 'negative'}]","[{'aspect': 'angka kasus kematian Covid - 19', 'opinion': 'mencapa 111 orang dalam satu hari', 'sentiment': 'negative'}]","[{'aspect': 'angka kasus kematian Covid - 19', 'opinion': 'mencapa 111 orang dalam satu hari', 'sentiment': 'negative'}]","[{'aspect': 'angka kasus kematian Covid - 19', 'opinion': 'mencapa 111 orang dalam satu hari', 'sentiment': 'negative'}]","( angka kasus kematian Covid - 19, mencapa 111 orang dalam satu hari, negative )",70,True,"[{'entity': 'B-VBT', 'score': 0.9902526, 'index': 0, 'word': 'Ġmemperlakukan', 'start': 0, 'end': 13}, {'entity': 'B-ART', 'score': 0.98062, 'index': 1, 'word': 'Ġini', 'start': 14, 'end': 17}, {'entity': 'B-CSN', 'score': 0.90688956, 'index': 2, 'word': 'Ġseolah', 'start': 18, 'end': 24}, {'entity': 'B-NNO', 'score': 0.33020496, 'index': 3, 'word': '-', 'start': 24, 'end': 25}, {'entity': 'B-CSN', 'score': 0.82807374, 'index': 4, 'word': 'olah', 'start': 25, 'end': 29}, {'entity': 'B-PRN', 'score': 0.9980652, 'index': 5, 'word': 'Ġkita', 'start': 30, 'end': 34}, {'entity': 'B-ADK', 'score': 0.9992741, 'index': 6, 'word': 'Ġakan', 'start': 35, 'end': 39}, {'entity': 'B-VBT', 'score': 0.9882185, 'index': 7, 'word': 'Ġmengobati', 'start': 40, 'end': 49}, {'entity': 'B-NNO', 'score': 0.9766149, 'index': 8, 'word': 'Ġflu', 'start': 50, 'end': 53}, {'entity': 'B-CCN', 'score': 0.99932027, 'index': 9, 'word': 'Ġatau', 'start': 54, 'end': 58}, {'entity': 'B-NNO', 'score': 0.95960295, 'index': 10, 'word': 'Ġpilek', 'start': 59, 'end': 64}, {'entity': 'B-SYM', 'score': 0.9997924, 'index': 11, 'word': 'Ġ,', 'start': 65, 'end': 66}, {'entity': 'B-SYM', 'score': 0.9996151, 'index': 12, 'word': 'Ġ""', 'start': 67, 'end': 68}, {'entity': 'B-VBT', 'score': 0.9989171, 'index': 13, 'word': 'Ġkata', 'start': 69, 'end': 73}, {'entity': 'B-PRK', 'score': 0.9414644, 'index': 14, 'word': 'Ġnya', 'start': 74, 'end': 77}, {'entity': 'B-SYM', 'score': 0.9996941, 'index': 15, 'word': 'Ġ.', 'start': 78, 'end': 79}, {'entity': 'B-NNP', 'score': 0.6773742, 'index': 16, 'word': 'ĠJakarta', 'start': 80, 'end': 87}, {'entity': 'B-SYM', 'score': 0.99979883, 'index': 17, 'word': 'Ġ,', 'start': 88, 'end': 89}, {'entity': 'B-NNP', 'score': 0.9941916, 'index': 18, 'word': 'ĠCN', 'start': 90, 'end': 92}, {'entity': 'B-NNP', 'score': 0.9981324, 'index': 19, 'word': 'BC', 'start': 92, 'end': 94}, {'entity': 'B-NNP', 'score': 0.9979512, 'index': 20, 'word': 'ĠIndonesia', 'start': 95, 'end': 104}, {'entity': 'B-SYM', 'score': 0.9996971, 'index': 21, 'word': 'Ġ-', 'start': 105, 'end': 106}, {'entity': 'B-NNO', 'score': 0.9878468, 'index': 22, 'word': 'ĠMenteri', 'start': 107, 'end': 114}, {'entity': 'B-NNO', 'score': 0.9759, 'index': 23, 'word': 'ĠKoordinator', 'start': 115, 'end': 126}, {'entity': 'B-NNO', 'score': 0.98074305, 'index': 24, 'word': 'ĠBidang', 'start': 127, 'end': 133}, {'entity': 'B-NNP', 'score': 0.61502254, 'index': 25, 'word': 'ĠKem', 'start': 134, 'end': 137}, {'entity': 'B-NNP', 'score': 0.7750974, 'index': 26, 'word': 'aritiman', 'start': 137, 'end': 145}, {'entity': 'B-CCN', 'score': 0.9994299, 'index': 27, 'word': 'Ġdan', 'start': 146, 'end': 149}, {'entity': 'B-NNO', 'score': 0.9079912, 'index': 28, 'word': 'ĠInvestasi', 'start': 150, 'end': 159}, {'entity': 'B-NNP', 'score': 0.5637835, 'index': 29, 'word': 'ĠLuhut', 'start': 160, 'end': 165}, {'entity': 'B-NNP', 'score': 0.997468, 'index': 30, 'word': 'ĠB', 'start': 166, 'end': 167}, {'entity': 'B-NNP', 'score': 0.995239, 'index': 31, 'word': 'ins', 'start': 167, 'end': 170}, {'entity': 'B-NNP', 'score': 0.9975431, 'index': 32, 'word': 'ar', 'start': 170, 'end': 172}, {'entity': 'B-NNP', 'score': 0.9977325, 'index': 33, 'word': 'ĠPand', 'start': 173, 'end': 177}, {'entity': 'B-NNP', 'score': 0.99730694, 'index': 34, 'word': 'ja', 'start': 177, 'end': 179}, {'entity': 'B-NNP', 'score': 0.9980343, 'index': 35, 'word': 'itan', 'start': 179, 'end': 183}, {'entity': 'B-VBI', 'score': 0.64891946, 'index': 36, 'word': 'Ġangkat', 'start': 184, 'end': 190}, {'entity': 'B-NNO', 'score': 0.9628017, 'index': 37, 'word': 'Ġbicara', 'start': 191, 'end': 197}, {'entity': 'B-NNO', 'score': 0.54422206, 'index': 38, 'word': 'Ġperihal', 'start': 198, 'end': 205}, {'entity': 'B-NNO', 'score': 0.9979705, 'index': 39, 'word': 'Ġangka', 'start': 206, 'end': 211}, {'entity': 'B-NNO', 'score': 0.9994092, 'index': 40, 'word': 'Ġkasus', 'start': 212, 'end': 217}, {'entity': 'B-NNO', 'score': 0.9967662, 'index': 41, 'word': 'Ġkematian', 'start': 218, 'end': 226}, {'entity': 'B-NNP', 'score': 0.99865144, 'index': 42, 'word': 'ĠC', 'start': 227, 'end': 228}, {'entity': 'B-NNP', 'score': 0.99812895, 'index': 43, 'word': 'ov', 'start': 228, 'end': 230}, {'entity': 'B-NNP', 'score': 0.9989267, 'index': 44, 'word': 'id', 'start': 230, 'end': 232}, {'entity': 'B-SYM', 'score': 0.99970824, 'index': 45, 'word': 'Ġ-', 'start': 233, 'end': 234}, {'entity': 'B-NUM', 'score': 0.9995167, 'index': 46, 'word': 'Ġ19', 'start': 235, 'end': 237}, {'entity': 'B-PRR', 'score': 0.99948114, 'index': 47, 'word': 'Ġyang', 'start': 238, 'end': 242}, {'entity': 'B-VBT', 'score': 0.94741344, 'index': 48, 'word': 'Ġmenc', 'start': 243, 'end': 247}, {'entity': 'B-VBT', 'score': 0.95540076, 'index': 49, 'word': 'apa', 'start': 247, 'end': 250}, {'entity': 'B-NUM', 'score': 0.99938786, 'index': 50, 'word': 'Ġ111', 'start': 251, 'end': 254}, {'entity': 'B-NNO', 'score': 0.9955615, 'index': 51, 'word': 'Ġorang', 'start': 255, 'end': 260}, {'entity': 'B-PPO', 'score': 0.996231, 'index': 52, 'word': 'Ġdalam', 'start': 261, 'end': 266}, {'entity': 'B-NUM', 'score': 0.9912218, 'index': 53, 'word': 'Ġsatu', 'start': 267, 'end': 271}, {'entity': 'B-NNO', 'score': 0.996314, 'index': 54, 'word': 'Ġhari', 'start': 272, 'end': 276}, {'entity': 'B-SYM', 'score': 0.99968755, 'index': 55, 'word': 'Ġ.', 'start': 277, 'end': 278}]",True,3
""" Semua tiket akan dikembalikan sepenuh nya tanpa biaya pengembalian uang , "" kata penyelenggara .",ekstraksi triplet aste :,"[{'aspect': 'tiket', 'opinion': 'akan dikembalikan sepenuh nya', 'sentiment': 'positive'}]","[{'aspect': 'tiket', 'opinion': 'dikembalikan sepenuh nya tanpa biaya pengembalian uang', 'sentiment': 'positive'}]","[{'aspect': 'tiket', 'opinion': 'dikembalikan sepenuh nya tanpa biaya pengembalian uang', 'sentiment': 'positive'}]","[{'aspect': 'tiket', 'opinion': 'dikembalikan sepenuh nya tanpa biaya pengembalian uang', 'sentiment': 'positive'}]","[{'aspect': 'tiket', 'opinion': 'dikembalikan sepenuh nya tanpa biaya pengembalian uang', 'sentiment': 'positive'}]","( tiket, dikembalikan sepenuh nya tanpa biaya pengembalian uang, positive )",28,True,"[{'entity': 'B-SYM', 'score': 0.9997087, 'index': 0, 'word': 'Ġ""', 'start': 0, 'end': 1}, {'entity': 'B-KUA', 'score': 0.9676501, 'index': 1, 'word': 'ĠSemua', 'start': 2, 'end': 7}, {'entity': 'B-NNO', 'score': 0.99851733, 'index': 2, 'word': 'Ġtiket', 'start': 8, 'end': 13}, {'entity': 'B-ADK', 'score': 0.99881303, 'index': 3, 'word': 'Ġakan', 'start': 14, 'end': 18}, {'entity': 'B-VBP', 'score': 0.99285465, 'index': 4, 'word': 'Ġdikembalikan', 'start': 19, 'end': 31}, {'entity': 'B-NNO', 'score': 0.5065901, 'index': 5, 'word': 'Ġsepenuh', 'start': 32, 'end': 39}, {'entity': 'B-ART', 'score': 0.9405167, 'index': 6, 'word': 'Ġnya', 'start': 40, 'end': 43}, {'entity': 'B-ADV', 'score': 0.8870531, 'index': 7, 'word': 'Ġtanpa', 'start': 44, 'end': 49}, {'entity': 'B-NNO', 'score': 0.9991364, 'index': 8, 'word': 'Ġbiaya', 'start': 50, 'end': 55}, {'entity': 'B-NNO', 'score': 0.992994, 'index': 9, 'word': 'Ġpengembalian', 'start': 56, 'end': 68}, {'entity': 'B-NNO', 'score': 0.99561346, 'index': 10, 'word': 'Ġuang', 'start': 69, 'end': 73}, {'entity': 'B-SYM', 'score': 0.9997038, 'index': 11, 'word': 'Ġ,', 'start': 74, 'end': 75}, {'entity': 'B-SYM', 'score': 0.9997168, 'index': 12, 'word': 'Ġ""', 'start': 76, 'end': 77}, {'entity': 'B-VBT', 'score': 0.99870193, 'index': 13, 'word': 'Ġkata', 'start': 78, 'end': 82}, {'entity': 'B-NNO', 'score': 0.9513226, 'index': 14, 'word': 'Ġpenyelenggara', 'start': 83, 'end': 96}, {'entity': 'B-SYM', 'score': 0.9997012, 'index': 15, 'word': 'Ġ.', 'start': 97, 'end': 98}]",True,3
""" Perilisan tur di San Diego sukses besar dan Justin bersemangat untuk membawa pertunjukan spektakuler ini kepada para penggemar nya di Las Vegas sesegera mungkin . "" tulis pernyataan tersebut .",ekstraksi triplet aste :,"[{'aspect': 'Perilisan tur di San Diego', 'opinion': 'sukses besar', 'sentiment': 'positive'}, {'aspect': 'Justin', 'opinion': 'bersemangat', 'sentiment': 'positive'}]","[{'aspect': 'Justin', 'opinion': 'bersemangat', 'sentiment': 'positive'}, {'aspect': 'Justin', 'opinion': 'bersemangat', 'sentiment': 'positive'}]","[{'aspect': 'Justin', 'opinion': 'bersemangat', 'sentiment': 'positive'}, {'aspect': 'Justin', 'opinion': 'bersemangat', 'sentiment': 'positive'}]","[{'aspect': 'Justin', 'opinion': 'bersemangat', 'sentiment': 'positive'}, {'aspect': 'Justin', 'opinion': 'bersemangat', 'sentiment': 'positive'}]","[{'aspect': 'Justin', 'opinion': 'bersemangat', 'sentiment': 'positive'}, {'aspect': 'Justin', 'opinion': 'bersemangat', 'sentiment': 'positive'}]","( Justin, bersemangat, positive ) ; ( Justin, bersemangat, positive )",47,True,"[{'entity': 'B-SYM', 'score': 0.9998053, 'index': 0, 'word': 'Ġ""', 'start': 0, 'end': 1}, {'entity': 'B-NNO', 'score': 0.97823626, 'index': 1, 'word': 'ĠPer', 'start': 2, 'end': 5}, {'entity': 'B-NNO', 'score': 0.9802499, 'index': 2, 'word': 'ilis', 'start': 5, 'end': 9}, {'entity': 'B-NNO', 'score': 0.9904958, 'index': 3, 'word': 'an', 'start': 9, 'end': 11}, {'entity': 'B-NNO', 'score': 0.9911848, 'index': 4, 'word': 'Ġtur', 'start': 12, 'end': 15}, {'entity': 'B-PPO', 'score': 0.9995691, 'index': 5, 'word': 'Ġdi', 'start': 16, 'end': 18}, {'entity': 'B-NNO', 'score': 0.7329266, 'index': 6, 'word': 'ĠSan', 'start': 19, 'end': 22}, {'entity': 'B-NNP', 'score': 0.9850013, 'index': 7, 'word': 'ĠDiego', 'start': 23, 'end': 28}, {'entity': 'B-ADJ', 'score': 0.49766326, 'index': 8, 'word': 'Ġsukses', 'start': 29, 'end': 35}, {'entity': 'B-ADJ', 'score': 0.9883038, 'index': 9, 'word': 'Ġbesar', 'start': 36, 'end': 41}, {'entity': 'B-CCN', 'score': 0.99932194, 'index': 10, 'word': 'Ġdan', 'start': 42, 'end': 45}, {'entity': 'B-NNP', 'score': 0.9757017, 'index': 11, 'word': 'ĠJustin', 'start': 46, 'end': 52}, {'entity': 'B-VBI', 'score': 0.6665589, 'index': 12, 'word': 'Ġbersemangat', 'start': 53, 'end': 64}, {'entity': 'B-PPO', 'score': 0.9996463, 'index': 13, 'word': 'Ġuntuk', 'start': 65, 'end': 70}, {'entity': 'B-VBT', 'score': 0.9866152, 'index': 14, 'word': 'Ġmembawa', 'start': 71, 'end': 78}, {'entity': 'B-NNO', 'score': 0.99872285, 'index': 15, 'word': 'Ġpertunjukan', 'start': 79, 'end': 90}, {'entity': 'B-NNO', 'score': 0.98461443, 'index': 16, 'word': 'Ġspektakuler', 'start': 91, 'end': 102}, {'entity': 'B-ART', 'score': 0.9993311, 'index': 17, 'word': 'Ġini', 'start': 103, 'end': 106}, {'entity': 'B-PPO', 'score': 0.99939847, 'index': 18, 'word': 'Ġkepada', 'start': 107, 'end': 113}, {'entity': 'B-ART', 'score': 0.99533904, 'index': 19, 'word': 'Ġpara', 'start': 114, 'end': 118}, {'entity': 'B-NNO', 'score': 0.99854785, 'index': 20, 'word': 'Ġpenggemar', 'start': 119, 'end': 128}, {'entity': 'B-PRK', 'score': 0.97141147, 'index': 21, 'word': 'Ġnya', 'start': 129, 'end': 132}, {'entity': 'B-PPO', 'score': 0.9996306, 'index': 22, 'word': 'Ġdi', 'start': 133, 'end': 135}, {'entity': 'B-NNO', 'score': 0.837354, 'index': 23, 'word': 'ĠLas', 'start': 136, 'end': 139}, {'entity': 'B-NNP', 'score': 0.8346034, 'index': 24, 'word': 'ĠVegas', 'start': 140, 'end': 145}, {'entity': 'B-NNO', 'score': 0.42231345, 'index': 25, 'word': 'Ġsesegera', 'start': 146, 'end': 154}, {'entity': 'B-ADV', 'score': 0.993548, 'index': 26, 'word': 'Ġmungkin', 'start': 155, 'end': 162}, {'entity': 'B-SYM', 'score': 0.9997888, 'index': 27, 'word': 'Ġ.', 'start': 163, 'end': 164}, {'entity': 'B-SYM', 'score': 0.9998154, 'index': 28, 'word': 'Ġ""', 'start': 165, 'end': 166}, {'entity': 'B-VBT', 'score': 0.82991093, 'index': 29, 'word': 'Ġtulis', 'start': 167, 'end': 172}, {'entity': 'B-NNO', 'score': 0.9987777, 'index': 30, 'word': 'Ġpernyataan', 'start': 173, 'end': 183}, {'entity': 'B-ART', 'score': 0.9957913, 'index': 31, 'word': 'Ġtersebut', 'start': 184, 'end': 192}, {'entity': 'B-SYM', 'score': 0.9997881, 'index': 32, 'word': 'Ġ.', 'start': 193, 'end': 194}]",True,3
Hal itu disampaikan lantaran suhu udara di Kaltim sudah mulai panas imbas hutan gundul di sejumlah wilayah .,ekstraksi triplet aste :,"[{'aspect': 'suhu udara', 'opinion': 'mulai panas', 'sentiment': 'negative'}, {'aspect': 'hutan', 'opinion': 'gundul', 'sentiment': 'negative'}]","[{'aspect': 'suhu udara', 'opinion': 'sudah mulai panas', 'sentiment': 'negative'}, {'aspect': 'hutan', 'opinion': 'gundul', 'sentiment': 'negative'}]","[{'aspect': 'suhu udara', 'opinion': 'sudah mulai panas', 'sentiment': 'negative'}, {'aspect': 'hutan', 'opinion': 'gundul', 'sentiment': 'negative'}]","[{'aspect': 'suhu udara', 'opinion': 'sudah mulai panas', 'sentiment': 'negative'}, {'aspect': 'hutan', 'opinion': 'gundul', 'sentiment': 'negative'}]","[{'aspect': 'suhu udara', 'opinion': 'sudah mulai panas', 'sentiment': 'negative'}, {'aspect': 'hutan', 'opinion': 'gundul', 'sentiment': 'negative'}]","( suhu udara, sudah mulai panas, negative ) ; ( hutan, gundul, negative )",28,True,"[{'entity': 'B-NNO', 'score': 0.9835857, 'index': 0, 'word': 'ĠHal', 'start': 0, 'end': 3}, {'entity': 'B-ART', 'score': 0.9988036, 'index': 1, 'word': 'Ġitu', 'start': 4, 'end': 7}, {'entity': 'B-VBP', 'score': 0.9959369, 'index': 2, 'word': 'Ġdisampaikan', 'start': 8, 'end': 19}, {'entity': 'B-CSN', 'score': 0.9796968, 'index': 3, 'word': 'Ġlantaran', 'start': 20, 'end': 28}, {'entity': 'B-NNO', 'score': 0.9964211, 'index': 4, 'word': 'Ġsuhu', 'start': 29, 'end': 33}, {'entity': 'B-NNO', 'score': 0.99851733, 'index': 5, 'word': 'Ġudara', 'start': 34, 'end': 39}, {'entity': 'B-PPO', 'score': 0.9995161, 'index': 6, 'word': 'Ġdi', 'start': 40, 'end': 42}, {'entity': 'B-NNP', 'score': 0.9292334, 'index': 7, 'word': 'ĠKaltim', 'start': 43, 'end': 49}, {'entity': 'B-ADK', 'score': 0.99936, 'index': 8, 'word': 'Ġsudah', 'start': 50, 'end': 55}, {'entity': 'B-VBI', 'score': 0.9452411, 'index': 9, 'word': 'Ġmulai', 'start': 56, 'end': 61}, {'entity': 'B-ADJ', 'score': 0.9973398, 'index': 10, 'word': 'Ġpanas', 'start': 62, 'end': 67}, {'entity': 'B-NNO', 'score': 0.9805355, 'index': 11, 'word': 'Ġimbas', 'start': 68, 'end': 73}, {'entity': 'B-NNO', 'score': 0.97844636, 'index': 12, 'word': 'Ġhutan', 'start': 74, 'end': 79}, {'entity': 'B-NNO', 'score': 0.5140587, 'index': 13, 'word': 'Ġgundul', 'start': 80, 'end': 86}, {'entity': 'B-PPO', 'score': 0.9995141, 'index': 14, 'word': 'Ġdi', 'start': 87, 'end': 89}, {'entity': 'B-KUA', 'score': 0.99811435, 'index': 15, 'word': 'Ġsejumlah', 'start': 90, 'end': 98}, {'entity': 'B-NNO', 'score': 0.9966473, 'index': 16, 'word': 'Ġwilayah', 'start': 99, 'end': 106}, {'entity': 'B-SYM', 'score': 0.9993799, 'index': 17, 'word': 'Ġ.', 'start': 107, 'end': 108}]",True,3
""" Kerinduan itu terjawab tatkala Bapak hadir di sini . Masyarakat gegap gempita menyambut Bapak sejak turun dari Bandara Atung Bungsu tadi , "" jelas nya .",ekstraksi triplet aste :,"[{'aspect': 'Kerinduan', 'opinion': 'terjawab', 'sentiment': 'positive'}, {'aspect': 'Masyarakat', 'opinion': 'gegap gempita menyambut', 'sentiment': 'positive'}]","[{'aspect': 'Kerinduan', 'opinion': 'terjawab', 'sentiment': 'positive'}, {'aspect': 'Masyarakat', 'opinion': 'gegap gempita', 'sentiment': 'positive'}]","[{'aspect': 'Kerinduan', 'opinion': 'terjawab', 'sentiment': 'positive'}, {'aspect': 'Masyarakat', 'opinion': 'gegap gempita', 'sentiment': 'positive'}]","[{'aspect': 'Kerinduan', 'opinion': 'terjawab', 'sentiment': 'positive'}, {'aspect': 'Masyarakat', 'opinion': 'gegap gempita', 'sentiment': 'positive'}]","[{'aspect': 'Kerinduan', 'opinion': 'terjawab', 'sentiment': 'positive'}, {'aspect': 'Masyarakat', 'opinion': 'gegap gempita', 'sentiment': 'positive'}]","( Kerinduan, terjawab, positive ) ; ( Masyarakat, gegap gempita, positive )",47,True,"[{'entity': 'B-SYM', 'score': 0.999548, 'index': 0, 'word': 'Ġ""', 'start': 0, 'end': 1}, {'entity': 'B-NNO', 'score': 0.9901382, 'index': 1, 'word': 'ĠKer', 'start': 2, 'end': 5}, {'entity': 'B-NNO', 'score': 0.98492104, 'index': 2, 'word': 'induan', 'start': 5, 'end': 11}, {'entity': 'B-ART', 'score': 0.998553, 'index': 3, 'word': 'Ġitu', 'start': 12, 'end': 15}, {'entity': 'B-VBP', 'score': 0.4037503, 'index': 4, 'word': 'Ġterjawab', 'start': 16, 'end': 24}, {'entity': 'B-CSN', 'score': 0.53761506, 'index': 5, 'word': 'Ġtatkala', 'start': 25, 'end': 32}, {'entity': 'B-NNO', 'score': 0.9911576, 'index': 6, 'word': 'ĠBapak', 'start': 33, 'end': 38}, {'entity': 'B-VBI', 'score': 0.9471604, 'index': 7, 'word': 'Ġhadir', 'start': 39, 'end': 44}, {'entity': 'B-PPO', 'score': 0.99673945, 'index': 8, 'word': 'Ġdi', 'start': 45, 'end': 47}, {'entity': 'B-PRN', 'score': 0.8683846, 'index': 9, 'word': 'Ġsini', 'start': 48, 'end': 52}, {'entity': 'B-SYM', 'score': 0.9995122, 'index': 10, 'word': 'Ġ.', 'start': 53, 'end': 54}, {'entity': 'B-NNO', 'score': 0.9976398, 'index': 11, 'word': 'ĠMasyarakat', 'start': 55, 'end': 65}, {'entity': 'B-NNO', 'score': 0.8956267, 'index': 12, 'word': 'Ġg', 'start': 66, 'end': 67}, {'entity': 'B-NNO', 'score': 0.7753663, 'index': 13, 'word': 'egap', 'start': 67, 'end': 71}, {'entity': 'B-ADJ', 'score': 0.586748, 'index': 14, 'word': 'Ġgemp', 'start': 72, 'end': 76}, {'entity': 'B-NNO', 'score': 0.8668021, 'index': 15, 'word': 'ita', 'start': 76, 'end': 79}, {'entity': 'B-VBT', 'score': 0.9894447, 'index': 16, 'word': 'Ġmenyambut', 'start': 80, 'end': 89}, {'entity': 'B-NNO', 'score': 0.98452365, 'index': 17, 'word': 'ĠBapak', 'start': 90, 'end': 95}, {'entity': 'B-PPO', 'score': 0.99490863, 'index': 18, 'word': 'Ġsejak', 'start': 96, 'end': 101}, {'entity': 'B-VBI', 'score': 0.7889331, 'index': 19, 'word': 'Ġturun', 'start': 102, 'end': 107}, {'entity': 'B-PPO', 'score': 0.9991084, 'index': 20, 'word': 'Ġdari', 'start': 108, 'end': 112}, {'entity': 'B-NNO', 'score': 0.99696285, 'index': 21, 'word': 'ĠBandara', 'start': 113, 'end': 120}, {'entity': 'B-NNP', 'score': 0.9659948, 'index': 22, 'word': 'ĠAt', 'start': 121, 'end': 123}, {'entity': 'B-NNP', 'score': 0.9626753, 'index': 23, 'word': 'ung', 'start': 123, 'end': 126}, {'entity': 'B-NNP', 'score': 0.98381156, 'index': 24, 'word': 'ĠBung', 'start': 127, 'end': 131}, {'entity': 'B-NNP', 'score': 0.9774253, 'index': 25, 'word': 'su', 'start': 131, 'end': 133}, {'entity': 'B-NNP', 'score': 0.94722074, 'index': 26, 'word': 'Ġtadi', 'start': 134, 'end': 138}, {'entity': 'B-SYM', 'score': 0.99951756, 'index': 27, 'word': 'Ġ,', 'start': 139, 'end': 140}, {'entity': 'B-SYM', 'score': 0.99957174, 'index': 28, 'word': 'Ġ""', 'start': 141, 'end': 142}, {'entity': 'B-VBT', 'score': 0.9920547, 'index': 29, 'word': 'Ġjelas', 'start': 143, 'end': 148}, {'entity': 'B-PRK', 'score': 0.9243481, 'index': 30, 'word': 'Ġnya', 'start': 149, 'end': 152}, {'entity': 'B-SYM', 'score': 0.99951303, 'index': 31, 'word': 'Ġ.', 'start': 153, 'end': 154}]",True,3
